title,doc_number,cust_ref,revision,discipline,class,subtype,source_sheet,discipline_inferred,score,top_weight,confidence,runner_up,runner_up_score
"PHSER REVIEW AND CLOSEOUT (III, IV AND V)",6569-01-001-M1242-004-01,30-99-97-XXXX,,ENGG HSE,Documents,Reports,package b schdule.xls,,6,4,medium,CRS,0
DESIGN CALCULATION FOR STANDARD INSERT PLATES,6569-10-100-C1310-001-01,30-99-83-1601,,CIVIL,Documents,Calculations,package b schdule.xls,,5,5,high,Specifications,3
DESIGN CALCULATION OF LIFTING HOOK FOR PRECAST ELEMENTS,6569-10-100-C1320-001-01,30-99-83-1602,,CIVIL,Documents,Calculations,package b schdule.xls,,5,5,high,CRS,0
PIPELINE DESIGN BASIS,6569-10-100-C1366-001-01,30-76-91-1601,C,PIPNG,Documents,Reports,package b schdule.xls,,5,5,high,CRS,0
INSPECTION PLAN FOR WELL HEAD CONTROL PANEL INSTALLATION WORKS PROCEDURE,6569-10-100-D1139-009-01,30-99-90-1637,,ENGG QA/QC,Documents,Procedures_Plans,package b schdule.xls,PROJECTS,8,5,high,CRS,0
AS BUILT - PROCEDURE,6569-10-100-D1139-010-01,30-99-90-1811,,ENGG QA/QC,Documents,Procedures_Plans,package b schdule.xls,PROJECTS,5,5,high,CRS,0
METHOD STATEMENT FOR INSTALLATION AND COMMISSIONING  OF GL WELL CATHODIC PROTECTION SYSTEM,6569-10-100-D1139-011-01,30-99-90-1815,,ENGG QA/QC,Documents,Procedures_Plans,package b schdule.xls,ELEC,5,5,high,CRS,0
METHOD STATMENT FOR SHAH MSM,6569-10-100-D1139-012-01,29-99-90-1602,,ENGG QA/QC,Documents,Procedures_Plans,package b schdule.xls,,5,5,high,CRS,0
PROCEDURE QUALIFICATION RECORD FOR PROCESS PIPING WELDING - SHOP & FIELD (PQR-P-06-16,6569-10-100-D1139-013-01,30-99-97-1722,,ENGG QA/QC,Documents,Procedures_Plans,package b schdule.xls,PIPNG,5,5,high,CRS,0
WELDING PROCEDURE SPECIFICATION FOR PROCESS PIPING WELDING (CS) - SHOP & FIELD WPS-P-06-16 (With PWHT),6569-10-100-D1139-014-01,30-99-97-1723,,ENGG QA/QC,Documents,Procedures_Plans,package b schdule.xls,PIPNG,5,5,high,Specifications,5
METHOD STATEMENT FOR INSTALLATION AND,6569-10-100-D1139-015-01,58-99-90-1603,,ENGG QA/QC,Documents,Procedures_Plans,package b schdule.xls,PROJECTS,5,5,high,CRS,0
MS FOR ERECTION AND DISMANTLING OF SCAFFOLDING,6569-10-100-D1139-016-01,29-99-90-1604,,ENGG QA/QC,Documents,Procedures_Plans,package b schdule.xls,,4,4,medium,CRS,0
PROCESS DESIGN BASIS,6569-10-100-D1222-001-01,30-99-91-1601,1,PROC,Documents,Reports,package b schdule.xls,,5,5,high,CRS,0
P&ID (TYP) LIFT GAS MANIFOLD AT RDS-5,6569-10-100-D1225-001-01,14-15-08-1628,,PROC,Drawings,Drawings,package b schdule.xls,PROC,5,5,high,CRS,0
Residual Engineering Activity for GL wells Construction Only,6569-10-100-D1229-001-01,30-99-11-1601,,PROC,Documents,Documents,package b schdule.xls,,4,4,medium,CRS,0
Residual Engineering Activity for WDW wells Construction Only,6569-10-100-D1229-002-01,30-99-11-1602,,PROC,Documents,Documents,package b schdule.xls,,4,4,medium,CRS,0
RESIDUAL ENGINEERING ACTIVITY FOR GL WELLS CONSTRUCTION ONLY,6569-10-100-D1229-003-01,14-99-11-1611,,INST,Documents,Documents,package b schdule.xls,,4,4,medium,CRS,0
RESIDUAL ENGINEERING ACTIVITY FOR WDW WELLS CONSTRUCTION ONLY,6569-10-100-D1229-004-01,14-99-11-1612,,INST,Documents,Documents,package b schdule.xls,,4,4,medium,CRS,0
Residual Engineering Activity for GL wells Construction Only,6569-10-100-D1229-005-01,14-99-11-1609,,PIPNG,Documents,Documents,package b schdule.xls,,4,4,medium,CRS,0
Residual Engineering Activity for WDW wells Construction Only,6569-10-100-D1229-006-01,14-99-11-1610,,PIPNG,Documents,Documents,package b schdule.xls,,4,4,medium,CRS,0
STANDARD DRAWING TYPICAL SLOPE STABILIZATION DETAILS,6569-10-100-D1310-001-01,30-99-76-1611,1,CIVIL,Drawings,Drawings,package b schdule.xls,,13,5,high,Specifications,3
STANDARD DRAWING TYPICAL DETAILS OF CABLE DUCT BANK (CAST-IN-SITU),6569-10-100-D1310-002-01,30-99-76-1612,A,CIVIL,Drawings,Drawings,package b schdule.xls,,13,5,high,Specifications,3
Residual Engineering Activity for WDW wells Construction Only,6569-10-100-D1310-003-01,30-99-11-1603,,CIVIL,Documents,Documents,package b schdule.xls,,4,4,medium,CRS,0
Residual Engineering Activity for GL wells Construction Only,6569-10-100-D1310-004-01,30-99-11-1604,,CIVIL,Documents,Documents,package b schdule.xls,,4,4,medium,CRS,0
STANDARD DRAWING TYPICAL DETAILS OF CABLE ROUTE MARKERS AND POST,6569-10-100-D1317-001-01,30-99-76-1604,A,CIVIL,Drawings,Drawings,package b schdule.xls,,17,5,high,Specifications,3
STANDARD DRAWING TYPICAL DETAIL OF RC PAVINGS,6569-10-100-D1317-002-01,30-99-76-1613,1,CIVIL,Drawings,Drawings,package b schdule.xls,,13,5,high,Specifications,3
STANDARD DRAWING TYPICAL DETAIL OF ELECTRICAL EARTH PIT,6569-10-100-D1317-003-01,30-99-76-1614,1,CIVIL,Drawings,Drawings,package b schdule.xls,ELEC,13,5,high,Specifications,3
STANDARD DRAWING TYPICAL DETAIL OF DEEP WELL ELECTRICAL EARTH PIT,6569-10-100-D1317-004-01,30-99-76-1615,1,CIVIL,Drawings,Drawings,package b schdule.xls,ELEC,13,5,high,Specifications,3
STANDARD DRAWING SECURITY FENCING & GATE TYPE 1 FOR REMOTE DEGASSING STATIONS (RDS) (Page 1 of 6),6569-10-100-D1318-001-01,30-99-76-1617,1,CIVIL,Drawings,Drawings,package b schdule.xls,,9,5,high,Specifications,3
STANDARD DRAWING TYPICAL DETAIL OF LIFTING HOOK FOR PRECAST ELEMENT,6569-10-100-D1320-001-01,30-99-76-1605,1,CIVIL,Drawings,Drawings,package b schdule.xls,,13,5,high,Specifications,3
STANDARD DRAWING TYPICAL DETAILS FOR INSERT PLATES,6569-10-100-D1320-002-01,30-99-76-1616,1,CIVIL,Drawings,Drawings,package b schdule.xls,,13,5,high,Specifications,3
STANDARD DRAWING FOUNDATION AND REINFORCMENT DETAILS FOR INSTRUMENTATION INSTALLATION,6569-10-100-D1320-003-01,30-99-76-1618,A,CIVIL,Drawings,Drawings,package b schdule.xls,CIVIL,15,5,high,Specifications,3
STANDARD DRAWING FOUNDATION AND REINFORCEMENT DEATAILS FOR ELECTRICAL INSTALLATION,6569-10-100-D1320-004-01,30-99-76-1619,A,CIVIL,Drawings,Drawings,package b schdule.xls,CIVIL,13,5,high,Specifications,3
STANDARD DRAWING FOUNDATION AND REINFORCEMENT DETAILS FOR TELECOM INSTALLATIONS,6569-10-100-D1320-005-01,30-99-76-1620,A,CIVIL,Drawings,Drawings,package b schdule.xls,CIVIL,15,5,high,Specifications,3
TYPICAL DETAILS FOR CRASH BARRIER AND BOLLARDS,6569-10-100-D1320-006-01,30-99-76-1621,,CIVIL,Drawings,Drawings,package b schdule.xls,,4,2,low,CRS,0
TYPICAL DETAILS FOR TRAFFIC BARRIER FOR HYDRANT,6569-10-100-D1320-007-01,30-99-76-1622,A,CIVIL,Drawings,Drawings,package b schdule.xls,,4,2,low,CRS,0
TYPICAL DETAILS PROTECTIVE PIPE BARRIERS WELLHEAD AREA,6569-10-100-D1320-008-01,30-99-76-1624,A,CIVIL,Drawings,Drawings,package b schdule.xls,,4,2,low,CRS,0
STANDARD DRAWING TYPICAL DETAIL OF POLE AND FOUNDATION FOR HSE SIGN BOARDS,6569-10-100-D1320-009-01,30-70-76-1625,,CIVIL,Drawings,Drawings,package b schdule.xls,HSE,17,5,high,Specifications,3
TYPICAL PIPELINE SLEEPER (TYPE-1) DETAILS AT BENDS IN SABKHA AREA (FOR SINGLE PIPELINE),6569-10-100-D1320-010-01,30-99-76-1626,,CIVIL,Drawings,Drawings,package b schdule.xls,,4,2,low,CRS,0
TYPICAL PIPELINE SLEEPER (TYPE-2A & 2B) DETAILS AT BENDS IN SABKHA AREA (FOR MULTIPLE PIPELINE),6569-10-100-D1320-011-01,30-99-76-1626,,CIVIL,Drawings,Drawings,package b schdule.xls,,4,2,low,CRS,0
TYPICAL PIPELINE SLEEPER (TYPE-3) DETAILS AT BENDS IN SABKHA AREA (FOR SINGLE PIPELINE),6569-10-100-D1320-012-01,30-99-76-1626,,CIVIL,Drawings,Drawings,package b schdule.xls,,4,2,low,CRS,0
"TYPICAL PIPELINE SLEEPER (TYPE-4, 5 & 6) DETAILS AT BENDS IN SABKHA AREA (FOR SINGLE PIPELINE)",6569-10-100-D1320-013-01,30-99-76-1626,,CIVIL,Drawings,Drawings,package b schdule.xls,,4,2,low,CRS,0
STANDARD DRAWING TYPICAL DETAILS FOR PROTECTION OF UG CABLE SERVICES AT ROAD CROSSINGS,6569-10-100-D1330-001-01,30-99-76-1603,A,CIVIL,Drawings,Drawings,package b schdule.xls,,13,5,high,Specifications,3
STANDARD DRAWING TYPICAL DETAILS FOR HANDRAIL,6569-10-100-D1330-003-01,30-99-76-1607,1,CIVIL,Drawings,Drawings,package b schdule.xls,,13,5,high,Specifications,3
STANDARD DRAWING TYPICAL DETAILS  FOR STRUCTURAL STEEL LADDER (Page 1 of 2),6569-10-100-D1330-004-01,30-99-76-1608,1,CIVIL,Drawings,Drawings,package b schdule.xls,CIVIL,13,5,high,Specifications,3
STANDARD DRAWING TYPICAL DETAILS FOR GRATING & STAIR TREDS,6569-10-100-D1330-005-01,30-99-76-1609,1,CIVIL,Drawings,Drawings,package b schdule.xls,,13,5,high,Specifications,3
STANDARD DRAWING MEMBER LIST,6569-10-100-D1330-006-01,30-99-76-1610,1,CIVIL,Drawings,Drawings,package b schdule.xls,,9,5,high,Lists_MTOs_BOMs,3
STANDARD DRAWING FOR ANCHOR BOLT DETAILS,6569-10-100-D1330-007-01,30-99-76-1623,A,CIVIL,Drawings,Drawings,package b schdule.xls,,11,5,high,Specifications,3
STANDARD DRAWING ANCHOR BOLT DETAILS,6569-10-100-D1330-008-01,30-96-76-1623,,CIVIL,Drawings,Drawings,package b schdule.xls,,11,5,high,Specifications,3
STANDARD DRAWING ANCHOR BOLT DETAILS,6569-10-100-D1330-008-02,30-96-76-1623,,CIVIL,Drawings,Drawings,package b schdule.xls,,11,5,high,Specifications,3
PIPING STANDARD DRAWINGS,6569-10-100-D1360-001-01,30-99-23-1601,,PIPNG,Drawings,Drawings,package b schdule.xls,PIPNG,9,5,high,Specifications,3
TYPICAL DETAILS OF PIPELINE IDENTIFICATION SLABS,6569-10-100-D1360-002-01,30-99-23-1631,1,PIPNG,Drawings,Drawings,package b schdule.xls,,4,2,low,CRS,0
TYPICAL DETAILS OF UNDERGROUND CABLE CROSSING,6569-10-100-D1360-003-01,30-99-23-1632,1,PIPNG,Drawings,Drawings,package b schdule.xls,,4,2,low,CRS,0
TYPICAL DETAIL OF OVERHEAD POWER LINE CROSSING,6569-10-100-D1360-004-01,30-99-23-1633,1,PIPNG,Drawings,Drawings,package b schdule.xls,,4,2,low,CRS,0
TYPICAL RIG CROSSING OVER BURIED PIPELINE & CABLES,6569-10-100-D1360-005-01,30-99-23-1634,1,PIPNG,Drawings,Drawings,package b schdule.xls,,2,2,low,CRS,0
TYPICAL DETAILS OF PIPELINE ROAD / SAND TRACK CROSSING,6569-10-100-D1360-006-01,30-99-23-1635,1,PIPNG,Drawings,Drawings,package b schdule.xls,,4,2,low,CRS,0
TYPICAL DETAILS OF  ASPHALT  ROAD CROSSING,6569-10-100-D1360-007-01,30-99-23-1636,1,PIPNG,Drawings,Drawings,package b schdule.xls,,4,2,low,CRS,0
TYPICAL PIPELINE MARKER & WARNING NOTICE,6569-10-100-D1360-008-01,30-99-23-1637,1,PIPNG,Drawings,Drawings,package b schdule.xls,,2,2,low,CRS,0
TYPICAL DETAILS ACCESS FOR ROAD / TRACK/RIG,6569-10-100-D1360-009-01,30-99-23-1638,1,PIPNG,Drawings,Drawings,package b schdule.xls,,4,2,low,CRS,0
TYPICAL DETAILS OF  CONCRETE SAFETY BARRIERS,6569-10-100-D1360-010-01,30-99-23-1639,1,PIPNG,Drawings,Drawings,package b schdule.xls,HSE,4,2,low,CRS,0
TYPICAL DETAILS OF  UNDERGROUND PIPE CROSSING,6569-10-100-D1360-011-01,30-99-23-1640,1,PIPNG,Drawings,Drawings,package b schdule.xls,,4,2,low,CRS,0
TYPICAL MARKER POST AND WARNING NOTICE DETAIL FOR SURFACE LAID FLOW LINES,6569-10-100-D1360-012-01,30-99-23-1641,1,PIPNG,Drawings,Drawings,package b schdule.xls,,4,2,low,CRS,0
TYPICAL PIPELINE R.O.W DIMENSIONS,6569-10-100-D1360-013-01,30-99-23-1643,1,PIPNG,Drawings,Drawings,package b schdule.xls,,2,2,low,CRS,0
TYPICAL PIPELINE TRENCH DETAILS,6569-10-100-D1360-014-01,30-99-23-1644,1,PIPNG,Drawings,Drawings,package b schdule.xls,,4,2,low,CRS,0
TYPICAL DETAILS OF  ASPHALT ROAD CROSSING FOR ABOVE GROUND PIPELINE  /  FLOWLINE,6569-10-100-D1360-015-01,30-99-23-1646,1,PIPNG,Drawings,Drawings,package b schdule.xls,,4,2,low,CRS,0
TYPICAL RIG CROSSING OVER FOR ABOVE GROUND PIPELINE / FLOWLINE,6569-10-100-D1360-016-01,30-99-23-1647,1,PIPNG,Drawings,Drawings,package b schdule.xls,,2,2,low,CRS,0
TYPICAL TRACK CROSSING DETAIL FOR ABOVE GROUND PIPELINE / FLOWLINES,6569-10-100-D1360-017-01,30-99-23-1648,1,PIPNG,Drawings,Drawings,package b schdule.xls,,4,2,low,CRS,0
TYPICAL DETAIL FOR SURFACE LAID PIPELINE CROSSING EXISTING SURFACE LAID PIPELINE,6569-10-100-D1360-018-01,30-99-23-1649,1,PIPNG,Drawings,Drawings,package b schdule.xls,,4,2,low,CRS,0
TYPICAL OVERHEAD POWERLINE CROSSING DETAIL FOR ABOVE GROUND PIPELINE / FLOWLINES,6569-10-100-D1360-019-01,30-99-23-1650,1,PIPNG,Drawings,Drawings,package b schdule.xls,,4,2,low,CRS,0
TYPICAL PIPE HURDLES SUPPORT DETAILS IN SABKHA AREA FOR PIPELINE / FLOWLINES,6569-10-100-D1360-020-01,30-99-23-1651,1,PIPNG,Drawings,Drawings,package b schdule.xls,,4,2,low,CRS,0
TYPICAL DETAILS OF PIPELINE CONSTRUCTION IN SABKHA AREA,6569-10-100-D1360-021-01,30-99-23-1652,B,PIPNG,Drawings,Drawings,package b schdule.xls,,4,2,low,CRS,0
ROW CROSSING OVER ABOVE GROUND PIPELINES,6569-10-100-D1360-022-01,30-99-23-1653,1,PIPNG,Undefined,Documents,package b schdule.xls,,0,0,low,CRS,0
TYPICAL DETAILS FOR ROAD / TRACK CROSSING FOR GRE PIPELINES,6569-10-100-D1360-023-01,30-99-23-1655,,PIPNG,Drawings,Drawings,package b schdule.xls,,4,2,low,CRS,0
DATA SHEET FOR MSM,6569-10-100-D1362-001-01,29-99-40-1614,1,INST,Documents,Datasheets,package b schdule.xls,,5,5,high,CRS,0
ELECTRICAL INSTALLATION DETAILS - POWER,6569-10-100-D1382-001-01,30-99-67-1611,B,ELEC,Drawings,Drawings,package b schdule.xls,,2,2,low,CRS,0
ELECTRICAL INSTALLATION DETAILS - EARTHING,6569-10-100-D1384-001-01,30-99-67-1612,2,ELEC,Drawings,Drawings,package b schdule.xls,ELEC,2,2,low,CRS,0
"STANDARD DRAWING GENERAL NOTES, ABBREVIATION AND LEGEND
 FOR CIVIL WORK (PAGE 2 OF 2)",6569-10-100-G1310-001-01,30-99-76-1601,1,CIVIL,Drawings,Drawings,package b schdule.xls,CIVIL,9,5,high,Specifications,6
"STANDARD DRAWING GENERAL NOTES, ABBREVATIONS AND LEGEND FOR STUCTURAL STEEL WORKS",6569-10-100-G1330-001-01,30-99-76-1602,1,CIVIL,Drawings,Drawings,package b schdule.xls,CIVIL,9,5,high,Specifications,6
SITE VISIT REPORT,6569-10-100-M1139-108-01,29-99-11-1601,,ENGG QA/QC,Documents,Reports,package b schdule.xls,,5,5,high,CRS,0
"PROPOSED WELDING PROCEDURE SPECIFICATION (PWPS-PL-04-16) For PIPELINE WELDING-X52 (ø6""x 11.0 mm)",6569-10-100-M1139-396-01,30-99-97-1810,,ENGG QA/QC,Documents,Procedures_Plans,package b schdule.xls,PROJECTS,5,5,high,Specifications,5
"PROPOSED WELDING PROCEDURE SPECIFICATION (PWPS-PL-07-16) For PIPELINE WELDING-X52 (ø6""x 12.7 mm)",6569-10-100-M1139-397-01,30-99-97-1811,,ENGG QA/QC,Documents,Procedures_Plans,package b schdule.xls,PROJECTS,5,5,high,Specifications,5
"PROPOSED WELDING PROCEDURE SPECIFICATION  (PWPS-PL-08-16) For PIPELINE WELDING-X52 (ø3""x 11.6 mm)",6569-10-100-M1139-398-01,30-99-97-1812,,ENGG QA/QC,Documents,Procedures_Plans,package b schdule.xls,PROJECTS,5,5,high,Specifications,5
MAGNETIC PARTICLE EXAMINATION PROCEDURE STRUCTURAL STEEL FABRICATION,6569-10-100-M1139-399-01,30-99-97-1801,,ENGG QA/QC,Documents,Procedures_Plans,package b schdule.xls,CIVIL,5,5,high,CRS,0
"PROPOSED WELDING PROCEDURE SPECIFICATION (PWPS-PL-23-16) For CS PIPELINE TO FITTING WELDING (6""x11mm) API 5L GR.X52 to MSS-SP",6569-10-100-M1139-546-01,30-99-97-1826,,ENGG QA/QC,Documents,Procedures_Plans,package b schdule.xls,PROJECTS,5,5,high,Specifications,5
ASAB CONSTRUCTION DOCUMENT,6569-10-100-M1139-547-01,14-99-90-1703,,ENGG QA/QC,Documents,Documents,package b schdule.xls,,4,4,medium,CRS,0
ASAB CONSTRUCTION DOCUMENT,6569-10-100-M1139-548-01,14-99-90-1705,,ENGG QA/QC,Documents,Documents,package b schdule.xls,,4,4,medium,CRS,0
ASAB CONSTRUCTION DOCUMENT,6569-10-100-M1139-549-01,14-99-90-1706,,ENGG QA/QC,Documents,Documents,package b schdule.xls,,4,4,medium,CRS,0
ASAB CONSTRUCTION DOCUMENT,6569-10-100-M1139-550-01,14-99-90-1707,,ENGG QA/QC,Documents,Documents,package b schdule.xls,,4,4,medium,CRS,0
ASAB CONSTRUCTION DOCUMENT,6569-10-100-M1139-551-01,14-99-90-1708,,ENGG QA/QC,Documents,Documents,package b schdule.xls,,4,4,medium,CRS,0
ASAB CONSTRUCTION DOCUMENT,6569-10-100-M1139-552-01,14-99-90-1709,,ENGG QA/QC,Documents,Documents,package b schdule.xls,,4,4,medium,CRS,0
ASAB CONSTRUCTION DOCUMENT,6569-10-100-M1139-553-01,14-99-90-1710,,ENGG QA/QC,Documents,Documents,package b schdule.xls,,4,4,medium,CRS,0
ASAB CONSTRUCTION DOCUMENT,6569-10-100-M1139-554-01,14-99-90-1711,,ENGG QA/QC,Documents,Documents,package b schdule.xls,,4,4,medium,CRS,0
ASAB CONSTRUCTION DOCUMENT,6569-10-100-M1139-555-01,14-99-90-1712,,ENGG QA/QC,Documents,Documents,package b schdule.xls,,4,4,medium,CRS,0
ASAB CONSTRUCTION DOCUMENT,6569-10-100-M1139-556-01,14-99-90-1713,,ENGG QA/QC,Documents,Documents,package b schdule.xls,,4,4,medium,CRS,0
ASAB CONSTRUCTION DOCUMENT,6569-10-100-M1139-557-01,14-99-90-1714,,ENGG QA/QC,Documents,Documents,package b schdule.xls,,4,4,medium,CRS,0
SHAH CONSTRUCTION DOCUMENT,6569-10-100-M1139-630-01,29-71-93-1614,,ENGG QA/QC,Documents,Documents,package b schdule.xls,,4,4,medium,CRS,0
SHAH CONSTRUCTION DOCUMENT,6569-10-100-M1139-631-01,29-71-93-1615,,ENGG QA/QC,Documents,Documents,package b schdule.xls,,4,4,medium,CRS,0
SHAH CONSTRUCTION DOCUMENT,6569-10-100-M1139-632-01,29-71-93-1616,,ENGG QA/QC,Documents,Documents,package b schdule.xls,,4,4,medium,CRS,0
SHAH CONSTRUCTION DOCUMENT,6569-10-100-M1139-633-01,29-71-93-1617,,ENGG QA/QC,Documents,Documents,package b schdule.xls,,4,4,medium,CRS,0
SHAH CONSTRUCTION DOCUMENT,6569-10-100-M1139-634-01,29-71-93-1618,,ENGG QA/QC,Documents,Documents,package b schdule.xls,,4,4,medium,CRS,0
SHAH CONSTRUCTION DOCUMENT,6569-10-100-M1139-635-01,29-71-93-1619,,ENGG QA/QC,Documents,Documents,package b schdule.xls,,4,4,medium,CRS,0
SHAH CONSTRUCTION DOCUMENT,6569-10-100-M1139-636-01,29-71-93-1620,,ENGG QA/QC,Documents,Documents,package b schdule.xls,,4,4,medium,CRS,0
SHAH CONSTRUCTION DOCUMENT,6569-10-100-M1139-637-01,29-71-93-1621,,ENGG QA/QC,Documents,Documents,package b schdule.xls,,4,4,medium,CRS,0
SHAH CONSTRUCTION DOCUMENT,6569-10-100-M1139-638-01,29-71-93-1622,,ENGG QA/QC,Documents,Documents,package b schdule.xls,,4,4,medium,CRS,0
SHAH CONSTRUCTION DOCUMENT,6569-10-100-M1139-639-01,29-71-93-1623,,ENGG QA/QC,Documents,Documents,package b schdule.xls,,4,4,medium,CRS,0
SHAH CONSTRUCTION DOCUMENT,6569-10-100-M1139-640-01,29-71-93-1624,,ENGG QA/QC,Documents,Documents,package b schdule.xls,,4,4,medium,CRS,0
SHAH CONSTRUCTION DOCUMENT,6569-10-100-M1139-641-01,29-71-93-1625,,ENGG QA/QC,Documents,Documents,package b schdule.xls,,4,4,medium,CRS,0
SHAH CONSTRUCTION DOCUMENT,6569-10-100-M1139-642-01,29-71-93-1626,,ENGG QA/QC,Documents,Documents,package b schdule.xls,,4,4,medium,CRS,0
SHAH CONSTRUCTION DOCUMENT,6569-10-100-M1139-643-01,29-71-93-1627,,ENGG QA/QC,Documents,Documents,package b schdule.xls,,4,4,medium,CRS,0
"WELDING PROCEDURE SPECIFICATION (WPS-PL-18-16) For CS PIPELINE TO FITTING WELDING (6""x11mm)",6569-10-100-M1139-644-01,30-99-97-1724,,ENGG QA/QC,Documents,Procedures_Plans,package b schdule.xls,PROJECTS,5,5,high,Specifications,5
"PROCEDURE QUALIFICATION RECORD (PQR-PL-18-16) For CS PIPELINE TO FITTING WELDING (6""x11mm)",6569-10-100-M1139-645-01,30-99-97-1725,,ENGG QA/QC,Documents,Procedures_Plans,package b schdule.xls,PROJECTS,5,5,high,CRS,0
Construction QA Documents,6569-10-100-M1139-666-01,58-71-93-1705,,ENGG QA/QC,Documents,Documents,package b schdule.xls,,4,4,medium,CRS,0
Procedure for Digitization of Radiographic Films for Asab/ Shah / Qusahwira Areas,6569-10-100-M1139-667-01,30-99-97-1733,,ENGG QA/QC,Documents,Procedures_Plans,package b schdule.xls,PROJECTS,5,5,high,CRS,0
CONSTRUCTION MATERIALS,6569-10-100-M1139-668-01,14-99-90-1731,,ENGG QA/QC,Undefined,Documents,package b schdule.xls,,0,0,low,CRS,0
CONSTRUCTION QA DOCUMENTS,6569-10-100-M1139-669-01,14-99-90-1732,,ENGG QA/QC,Documents,Documents,package b schdule.xls,,4,4,medium,CRS,0
"Method Statement For Installation of Mark Post, Road barrier & Flow line marker on existing / live flow lines.",6569-10-100-M1139-670-01,58-99-90-1628,,ENGG QA/QC,Documents,Procedures_Plans,package b schdule.xls,PROJECTS,5,5,high,CRS,0
Method Statement For Metallic Pipe Threaded Lines Fabrication & Installation,6569-10-100-M1139-671-01,58-71-93-1624,,ENGG QA/QC,Documents,Procedures_Plans,package b schdule.xls,PROJECTS,5,5,high,CRS,0
ITP for Threaded Lines – Qusahwira,6569-10-100-M1139-672-01,58-71-93-1625,,ENGG QA/QC,Documents,Procedures_Plans,package b schdule.xls,,4,4,medium,CRS,0
CONSTRUCTION MATERIAL DOSSIER,6569-10-100-M1139-673-01,29-99-23-1604,,ENGG QA/QC,Documents,Documents,package b schdule.xls,,4,4,medium,CRS,0
CONSTRUCTION QA DOCUMENT DOSSIER,6569-10-100-M1139-674-01,29-99-23-1605,,ENGG QA/QC,Documents,Documents,package b schdule.xls,,8,4,medium,CRS,0
PHSER III CLOSE OUT REPORT,6569-10-100-M1242-004-01,30-99-97-1612,,ENGG HSE,Documents,Reports,package b schdule.xls,,13,5,high,CRS,0
SY CDS,6569-10-100-M1242-005-01,29-01-93-1601,,ENGG QA/QC,Undefined,Documents,package b schdule.xls,,0,0,low,CRS,0
SY-RDS-1,6569-10-100-M1242-006-01,29-11-93-1601,,ENGG QA/QC,Undefined,Documents,package b schdule.xls,,0,0,low,CRS,0
SY-RDS-2,6569-10-100-M1242-007-01,29-12-93-1601,,ENGG QA/QC,Undefined,Documents,package b schdule.xls,,0,0,low,CRS,0
PHSER V REPORT,6569-10-100-M1242-008-01,30-99-97-1608,,ENGG HSE,Documents,Reports,package b schdule.xls,,9,5,high,CRS,0
PHASER V CLOSE-OUT REPORT,6569-10-100-M1242-009-01,30-99-97-1609,,ENGG HSE,Documents,Reports,package b schdule.xls,,5,5,high,CRS,0
PIPELINE TIE-IN SCHEDULE,6569-10-100-M1360-001-01,30-99-19-1601,A,PIPNG,Documents,Lists_MTOs_BOMs,package b schdule.xls,,6,4,medium,CRS,0
Water Disposal Flowlines Hydraulics Report (Sy 84 Well),6569-10-100-M1360-002-01,29-99-91-1603,,PIPNG,Documents,Reports,package b schdule.xls,PIPNG,5,5,high,CRS,0
Water Disposal Flowlines Hydraulics Report  (Sy Wdw),6569-10-100-M1360-003-01,29-99-91-1604,,PIPNG,Documents,Reports,package b schdule.xls,PIPNG,5,5,high,CRS,0
Updation Of Field Area Layout No. 112 For Shah Field.,6569-10-100-M1360-004-01,30-99-91-1720,,PIPNG,Drawings,Drawings,package b schdule.xls,,5,5,high,CRS,0
Updation Of Field Area Layout No. 112 For Shah Field.,6569-10-100-M1360-005-01,30-99-91-1721,,PIPNG,Drawings,Drawings,package b schdule.xls,,5,5,high,CRS,0
Updation Of Field Area Layout No. 112 For Shah Field.,6569-10-100-M1360-006-01,30-99-91-1722,,PIPNG,Drawings,Drawings,package b schdule.xls,,5,5,high,CRS,0
Updation Of Field Area Layout No. 112 For Shah Field.,6569-10-100-M1360-007-01,30-99-91-1723,,PIPNG,Drawings,Drawings,package b schdule.xls,,5,5,high,CRS,0
Pipe Support StandaRDS And Special Support Details .,6569-10-100-M1360-008-01,30-99-91-1724,,PIPNG,Drawings,Drawings,package b schdule.xls,,6,4,medium,Specifications,3
MANIFOLD EXTENSION FOR ASAB,6569-10-100-M2174-001-01,14-99-11-1620,,INST,Drawings,Drawings,package b schdule.xls,,4,4,medium,CRS,0
MANIFOLD EXTENSITON FOR QUSAHWIRA,6569-10-100-M2174-002-01,14-99-11-1613,,INST,Drawings,Drawings,package b schdule.xls,,4,4,medium,CRS,0
Residulal Engineering GL,6569-10-100-M2174-003-01,30-99-11-1605,,PIPNG,Documents,Documents,package b schdule.xls,,4,4,medium,CRS,0
Residulal Engineering WDW,6569-10-100-M2174-004-01,30-99-11-1606,,PIPNG,Documents,Documents,package b schdule.xls,,4,4,medium,CRS,0
SITE VISIT REPORT - SHAH,6569-10-100-R113Z-001-01,29-99-11-1602,A,ENGG MGMT,Documents,Reports,package b schdule.xls,,5,5,high,CRS,0
SITE VISIT REPORT,6569-10-100-R113Z-002-01,29-99-11-1603,,ENGG MGMT,Documents,Reports,package b schdule.xls,,5,5,high,CRS,0
SITE VISIT REPORT - SHAH,6569-10-100-R113Z-003-01,29-99-11-1604,,ENGG MGMT,Documents,Reports,package b schdule.xls,,5,5,high,CRS,0
SITE VISIT REPORT - ASAB,6569-10-100-R113Z-004-01,14-99-11-1602,,ENGG HSE,Documents,Reports,package b schdule.xls,,5,5,high,CRS,0
"SITE VISIT REPORT – SHAH (CDS, RDS-1 & RDS-2)",6569-10-100-R113Z-005-01,29-99-11-1635,,ELEC,Documents,Reports,package b schdule.xls,,5,5,high,CRS,0
MATERIAL REQUISITION FOR SAFETY SIGNS,6569-10-100-R1247-001-01,30-99-89-1602,,ENGG HSE,Documents,Documents,package b schdule.xls,HSE,10,5,high,CRS,0
MATERIAL REQUISITION FOR SAFETY SIGNS (RFC-3 & 4),6569-10-100-R1247-002-01,30-99-89-1603,,ENGG HSE,Documents,Documents,package b schdule.xls,HSE,10,5,high,CRS,0
MATERIAL REQUISTATION FOR CHAIN HOST,6569-10-100-R131Z-002-01,30-99-31-1603,,PACKAGE EQUIP,Documents,Documents,package b schdule.xls,,10,5,high,CRS,0
MATERIAL REQUISITION FOR PIPE,6569-10-100-R1362-001-01,30-99-93-1608,1,PIPNG,Documents,Documents,package b schdule.xls,,10,5,high,CRS,0
MATERIAL REQUISITION FOR PIPE(SS & SDSS) .,6569-10-100-R1362-002-01,30-99-93-1622,1,PIPNG,Documents,Documents,package b schdule.xls,,10,5,high,CRS,0
MATERIAL REQUISITION FOR  FITTINGS,6569-10-100-R1362-003-01,30-99-93-1610,1,PIPNG,Documents,Documents,package b schdule.xls,,10,5,high,CRS,0
MATERIAL REQUISITION FOR FLANGES & SPECTACLE BLINDS,6569-10-100-R1362-006-01,30-99-93-1612,1,PIPNG,Documents,Documents,package b schdule.xls,,10,5,high,CRS,0
MATERIAL REQUISITION FOR GASKET,6569-10-100-R1362-007-01,30-99-93-1607,1,PIPNG,Documents,Documents,package b schdule.xls,,10,5,high,CRS,0
MATERIAL REQUISITION FOR BOLTS & NUTS,6569-10-100-R1362-008-01,30-99-93-1609,1,PIPNG,Documents,Documents,package b schdule.xls,,10,5,high,CRS,0
"MATERIAL REQUISITION FOR GATE, GLOBE & CHECK VALVES (FORGED)",6569-10-100-R1362-009-01,30-99-93-1606,C,PIPNG,Documents,Documents,package b schdule.xls,,10,5,high,CRS,0
"MATERIAL REQUISITION FOR GATE, GLOBE & CHECK VALVES (CASTED)",6569-10-100-R1362-010-01,30-99-93-1605,1,PIPNG,Documents,Documents,package b schdule.xls,,10,5,high,CRS,0
MATERIAL REQUISITION FOR DUAL PLATE CHECK VALVES,6569-10-100-R1362-011-01,30-99-93-1602,1,PIPNG,Documents,Documents,package b schdule.xls,,10,5,high,CRS,0
MATERIAL REQUISITION FOR BALL VALVES,6569-10-100-R1362-012-01,30-99-93-1604,1,PIPNG,Documents,Documents,package b schdule.xls,,10,5,high,CRS,0
MATERIAL REQUISITION FOR DOUBLE BLOCK & BLEED VALVES,6569-10-100-R1362-013-01,30-99-93-1603,1,PIPNG,Documents,Documents,package b schdule.xls,,10,5,high,CRS,0
MATERIAL REQUISITION FOR ANGLE VALVE - QUSAHWIRA,6569-10-100-R1362-014-01,30-99-93-1617,,PIPNG,Documents,Documents,package b schdule.xls,,10,5,high,CRS,0
MATERIAL REQUISITION FOR STRAINERS,6569-10-100-R1362-017-01,30-99-93-1613,1,PIPNG,Documents,Documents,package b schdule.xls,,10,5,high,CRS,0
MATERIAL REQUISITION FOR ACCESS FITTINGS WITH CC & CP,6569-10-100-R1362-018-01,30-99-93-1615,1,PIPNG,Documents,Documents,package b schdule.xls,,10,5,high,CRS,0
MATERIAL REQUISITION FOR FLAME ARRESTER,6569-10-100-R1362-019-01,30-99-93-1614,1,PIPNG,Documents,Documents,package b schdule.xls,,10,5,high,CRS,0
MATERIAL REQUISITION FOR BIRD SCREEN,6569-10-100-R1362-022-01,30-99-93-1611,A,PIPNG,Documents,Documents,package b schdule.xls,,10,5,high,CRS,0
MATERIAL REQUISITION FOR HOSE COUPLING,6569-10-100-R1362-023-01,30-99-93-1616,1,PIPNG,Documents,Documents,package b schdule.xls,,10,5,high,CRS,0
TECHNICAL BID EVALUATION FOR CHEMICAL INJECTION QUILLS,6569-10-100-R1362-026-01,30-99-23-1617,,PIPNG,Documents,Reports,package b schdule.xls,,5,5,high,CRS,0
MATERIAL REQUISITION FOR LINE PIPE,6569-10-100-R1366-001-01,30-99-93-1601,1,PIPNG,Documents,Documents,package b schdule.xls,,10,5,high,CRS,0
MATERIAL REQUISITION FOR PIPELINE FITTINGS & FLANGES,6569-10-100-R1366-002-01,30-99-93-1618,1,PIPNG,Documents,Documents,package b schdule.xls,,10,5,high,CRS,0
MATERIAL REQUISTION  FOR PIPELINE ISOLATING JOINT,6569-10-100-R1366-003-01,30-99-93-1619,1,PIPNG,Documents,Documents,package b schdule.xls,,10,5,high,CRS,0
SPECIFICATION FOR PIPELINE FITTINGS & FLAGES,6569-10-100-R1366-004-01,30-76-12-1601,1,PIPNG,Documents,Specifications,package b schdule.xls,,5,5,high,CRS,0
MATERIAL REQUISITION FOR CHEMICAL INJECTION QUILLS,6569-10-100-R1366-007-01,30-99-93-1620,1,PIPNG,Documents,Documents,package b schdule.xls,,10,5,high,CRS,0
MATERIAL REQUISITION FOR ADAPTOR FLANGES,6569-10-100-R1366-008-01,30-99-93-1621,,PIPNG,Documents,Documents,package b schdule.xls,,10,5,high,CRS,0
MATERIAL REQUISITION FOR SOLAR POWER SYSTEM,6569-10-100-R1381-001-01,30-99-67-1601,2,ELEC,Documents,Documents,package b schdule.xls,,10,5,high,CRS,0
"MATERIAL REQUISITION FOR POWER, CONTROL AND EARTHING CABLES",6569-10-100-R1382-001-01,30-99-67-1602,,ELEC,Documents,Documents,package b schdule.xls,ELEC,10,5,high,CRS,0
MATERIAL REQUISITION FOR ELECTRICAL BULK MATERIALS,6569-10-100-R1382-002-01,30-99-67-1603,,ELEC,Documents,Documents,package b schdule.xls,,10,5,high,CRS,0
MATERIAL REQUISITION FOR EARTHING MATERIAL,6569-10-100-R1384-001-01,30-99-67-1604,,ELEC,Documents,Documents,package b schdule.xls,ELEC,10,5,high,CRS,0
MATERIAL REQUISITION FOR FO CABLE,6569-10-100-R1386-001-01,30-99-73-1601,,ELEC,Documents,Documents,package b schdule.xls,,10,5,high,CRS,0
PURCHASE REQUISITION FOR CATHODIC PROTECTION SYSTEM,6569-10-100-R1387-001-01,30-99-67-1605,3,ELEC,Documents,Documents,package b schdule.xls,ELEC,5,5,high,CRS,0
MATERIAL REQUISITION FOR OIL CORROSION INHIBITOR INJECTION PACKAGES (COMMON FOR ALL AREAS),6569-10-100-R1392-002-01,30-99-31-1601,C,PACKAGE EQUIP,Documents,Documents,package b schdule.xls,,10,5,high,CRS,0
MATERIAL REQUISITION FOR PASSIVE COOLING SHELTERS  (COMMON FOR ALL AREAS),6569-10-100-R1392-003-01,30-99-52-1633,,PACKAGE EQUIP,Documents,Documents,package b schdule.xls,,10,5,high,CRS,0
MATERIAL REQUISITION FOR PASSIVE COOLED SHELTERS,6569-10-100-R1393-002-01,30-99-52-1633,,INST,Documents,Documents,package b schdule.xls,,10,5,high,CRS,0
MATERIAL REQUISITION FOR WELL HEAD HYDRAULIC PANEL & WELL HEAD CONTROL PANEL,6569-10-100-R2171-001-01,30-99-52-1601,2,INST,Documents,Documents,package b schdule.xls,PIPNG,10,5,high,CRS,0
MATERIAL REQUISITION FOR PLC / RTU,6569-10-100-R2171-002-01,30-99-52-1602,1,INST,Documents,Documents,package b schdule.xls,,10,5,high,CRS,0
MATERIAL REQUISITION FOR MODIFICATION SCOPE OF WORK FOR ICSS SYSTEM,6569-10-100-R2171-003-01,30-99-52-1639,B,INST,Documents,Documents,package b schdule.xls,,10,5,high,Reports,4
MATERIAL REQUISITION FOR GAUGES,6569-10-100-R2173-001-01,30-99-52-1603,1,INST,Documents,Documents,package b schdule.xls,,10,5,high,CRS,0
MR FOR TEMPERATURE GAUGES  & THERMOWELL - ALL AREA,6569-10-100-R2173-002-01,30-99-52-1604,,INST,Documents,Documents,package b schdule.xls,,4,4,medium,CRS,0
MATERIAL REQUISITION FOR ELECTRONIC TRANSMITTERS,6569-10-100-R2173-003-01,30-99-52-1605,1,INST,Documents,Documents,package b schdule.xls,,10,5,high,CRS,0
MATERIAL REQUISITION FOR VORTEX FLOW METERS,6569-10-100-R2173-004-01,30-99-52-1606,1,INST,Documents,Documents,package b schdule.xls,,10,5,high,CRS,0
MATERIAL REQUISITION FOR VARIABLE AREA FLOW METERS,6569-10-100-R2173-005-01,30-99-52-1607,1,INST,Documents,Documents,package b schdule.xls,,10,5,high,CRS,0
MATERIAL REQUISITION FOR MAGNETIC FLOW METERS,6569-10-100-R2173-006-01,30-99-52-1608,1,INST,Documents,Documents,package b schdule.xls,,10,5,high,CRS,0
MATERIAL REQUISITION FOR ORIFICE PLATES,6569-10-100-R2173-007-01,30-99-52-1609,1,INST,Documents,Documents,package b schdule.xls,,10,5,high,CRS,0
MATERIAL REQUISITION FOR SHUTDOWN VALVES,6569-10-100-R2174-001-01,30-99-52-1610,1,INST,Documents,Documents,package b schdule.xls,,10,5,high,CRS,0
MATERIAL REQUISITION FOR SURFACE SAFETY VALVES,6569-10-100-R2174-002-01,30-99-52-1611,1,INST,Documents,Documents,package b schdule.xls,HSE,10,5,high,CRS,0
MATERIAL REQUISITION FOR MOTORISED CHOKE VALVES,6569-10-100-R2174-003-01,30-99-52-1612,1,INST,Documents,Documents,package b schdule.xls,,10,5,high,CRS,0
MATERIAL REQUISITION FOR CONTROL VALVES,6569-10-100-R2174-004-01,30-99-52-1613,1,INST,Documents,Documents,package b schdule.xls,,10,5,high,CRS,0
MR FOR MANUAL OPERATED CHOKE VALVE-ALL AREA,6569-10-100-R2174-005-01,30-99-52-1635,1,INST,Documents,Documents,package b schdule.xls,,9,5,high,CRS,0
MATERIAL REQUISITION FOR MULTIPORT SELECTOR MANIFOLD,6569-10-100-R2174-006-01,30-99-52-1636,1,INST,Documents,Documents,package b schdule.xls,,10,5,high,CRS,0
MATERIAL REQUISITION FOR INSTRUMENT CABLES,6569-10-100-R2178-001-01,30-99-52-1614,1,INST,Documents,Documents,package b schdule.xls,INST,10,5,high,CRS,0
"MR FOR INST. BULK MATERIAL (JBS, TUBE/FITTINGS, CABLE TRAYS AND SUPPORT)",6569-10-100-R2178-002-01,30-99-52-1615,B,INST,Documents,Documents,package b schdule.xls,,4,4,medium,CRS,0
MATERIAL REQUISITION FOR FIRE & GAS DETECTORS AND DEVICES,6569-10-100-R2179-001-01,30-99-52-1616,B,INST,Documents,Documents,package b schdule.xls,HSE,10,5,high,CRS,0
MATERIAL REQUISITION FOR EMERGENCY SHUTDOWN PUSH BUTTONS,6569-10-100-R2179-002-01,30-99-52-1641,1,INST,Documents,Documents,package b schdule.xls,,10,5,high,CRS,0
SPECIFICATION FOR SAFETY EQUIPMENT’S AND SAFETY SIGNS,6569-10-100-S1241-001-01,30-99-84-1601,,ENGG HSE,Documents,Specifications,package b schdule.xls,HSE,5,5,high,CRS,0
DATA SHEET OF SAFETY EQUIPMENT AND WIND SOCKS,6569-10-100-S1241-002-01,30-99-85-1601,A,ENGG HSE,Documents,Datasheets,package b schdule.xls,HSE,5,5,high,CRS,0
HSE AND LOSS PREVENTION PHILOSOPHY,6569-10-100-S1242-001-01,30-99-97-1619,B,ENGG HSE,Documents,Procedures_Plans,package b schdule.xls,HSE,5,5,high,CRS,0
DESIGN HSE PLAN,6569-10-100-S1242-002-01,30-99-97-1623,1,ENGG HSE,Documents,Procedures_Plans,package b schdule.xls,HSE,3,3,medium,CRS,0
CIVIL/STRUCTURAL DESIGN BASIS,6569-10-100-S1310-001-01,30-99-75-1601,1,CIVIL,Documents,Reports,package b schdule.xls,CIVIL,5,5,high,CRS,0
PIPING DESIGN BASIS,6569-10-100-S1360-001-01,30-99-12-1604,1,PIPNG,Documents,Reports,package b schdule.xls,PIPNG,5,5,high,CRS,0
PIPE SUPPORT SPECIFICATIONS,6569-10-100-S1360-002-01,30-99-12-1607,B,PIPNG,Documents,Specifications,package b schdule.xls,,5,5,high,Drawings,4
SPECIFICATION FOR PIPING STRESS ANALYSIS,6569-10-100-S1360-003-01,30-99-12-1603,1,PIPNG,Documents,Specifications,package b schdule.xls,PIPNG,5,5,high,Calculations,4
"SPECIFICATION FOR PIPE, FITTINGS AND FLANGES",6569-10-100-S1360-004-01,30-99-12-1605,1,PIPNG,Documents,Specifications,package b schdule.xls,,5,5,high,CRS,0
SPECIFICATION FOR BOLTS AND GASKETS,6569-10-100-S1360-005-01,30-99-12-1609,1,PIPNG,Documents,Specifications,package b schdule.xls,,5,5,high,CRS,0
SPECIFICATION FOR WELDING OF CARBON STEEL PIPLINE,6569-10-100-S1360-008-01,30-99-12-1612,1,PIPNG,Documents,Specifications,package b schdule.xls,,5,5,high,CRS,0
SPECIFICATION FOR PIPING VALVES,6569-10-100-S1360-014-01,30-99-12-1601,2,PIPNG,Documents,Specifications,package b schdule.xls,PIPNG,5,5,high,CRS,0
PIPING MATERIAL SPECIFICATION,6569-10-100-S1360-015-01,30-99-12-1606,B,PIPNG,Documents,Specifications,package b schdule.xls,PIPNG,5,5,high,CRS,0
PIPELINE SCHEDULE,6569-10-100-S1360-016-01,30-76-17-1602,,PIPNG,Documents,Lists_MTOs_BOMs,package b schdule.xls,,2,2,low,CRS,0
DATASHEETS FOR DUAL PLATE CHECK VALVES,6569-10-100-S1362-004-01,30-99-18-1601,,PIPNG,Documents,Datasheets,package b schdule.xls,,5,5,high,CRS,0
DATASHEETS FOR ANGLE VALVES - QUSAHWIRA,6569-10-100-S1362-007-01,58-71-18-1601,,PIPNG,Documents,Datasheets,package b schdule.xls,,5,5,high,CRS,0
"DATA SHEET FOR GATE, GLOBE & CHECK VALVES (CAST)",6569-10-100-S1362-008-01,30-99-18-1604,,PIPNG,Documents,Datasheets,package b schdule.xls,,5,5,high,CRS,0
"DATA SHEET FOR GATE, GLOBE & CHECK VALVES (FORGED)",6569-10-100-S1362-009-01,30-99-18-1605,,PIPNG,Documents,Datasheets,package b schdule.xls,,5,5,high,CRS,0
DATA SHEETS FOR STRAINERS,6569-10-100-S1362-010-01,30-99-18-1611,1,PIPNG,Documents,Datasheets,package b schdule.xls,,5,5,high,CRS,0
DATASHEETS FOR ACCESS FITTING WITH CC & CP,6569-10-100-S1362-011-01,30-99-18-1609,1,PIPNG,Documents,Datasheets,package b schdule.xls,,5,5,high,CRS,0
DATASHEETS FOR FLAME ARRESTORS,6569-10-100-S1362-012-01,30-99-18-1610,1,PIPNG,Documents,Datasheets,package b schdule.xls,,5,5,high,CRS,0
DATASHEETS FOR INSULATION GASKETS,6569-10-100-S1362-014-01,30-99-18-1618,1,PIPNG,Documents,Datasheets,package b schdule.xls,,5,5,high,CRS,0
DATASHEETS FOR HOSE COUPLINGS,6569-10-100-S1362-015-01,30-99-18-1616,1,PIPNG,Documents,Datasheets,package b schdule.xls,,5,5,high,CRS,0
"DATASHEETS FOR GATE, GLOBE, CHECK VALVES (FORGED) - ASAB",6569-10-100-S1362-017-01,14-99-18-1610,,PIPNG,Documents,Datasheets,package b schdule.xls,,5,5,high,CRS,0
"DATASHEETS FOR GATE, GLOBE, CHECK VALVES (CAST) - ASAB",6569-10-100-S1362-018-01,14-99-18-1611,,PIPNG,Documents,Datasheets,package b schdule.xls,,5,5,high,CRS,0
DATASHEETS FOR DUAL PLATE CHECK VALVES - ASAB,6569-10-100-S1362-019-01,14-99-18-1612,,PIPNG,Documents,Datasheets,package b schdule.xls,,5,5,high,CRS,0
DATA SHEETS FOR DOUBLE BLOCK & BLEED VALVES - ASAB,6569-10-100-S1362-020-01,14-99-18-1613,,PIPNG,Documents,Datasheets,package b schdule.xls,,5,5,high,CRS,0
"DATASHEETS FOR GATE, GLOBE, CHECK VALVES (FORGED) - SHAH",6569-10-100-S1362-021-01,29-99-18-1605,,PIPNG,Documents,Datasheets,package b schdule.xls,,5,5,high,CRS,0
"DATASHEETS FOR GATE, GLOBE, CHECK VALVES (CAST) - SHAH",6569-10-100-S1362-022-01,29-99-18-1606,,PIPNG,Documents,Datasheets,package b schdule.xls,,5,5,high,CRS,0
DATASHEETS FOR DUAL PLATE CHECK VALVES - SHAH,6569-10-100-S1362-023-01,29-99-18-1607,,PIPNG,Documents,Datasheets,package b schdule.xls,,5,5,high,CRS,0
DATA SHEETS FOR DOUBLE BLOCK & BLEED VALVES - SHAH,6569-10-100-S1362-024-01,29-99-18-1608,,PIPNG,Documents,Datasheets,package b schdule.xls,,5,5,high,CRS,0
"DATASHEETS FOR GATE, GLOBE, CHECK VALVES (FORGED) - QUSAHWIRA",6569-10-100-S1362-025-01,58-99-18-1605,,PIPNG,Documents,Datasheets,package b schdule.xls,,5,5,high,CRS,0
"DATASHEETS FOR GATE, GLOBE, CHECK VALVES (CAST) - QUSAHWIRA",6569-10-100-S1362-026-01,58-99-18-1606,,PIPNG,Documents,Datasheets,package b schdule.xls,,5,5,high,CRS,0
DATASHEETS FOR DUAL PLATE CHECK VALVES - QUSAHWIRA,6569-10-100-S1362-027-01,58-99-18-1607,,PIPNG,Documents,Datasheets,package b schdule.xls,,5,5,high,CRS,0
DATA SHEETS FOR DOUBLE BLOCK & BLEED VALVES - QUSAHWIRA,6569-10-100-S1362-028-01,58-99-18-1608,,PIPNG,Documents,Datasheets,package b schdule.xls,,5,5,high,CRS,0
DATA SHEET FOR LINEPIPES (SEAMLESS),6569-10-100-S1366-001-01,30-76-18-1601,3,PIPNG,Documents,Datasheets,package b schdule.xls,,5,5,high,CRS,0
DATA SHEETS FOR PIPLINE FITTINGS AND FLANGES,6569-10-100-S1366-005-01,30-99-18-1602,1,PIPNG,Documents,Datasheets,package b schdule.xls,,5,5,high,CRS,0
SPECIFICATION FOR PIPELINE ISOLATING JOINT,6569-10-100-S1366-006-01,30-99-12-1608,B,PIPNG,Documents,Specifications,package b schdule.xls,,5,5,high,CRS,0
DATA SHEET FOR PIPELINE ISOLATING JOINTS,6569-10-100-S1366-007-01,30-99-18-1608,1,PIPNG,Documents,Datasheets,package b schdule.xls,,5,5,high,CRS,0
SPECIFICATION FOR EXTERNAL THREE LAYER POLYPROPYLENE COATING,6569-10-100-S1366-009-01,30-76-37-1601,2,PIPNG,Documents,Specifications,package b schdule.xls,,5,5,high,CRS,0
SPECIFICATION FOR FIELD JOINT COATING OF POLYPROPYLENE COATED LINE PIPE,6569-10-100-S1366-010-01,30-76-37-1602,2,PIPNG,Documents,Specifications,package b schdule.xls,,5,5,high,CRS,0
SPECIFICATION. FOR GRE PIPES & FITTINGS,6569-10-100-S1366-011-01,30-78-12-1608,1,PIPNG,Documents,Specifications,package b schdule.xls,,5,5,high,CRS,0
SPECIFICATION FOR PIPELINE PRESERVATION,6569-10-100-S1366-013-01,30-78-12-1610,,PIPNG,Documents,Specifications,package b schdule.xls,,5,5,high,CRS,0
SPECIFICATION FOR PIPELINE PRESERVATION,6569-10-100-S1366-015-01,30-99-12-1610,,PIPNG,Documents,Specifications,package b schdule.xls,,5,5,high,CRS,0
SPECIFICATION FOR ISO 3183/API 5L SEAMLESS LINE PIPE FOR CRITICAL SERVICES,6569-10-100-S1366-016-01,30-99-12-1602,1,PIPNG,Documents,Specifications,package b schdule.xls,,5,5,high,Isometrics,2
SPECIFICATION FOR PIPELINE CONSTRUCTION,6569-10-100-S1366-018-01,30-76-12-1606,1,PIPNG,Documents,Specifications,package b schdule.xls,,5,5,high,CRS,0
PIPELINE HYDROSTATIC TESTING SPECIFICATION,6569-10-100-S1366-020-01,30-76-12-1604,1,PIPNG,Documents,Specifications,package b schdule.xls,,5,5,high,CRS,0
"SPECIFICATION FOR HANDLING, TRANSPORTATION & STOCKPILING OF LINE PIPE",6569-10-100-S1366-021-01,30-76-12-1605,1,PIPNG,Documents,Specifications,package b schdule.xls,,5,5,high,CRS,0
INSTRUMENT DESIGN BASIS,6569-10-100-S1370-001-01,30-99-39-1605,1,INST,Documents,Reports,package b schdule.xls,INST,5,5,high,CRS,0
SIL VERIFICATION REPORT - GENERAL (WHERE APPLICABLE),6569-10-100-S1370-002-01,30-99-97-1617,,INST,Documents,Reports,package b schdule.xls,,5,5,high,CRS,0
DATA SHEET FOR DIFFERENTIAL PRESSURE GAUGES - ASAB AREA,6569-10-100-S1373-001-01,14-99-40-1615,1,INST,Documents,Datasheets,package b schdule.xls,,5,5,high,CRS,0
DATA SHEET FOR MANUAL OPERATED CHOKE VALVE-ALL AREA,6569-10-100-S1374-001-01,30-99-40-1601,1,INST,Documents,Datasheets,package b schdule.xls,,5,5,high,Documents,5
SPECIFICATION FOR MANUAL OPERATED CHOKE VALVE-ALL AREA,6569-10-100-S1374-002-01,30-99-39-1601,1,INST,Documents,Documents,package b schdule.xls,,5,5,high,Specifications,5
DATA SHEETS FOR HAND CONTROL VALVE,6569-10-100-S1374-003-01,30-99-40-1602,,PIPNG,Documents,Datasheets,package b schdule.xls,,5,5,high,CRS,0
SPECIFICATION FOR ON/OFF VALVE ACTUATOR,6569-10-100-S1374-004-01,30-99-39-1607,,INST,Documents,Specifications,package b schdule.xls,,5,5,high,CRS,0
ELECTRICAL DESIGN BASIS,6569-10-100-S1380-001-01,30-99-91-1603,2,ELEC,Documents,Reports,package b schdule.xls,,5,5,high,CRS,0
SPECIFICATION FOR SOLAR POWER SYSTEM,6569-10-100-S1381-001-01,30-99-53-1602,,ELEC,Documents,Specifications,package b schdule.xls,,5,5,high,CRS,0
DATASHEET FOR HIGH VOLTAGE JB FOR ESP PUMP,6569-10-100-S1381-002-01,29-71-54-1601,,ELEC,Documents,Datasheets,package b schdule.xls,MECH,5,5,high,CRS,0
"SPECIFICATION FOR MV POWER, LV POWER, CONTROL AND EARTHING CABLES",6569-10-100-S1382-001-01,30-99-53-1601,1,ELEC,Documents,Specifications,package b schdule.xls,ELEC,5,5,high,CRS,0
SPECIFICATION FOR ELECTRICAL BULK MATERIALS,6569-10-100-S1382-002-01,30-99-53-1603,1,ELEC,Documents,Specifications,package b schdule.xls,,5,5,high,CRS,0
"DATA SHEET FOR MV/LV  POWER , CONTROL AND EARTHING CABLES",6569-10-100-S1382-003-01,30-99-54-1601,B,ELEC,Documents,Datasheets,package b schdule.xls,ELEC,5,5,high,CRS,0
FIBER OPTIC CABLE SPECIFICATION,6569-10-100-S1386-001-01,30-99-69-1601,,ELEC,Documents,Specifications,package b schdule.xls,,5,5,high,CRS,0
SPECIFICATION FOR CATHODIC PROTECTION DESIGN & INSTALLATION,6569-10-100-S1387-001-01,30-99-53-1604,,ELEC,Documents,Specifications,package b schdule.xls,ELEC,5,5,high,CRS,0
HSE ACTION TRACKING REGISTER,6569-10-100-T1242-001-01,30-99-97-1621,,ENGG HSE,Documents,Lists_MTOs_BOMs,package b schdule.xls,HSE,3,3,medium,CRS,0
HAZARDS & EFFECTS REGISTER,6569-10-100-T1242-002-01,30-99-97-1626,,ENGG HSE,Documents,Lists_MTOs_BOMs,package b schdule.xls,,3,3,medium,CRS,0
SIMOPS REPORT AND CONSTRUCTBILITY REVIEW REPORT,6569-10-100-T1242-003-01,30-99-97-1616,,ENGG HSE,Documents,Reports,package b schdule.xls,,12,5,high,CRS,0
CONSTRUCTABILITY REVIEW REPORT (SESSION-1),6569-10-100-T1242-006-01,30-99-97-1602,,ENGG HSE,Documents,Reports,package b schdule.xls,,7,5,high,CRS,0
HAZARD & EFFECT REGISTER,6569-10-100-T1242-009-01,30-99-97-1627,,ENGG HSE,Documents,Reports,package b schdule.xls,,5,5,high,Lists_MTOs_BOMs,3
HAZOP REPORT,6569-10-100-T1250-001-01,30-99-97-1622,,ENGG HSE,Documents,Reports,package b schdule.xls,HSE,10,5,high,CRS,0
"HAZID CLOSE-OUT REPORT (Incase of changes from Existing Typical Design, if required)",6569-10-100-T1250-002-01,30-99-97-1606,,ENGG HSE,Documents,Reports,package b schdule.xls,HSE,10,5,high,Drawings,2
"HAZOP STUDY REPORT (Incase of changes from Existing Typical Design, if required)",6569-10-100-T1250-003-01,30-99-97-1613,,ENGG HSE,Documents,Reports,package b schdule.xls,HSE,13,5,high,Drawings,2
"Hazop Close-Out Report (Session-1) (Incase of changes from Existing Typical Design, if required)",6569-10-100-T1250-004-01,30-99-97-1610,,ENGG HSE,Documents,Reports,package b schdule.xls,HSE,10,5,high,Drawings,2
HAZID CLOSE OUT REPORT,6569-10-100-T1250-013-01,30-99-97-1630,,ENGG HSE,Documents,Reports,package b schdule.xls,HSE,14,5,high,CRS,0
TECHNICAL BID EVALUATION FOR MANUALLY OPERATED CHOKE VALVES,6569-10-100-T1274-001-01,38-99-52-1636,,PIPNG,Documents,Reports,package b schdule.xls,,5,5,high,CRS,0
TBE FOR PIPE,6569-10-100-T1362-001-01,30-99-23-1608,1,PIPNG,Documents,Reports,package b schdule.xls,,4,4,medium,CRS,0
TECHNICAL BID EVALUATION FOR PIPE FITTINGS,6569-10-100-T1362-003-01,30-99-23-1610,2,PIPNG,Documents,Reports,package b schdule.xls,,5,5,high,CRS,0
TECHNICAL BID EVALUATION FOR PIPE FLANGES & SPECTACLE BLINDS,6569-10-100-T1362-006-01,30-99-23-1612,B,PIPNG,Documents,Reports,package b schdule.xls,,5,5,high,CRS,0
TECHNICAL BID EVALUATION FOR GASKETS,6569-10-100-T1362-007-01,30-99-23-1607,A,PIPNG,Documents,Reports,package b schdule.xls,,5,5,high,CRS,0
TECHNICAL BID EVALUATION FOR BOLTS & NUTS,6569-10-100-T1362-008-01,30-99-23-1609,B,PIPNG,Documents,Reports,package b schdule.xls,,5,5,high,CRS,0
"TECHNICAL BID EVALUATION FOR GATE, GLOBE, CHECK VALVES(FORGED)",6569-10-100-T1362-009-01,30-99-23-1606,1,PIPNG,Documents,Reports,package b schdule.xls,,5,5,high,CRS,0
"TECHNICAL BID EVALUATION FOR  GATE, GLOBE AND CHECK VALVES (CAST)",6569-10-100-T1362-010-01,30-99-23-1605,2,PIPNG,Documents,Reports,package b schdule.xls,,5,5,high,CRS,0
TECHNICAL BID EVALUATION FOR DUAL PLATE CHECK VALVES,6569-10-100-T1362-011-01,30-99-23-1602,3,PIPNG,Documents,Reports,package b schdule.xls,,5,5,high,CRS,0
TECHNICAL BID EVALUATION FOR BALL VALVES,6569-10-100-T1362-012-01,30-99-23-1604,1,PIPNG,Documents,Reports,package b schdule.xls,,5,5,high,CRS,0
TECHNICAL BID EVALUATION FOR DOUBLE BLOCK AND BLEED VALVES,6569-10-100-T1362-013-01,30-99-23-1603,1,PIPNG,Documents,Reports,package b schdule.xls,,5,5,high,CRS,0
TBE FOR ANGLE VALVE - QUSAHWIRA,6569-10-100-T1362-014-01,58-71-23-1616,,PIPNG,Documents,Reports,package b schdule.xls,,4,4,medium,CRS,0
TECHNICAL BID EVALUATION FOR STRAINERS,6569-10-100-T1362-017-01,30-99-23-1613,1,PIPNG,Documents,Reports,package b schdule.xls,,5,5,high,CRS,0
TECHNICAL BID EVALUATION FOR ACCESS FITTINGS WITH CC & CP,6569-10-100-T1362-018-01,30-99-23-1615,A,PIPNG,Documents,Reports,package b schdule.xls,,5,5,high,CRS,0
TECHNICAL BID EVALUATION FOR FLAME ARRESTERS,6569-10-100-T1362-019-01,30-99-23-1614,A,PIPNG,Documents,Reports,package b schdule.xls,,5,5,high,CRS,0
TECHNICAL BID EVALUATION FOR FLANGE ADAPTORS,6569-10-100-T1362-021-01,30-99-23-1625,,PIPNG,Documents,Reports,package b schdule.xls,,5,5,high,CRS,0
TBE FOR BIRD SCREEN,6569-10-100-T1362-022-01,30-99-23-1611,,PIPNG,Documents,Reports,package b schdule.xls,,4,4,medium,CRS,0
TECHNICAL BID EVALUATION FOR HOSE COUPLINGS,6569-10-100-T1362-023-01,30-99-23-1616,A,PIPNG,Documents,Reports,package b schdule.xls,,5,5,high,CRS,0
TBE FOR MSM,6569-10-100-T1362-024-01,30-99-23-1629,,PIPNG,Documents,Reports,package b schdule.xls,,4,4,medium,CRS,0
TECHNICAL BID EVALUATION FOR MULTIPORT SELECTOR MANIFOLD,6569-10-100-T1362-025-01,30-99-52-1637,2,INST,Documents,Reports,package b schdule.xls,,5,5,high,CRS,0
TECHNICAL BID EVALUATION FOR LINEPIPE (SEAMLESS),6569-10-100-T1366-001-01,30-76-23-1601,3,PIPNG,Documents,Reports,package b schdule.xls,,5,5,high,CRS,0
TBE FOR PIPELINE FITTINGS & FLANGES,6569-10-100-T1366-002-01,30-99-23-1618,A,PIPNG,Documents,Reports,package b schdule.xls,,4,4,medium,CRS,0
TBE FOR PIPELINE ISOLATING JOINT,6569-10-100-T1366-003-01,30-99-23-1619,1,PIPNG,Documents,Reports,package b schdule.xls,,4,4,medium,CRS,0
TBE FOR LINE PIPE FIELD JOINT COATING(FOR 3LPP),6569-10-100-T1366-006-01,30-99-23-1620,A,PIPNG,Documents,Reports,package b schdule.xls,,4,4,medium,CRS,0
"TECHNICAL BID EVALUATION FOR GATE, GLOBE AND CHECK VALVES (FORGED)",6569-10-100-T1366-009-01,30-99-23-1623,1,PIPNG,Documents,Reports,package b schdule.xls,,5,5,high,CRS,0
TECHNICAL BID EVALUATION FOR NEEDLE VALVES,6569-10-100-T1366-010-01,30-99-23-1624,,PIPNG,Documents,Reports,package b schdule.xls,,5,5,high,CRS,0
TECHNICAL BID EVALUATION FOR RESTRICTION ORIFICE,6569-10-100-T1366-011-01,30-99-23-1626,,PIPNG,Documents,Reports,package b schdule.xls,,5,5,high,CRS,0
TECHNICAL BID EVALUATION FOR HIGH VOLTAGE JB OF ESP PUMP,6569-10-100-T1381-001-01,30-99-67-1606,,ELEC,Documents,Reports,package b schdule.xls,MECH,5,5,high,CRS,0
TBE REPORT FOR FO CABLE,6569-10-100-T1386-001-01,30-99-73-1604,,ELEC,Documents,Reports,package b schdule.xls,,9,5,high,CRS,0
TBE REPORT FOR FO EQUIPMENT,6569-10-100-T1386-002-01,30-99-73-1605,A,ELEC,Documents,Reports,package b schdule.xls,,9,5,high,CRS,0
TBE REPORT FOR WIRELESS EQUIPMENT,6569-10-100-T1386-003-01,30-99-73-1606,,ELEC,Documents,Reports,package b schdule.xls,,9,5,high,CRS,0
TBE FOR OIL CORROSION INHIBITOR INJECTION PACKAGE FOR SHAH & QUSAHWIRA AREA,6569-10-100-T1392-001-01,30-99-31-1602,B,PACKAGE EQUIP,Documents,Reports,package b schdule.xls,,4,4,medium,CRS,0
TBE OF PASSIVE COOLING SHELTERS FOR ASAB & QUSHAWIRA AREAS,6569-10-100-T1393-002-01,30-99-52-1634,B,PACKAGE EQUIP,Documents,Reports,package b schdule.xls,,4,4,medium,CRS,0
TBE FOR WELLHEAD HYDRAULIC PANEL & WELL HEAD CONTROL PANEL,6569-10-100-T2171-001-01,30-99-52-1617,2,INST,Documents,Reports,package b schdule.xls,PIPNG,4,4,medium,CRS,0
TBE FOR PLC / RTU,6569-10-100-T2171-002-01,30-99-52-1618,,INST,Documents,Reports,package b schdule.xls,,4,4,medium,CRS,0
TBE FOR GAUGES,6569-10-100-T2173-001-01,30-99-52-1619,B,INST,Documents,Reports,package b schdule.xls,,4,4,medium,CRS,0
TBE FOR TEMPERATURE GAUGES & THERMOWELL - ALL AREA,6569-10-100-T2173-002-01,30-99-52-1620,,INST,Documents,Reports,package b schdule.xls,,4,4,medium,CRS,0
TBE FOR ELECTRONIC TRANSMITTER - ALL AREA,6569-10-100-T2173-003-01,30-99-52-1621,,INST,Documents,Reports,package b schdule.xls,,4,4,medium,CRS,0
TBE FOR VORTEX FLOW METER - ALL AREA,6569-10-100-T2173-004-01,30-99-52-1622,B,INST,Documents,Reports,package b schdule.xls,,4,4,medium,CRS,0
TBE FOR VARIABLE AREA FLOW METERS,6569-10-100-T2173-005-01,30-99-52-1623,B,INST,Documents,Reports,package b schdule.xls,,4,4,medium,CRS,0
TBE FOR MAGNETIC FLOW METERS,6569-10-100-T2173-006-01,30-99-52-1624,B,INST,Documents,Reports,package b schdule.xls,,4,4,medium,CRS,0
TBE FOR ORIFICE PLATE WITH DPFT - ALL AREA,6569-10-100-T2173-007-01,30-99-52-1625,,INST,Documents,Reports,package b schdule.xls,,4,4,medium,CRS,0
TBE FOR ESD PUSH BUTTON,6569-10-100-T2173-008-01,30-99-52-1642,,INST,Documents,Reports,package b schdule.xls,INST,4,4,medium,CRS,0
TBE FOR SURFACE SAFETY VALVES,6569-10-100-T2174-001-01,30-99-52-1626,1,INST,Documents,Reports,package b schdule.xls,HSE,4,4,medium,CRS,0
TBE FOR SHUTDOWN VALVES,6569-10-100-T2174-002-01,30-99-52-1627,1,INST,Documents,Reports,package b schdule.xls,,4,4,medium,CRS,0
TBE FOR FOR MOTORISED CHOKE VALVE- ALL AREA,6569-10-100-T2174-003-01,30-99-52-1628,1,INST,Documents,Reports,package b schdule.xls,,4,4,medium,CRS,0
TBE FOR CONTROL VALVE,6569-10-100-T2174-004-01,30-99-52-1629,1,INST,Documents,Reports,package b schdule.xls,,4,4,medium,CRS,0
TECHNICAL BID EVALUATION FOR MANUALLY OPERATED  CHOKE VALVES,6569-10-100-T2174-005-01,30-99-52-1638,C,PIPNG,Documents,Reports,package b schdule.xls,,5,5,high,CRS,0
TBE FOR HAND CONTROL VALVES,6569-10-100-T2174-006-01,30-99-52-1643,B,INST,Documents,Reports,package b schdule.xls,,4,4,medium,CRS,0
TBE FOR INSTRUMENT CABLES - ALL AREA,6569-10-100-T2178-001-01,30-99-52-1630,A,INST,Documents,Reports,package b schdule.xls,INST,4,4,medium,CRS,0
TBE FOR INSTRUMENT BULK MATERIAL,6569-10-100-T2178-002-01,30-99-52-1631,A,INST,Documents,Reports,package b schdule.xls,INST,4,4,medium,CRS,0
TBE FOR FIRE & GAS DETECTORS AND DEVICES - ALL AREA,6569-10-100-T2179-001-01,30-99-52-1632,,INST,Documents,Reports,package b schdule.xls,HSE,4,4,medium,CRS,0
PIPING LAYOUT AREA –A9 GAS LIFT COMPLETION OIL WELL SB-098,6569-10-200-D1362-001-01,14-71-13-1731,,PIPNG,Drawings,Drawings,package b schdule.xls,PIPNG,5,5,high,CRS,0
PIPING LAYOUT AREA –B16 GAS LIFT COMPLETION OIL WELL SB-098,6569-10-200-D1362-002-01,14-71-13-1732,,PIPNG,Drawings,Drawings,package b schdule.xls,PIPNG,5,5,high,CRS,0
PIPING LAYOUT AREA –D4 GAS LIFT COMPLETION OIL WELL SB-098,6569-10-200-D1362-003-01,14-71-13-1734,1,PIPNG,Drawings,Drawings,package b schdule.xls,PIPNG,5,5,high,CRS,0
PIPING LAYOUT AREA –B10 GAS LIFT COMPLETION OIL WELL SB-018,6569-10-200-D1362-004-01,14-71-13-1736,1,PIPNG,Drawings,Drawings,package b schdule.xls,PIPNG,5,5,high,CRS,0
PIPING LAYOUT AREA –C10 GAS LIFT COMPLETION OIL WELL SB-018,6569-10-200-D1362-005-01,14-71-13-1737,1,PIPNG,Drawings,Drawings,package b schdule.xls,PIPNG,5,5,high,CRS,0
PIPING LAYOUT AREA –D1 GAS LIFT COMPLETION OIL WELL SB-018,6569-10-200-D1362-006-01,14-71-13-1738,1,PIPNG,Drawings,Drawings,package b schdule.xls,PIPNG,5,5,high,CRS,0
INSTRUMENT INDEX QUSAHWIRA AREA CDS,6569-10-200-S1371-001-01,58-01-48-1633,,INST,Documents,Lists_MTOs_BOMs,package b schdule.xls,INST,3,3,medium,CRS,0
INSTRUMENT I/O LIST QUSAHWIRA AREA CDS,6569-10-200-S1371-002-01,58-01-48-1649,,INST,Documents,Lists_MTOs_BOMs,package b schdule.xls,INST,8,5,high,CRS,0
CALCULATIONS FOR RTU SHED AND NITROGEN CYLINDER SHED IN WELLHEADS FOR ASAB FIELD.,6569-20-100-C1320-001-01,14-70-83-1609,,CIVIL,Documents,Calculations,package b schdule.xls,,5,5,high,CRS,0
CALCULATIONS FOR PIPE SUPPORTS FOR WELLHEADS FOR ASAB FIELD.,6569-20-100-C1323-001-01,14-70-83-1611,,CIVIL,Documents,Calculations,package b schdule.xls,,5,5,high,Drawings,4
CALCULATIONS FOR WINDSOCK SUPPORT POST FOUNDATION FOR WELLHEAD FOR ASAB FIELD.,6569-20-100-C1323-002-01,14-70-83-1612,,CIVIL,Documents,Calculations,package b schdule.xls,CIVIL,5,5,high,Drawings,4
CALCULATIONS FOR FOUNDATION RTU SHELTER  FOR ASAB FIELD.,6569-20-100-C1323-003-01,14-70-83-1613,,CIVIL,Documents,Calculations,package b schdule.xls,CIVIL,5,5,high,Drawings,4
CALCULATIONS FOR FOUNDATION RTU SHELTER,6569-20-100-C1323-004-01,14-70-83-1614,,CIVIL,Documents,Calculations,package b schdule.xls,CIVIL,5,5,high,Drawings,4
CALCULATIONS FOR FOUNDATION OF SUPPORT STRUCTURE SOLAR POWER SYSTEM  FOR ASAB FIELD.,6569-20-100-C1323-005-01,14-70-83-1615,,CIVIL,Documents,Calculations,package b schdule.xls,CIVIL,5,5,high,Drawings,4
CALCULATIONS FOR FOUNDATION DETAILS FOR VENT STACK SUPPORT FOR WELLHEADS FOR ASAB FIELD.,6569-20-100-C1323-006-01,14-70-83-1616,,CIVIL,Drawings,Drawings,package b schdule.xls,CIVIL,6,4,medium,Calculations,5
CALCULATIONS FOR FOUNDATION FOR NITROGEN CYLINDER SHED IN WELLHEADS FOR ASAB FIELD.,6569-20-100-C1323-007-01,14-70-83-1617,,CIVIL,Documents,Calculations,package b schdule.xls,CIVIL,5,5,high,Drawings,4
CALCULATIONS FOR FOUNDATION FOR NITROGEN CYLINDER SHED IN WELLHEADS,6569-20-100-C1323-008-01,14-70-83-1618,,CIVIL,Documents,Calculations,package b schdule.xls,CIVIL,5,5,high,Drawings,4
CALCULATIONS FOR FOUNDATION FOR  MISCELLANEOUS PALTFORMS IN WELLHEADS FOR ASAB FIELD.,6569-20-100-C1323-009-01,14-70-83-1619,,CIVIL,Documents,Calculations,package b schdule.xls,CIVIL,5,5,high,Drawings,4
CALCULATIONS FOR FOUNDATION FOR  MISCELLANEOUS PALTFORMS IN WELLHEADS  FOR ASAB FIELD,6569-20-100-C1323-010-01,14-70-83-1620,,CIVIL,Documents,Calculations,package b schdule.xls,CIVIL,5,5,high,Drawings,4
TYPICAL DESIGN CALCULATIONS FOR PIPE SUPPORTS IN WELL HEAD AREA,6569-20-100-C1323-011-01,14-70-83-1621,,CIVIL,Drawings,Drawings,package b schdule.xls,,6,4,medium,Calculations,5
CALCULATIONS FOR WHHP SHED FOR WELLHEADS FOR ASAB FIELD.,6569-20-100-C1330-001-01,14-70-83-1602,,CIVIL,Documents,Calculations,package b schdule.xls,,5,5,high,CRS,0
CALCULATIONS FOR CROSSOVER AT WELLHEADS FOR ASAB FIELD.,6569-20-100-C1330-002-01,14-70-83-1603,,CIVIL,Documents,Calculations,package b schdule.xls,,5,5,high,CRS,0
CALCULATIONS FOR CROSSOVER TYPE 2 & 3 FOR WELLHEADS FOR ASAB FIELD,6569-20-100-C1330-003-01,14-70-83-1604,,CIVIL,Documents,Calculations,package b schdule.xls,,5,5,high,CRS,0
CALCULATIONS FOR CROSSOVER TYPE 4 FOR WELLHEADS FOR ASAB FIELD,6569-20-100-C1330-004-01,14-70-83-1605,,CIVIL,Documents,Calculations,package b schdule.xls,,5,5,high,CRS,0
CALCULATIONS FOR WINDSOCK SUPPORT POST FOR WELLHEADS FOR ASAB FIELD.,6569-20-100-C1330-005-01,14-70-83-1607,,CIVIL,Documents,Calculations,package b schdule.xls,,5,5,high,CRS,0
CALCULATIONS OF VENT STACK SUPPORT & LADDER WELLHEADS FOR ASAB FIELD.,6569-20-100-C1330-006-01,14-70-83-1608,,CIVIL,Documents,Calculations,package b schdule.xls,,5,5,high,CRS,0
CALCULATIONS FOR MISCELLANEOUS PALTFORMS IN WELLHEADS FOR ASAB FIELD.,6569-20-100-C1330-007-01,14-70-83-1610,,CIVIL,Documents,Calculations,package b schdule.xls,,5,5,high,CRS,0
CALCULATIONS FOR CS TYPE PIPE SUPPORTS IN WELLHEADS FOR ASAB FIELD,6569-20-100-C1338-001-01,14-70-83-1606,,CIVIL,Documents,Calculations,package b schdule.xls,,5,5,high,Drawings,4
PIPE SUPPORTS TYPICAL FOUNDATION DETAILS FOR WELLHEADS,6569-20-100-D1310-001-01,14-70-76-1610,2,CIVIL,Drawings,Drawings,package b schdule.xls,CIVIL,12,4,medium,CRS,0
TYPICAL DETAILS FOUNDATION PLAN AND RC DETAILS WINDSOCK SUPPORT POST FOR WELLHEAD,6569-20-100-D1316-001-01,14-70-76-1612,1,CIVIL,Drawings,Drawings,package b schdule.xls,CIVIL,10,4,medium,Procedures_Plans,3
TYPICAL DETAILS GA & STRUCTURAL DETAILS FOR PLATFORM TYPE 1 & 2 FOR WELLHEADS,6569-20-100-D1320-001-01,14-70-76-1608,2,CIVIL,Drawings,Drawings,package b schdule.xls,CIVIL,9,3,medium,CRS,0
TYPICAL DETAILS GA AND DETAILS OF FOUNDATION FOR  MISCELLANEOUS PALTFORMS IN WELLHEADS FOR ASAB FIELD.,6569-20-100-D1320-002-01,14-70-76-1625,,CIVIL,Drawings,Drawings,package b schdule.xls,CIVIL,10,4,medium,CRS,0
TYPICAL DETAILS GA AND DETAILS DRAIN PIT FOR WELLHEADS FOR ASAB FIELD.,6569-20-100-D1323-001-01,14-70-76-1611,,CIVIL,Drawings,Drawings,package b schdule.xls,,6,2,low,CRS,0
TYPICAL DETAILS GA AND DETAILS OF FOUNDATION RTU  NITROGEN CYLINDER SHED  FOR ASAB FIELD.,6569-20-100-D1323-002-01,14-70-76-1614,,CIVIL,Drawings,Drawings,package b schdule.xls,CIVIL,10,4,medium,CRS,0
"TYPICAL DETAILS GA AND DETAILS OF FOUNDATION FOR CROSSOVER TYPE 1A, 1B, 1C, 2, 3 & 4 FOR WELLHEADS FOR ASAB FIELD.",6569-20-100-D1323-003-01,14-70-76-1615,1,CIVIL,Drawings,Drawings,package b schdule.xls,CIVIL,10,4,medium,CRS,0
TYPICAL DETAILS FOUNDATION DETAIL FOR SUPPORT STRUCTURE SOLAR POWER SYSTEM FOR GAS LIFT WELL,6569-20-100-D1323-004-01,14-70-76-1616,1,CIVIL,Drawings,Drawings,package b schdule.xls,CIVIL,10,4,medium,CRS,0
TYPICAL DETAILS FOUNDATION DETAILS FOR VENT STACK SUPPORT FOR WELLHEADS,6569-20-100-D1323-005-01,14-70-76-1617,1,CIVIL,Drawings,Drawings,package b schdule.xls,CIVIL,10,4,medium,CRS,0
TYPICAL DETAILS  FOUNDATION PLAN FOR SUPPORT STRUCTURE SOLAR POWER SYSTEM,6569-20-100-D1323-006-01,14-70-76-1618,,CIVIL,Drawings,Drawings,package b schdule.xls,CIVIL,8,4,medium,Procedures_Plans,3
TYPICAL DETAILS GA AND DETAILS OF FOUNDATION AND GRADE SLAB FOR RTU SHED FOR ASAB FIELD.,6569-20-100-D1323-007-01,14-70-76-1619,,CIVIL,Drawings,Drawings,package b schdule.xls,CIVIL,10,4,medium,CRS,0
TYPICAL DETAILS GA AND DETAILS OF FOUNDATION AND GRADE SLAB FOR RTU SHED,6569-20-100-D1323-008-01,14-70-76-1621,,CIVIL,Drawings,Drawings,package b schdule.xls,CIVIL,10,4,medium,CRS,0
TYPICAL DETAILS GA AND DETAILS OF FOUNDATION AND GRADE SLAB FOR NITROGEN CYLINDER SHED IN WELLHEADS,6569-20-100-D1323-009-01,14-70-76-1622,,CIVIL,Drawings,Drawings,package b schdule.xls,CIVIL,10,4,medium,CRS,0
TYPICAL DETAILS GA AND RC DETAILS OF ACCESS STOOL FOR WELLHEADS,6569-20-100-D1323-010-01,14-70-76-1623,1,CIVIL,Drawings,Drawings,package b schdule.xls,,6,2,low,CRS,0
TYPICAL DETAILS FOUNDATION DETAILS FOR 5M TELECOM MAST IN WELLHEADS,6569-20-100-D1323-011-01,14-70-76-1624,,CIVIL,Drawings,Drawings,package b schdule.xls,CIVIL,10,4,medium,CRS,0
TYPICAL DETAILS FOUNDATION DETAILS OF PIPE SUPPORTS PSF 4 AND PSF 21 FOR WELLHEADS,6569-20-100-D1323-012-01,14-70-76-1626,,CIVIL,Drawings,Drawings,package b schdule.xls,CIVIL,14,4,medium,CRS,0
TYPICAL DETAILS GA AND DETAILS OF FOUNDATION FOR  MISCELLANEOUS PALTFORMS IN WELLHEADS,6569-20-100-D1323-013-01,14-70-76-1627,,CIVIL,Drawings,Drawings,package b schdule.xls,CIVIL,10,4,medium,CRS,0
"DETAILS FOR CROSSOVERS, PIPE SUPPORTS AND PLATEFORM AT WELLHEAD QW- 80",6569-20-100-D1323-014-01,58-70-76-1628,,CIVIL,Drawings,Drawings,package b schdule.xls,,6,4,medium,CRS,0
Manifold Extension for ASAB,6569-20-100-D1323-015-01,14-10-83-1608,,CIVIL,Drawings,Drawings,package b schdule.xls,,4,4,medium,CRS,0
TYPICAL DETAILS GA AND DETAILS OF FOUNDATION FOR PASSIVE COOL SHELTER FOR INDIVIDUAL WELLS,6569-20-100-D1323-016-01,14-70-76-1629,1,CIVIL,Drawings,Drawings,package b schdule.xls,CIVIL,10,4,medium,CRS,0
TYPICAL DETAILS GA AND DETAIL OF FOUNDATION FOR SINGLE WHHP FOR GAS LIFT WELL,6569-20-100-D1323-017-01,14-70-76-1613,,CIVIL,Drawings,Drawings,package b schdule.xls,CIVIL,10,4,medium,CRS,0
TYPICAL DETAILS GA AND DETAIL OF FOUNDATION FOR SINGLE WHHP FOR GAS LIFT WELL,6569-20-100-D1323-017-02,14-70-76-1613,,CIVIL,Drawings,Drawings,package b schdule.xls,CIVIL,10,4,medium,CRS,0
"TYPICAL DETAILS GA AND STRUCTURAL DETAILS FOR CROSSOVER TYPE 1A, AB 1C FOR WELLHEADS",6569-20-100-D1330-001-01,14-70-76-1601,2,CIVIL,Drawings,Drawings,package b schdule.xls,CIVIL,9,3,medium,CRS,0
TYPICAL DETAILS GA PLANS AND DETAILS WHHP SHED FOR WELLHEAD,6569-20-100-D1330-002-01,14-70-76-1602,1,CIVIL,Drawings,Drawings,package b schdule.xls,,6,2,low,CRS,0
TYPICAL DETAILS GA AND STRUCTURAL DETAILS CROSSOVER TYPE 2 & 3 FOR WELLHEADS,6569-20-100-D1330-003-01,14-70-76-1603,,CIVIL,Drawings,Drawings,package b schdule.xls,CIVIL,9,3,medium,CRS,0
TYPICAL DETAILS GA AND STRUCTURE DETAILS CROSSOVER TYPE 4 FOR WELLHEADS,6569-20-100-D1330-004-01,14-70-76-1604,,CIVIL,Drawings,Drawings,package b schdule.xls,,6,2,low,CRS,0
TYPICAL DETAILS GA OF VENT STACK SUPPORT AND LADDER FOR WELLHEADS,6569-20-100-D1330-005-01,14-70-76-1606,B,CIVIL,Drawings,Drawings,package b schdule.xls,,8,4,medium,CRS,0
TYPICAL DETAILS GA AND DETAILS FOR RTU SHED AND NITROGEN CYLINDER SHED IN WELLHEADS FOR ASAB FIELD.,6569-20-100-D1330-006-01,14-70-76-1607,1,CIVIL,Drawings,Drawings,package b schdule.xls,,6,2,low,CRS,0
TYPICAL DETAIL GA AND DETAILS OF FOUNDATION WHHP SHED IN WELLHEADS,6569-20-100-D1330-007-01,14-70-76-1609,1,CIVIL,Drawings,Drawings,package b schdule.xls,CIVIL,10,4,medium,CRS,0
TYPICAL DETAILS GA AND DETAILS OF FOUNDATION WHHP SHED FOR WELLHEADS FOR ASAB FIELD.,6569-20-100-D1330-008-01,14-70-76-1613,,CIVIL,Drawings,Drawings,package b schdule.xls,CIVIL,10,4,medium,CRS,0
TYPICAL DETAIL GA & DETAILS OF FOUNDATION AND GRADE SLAB FOR NITROGEN CYLINDER SHED IN WELLHEADS,6569-20-100-D1330-009-01,14-70-76-1620,1,CIVIL,Drawings,Drawings,package b schdule.xls,CIVIL,10,4,medium,CRS,0
TYPICAL DETAILS GA AND STRUCTURAL DETAILS WINDSOCK SUPPORT POST FOR WELLHEADS FOR ASAB FIELD.,6569-20-100-D1338-001-01,14-70-76-1605,1,CIVIL,Drawings,Drawings,package b schdule.xls,CIVIL,9,3,medium,CRS,0
TYPICAL DESIGN CALCULATIONS FOR PIPE SUPPORTS IN WELL HEAD AREA  FOR ASAB FIELD.,6569-20-100-D1338-002-01,14-70-83-1601,,CIVIL,Drawings,Drawings,package b schdule.xls,,6,4,medium,Calculations,5
ICSS SYSTEM ARCHITECTURE DIAGRAM - ASAB AREA,6569-20-100-D1371-001-01,14-99-52-1601,B,INST,Drawings,Drawings,package b schdule.xls,,7,4,medium,CRS,0
TYPICAL INSTRUMENT INSTALLATION DRAWINGS - ASAB AREA,6569-20-100-D1378-001-01,14-99-46-1601,,INST,Drawings,Drawings,package b schdule.xls,INST,9,4,medium,CRS,0
INSTRUMENT PROCESS HOOK UP DRAWINGS - ASAB AREA,6569-20-100-D1378-002-01,14-99-46-1602,1,INST,Drawings,Drawings,package b schdule.xls,INST,11,4,medium,CRS,0
INSTRUMENT HYDRAULIC / PROCESS HOOK UP DRAWINGS - ASAB AREA,6569-20-100-D1378-003-01,14-99-46-1603,1,INST,Drawings,Drawings,package b schdule.xls,INST,11,4,medium,CRS,0
INSTRUMENT PNEUMATIC HOOK UP DRAWINGS - ASAB AREA,6569-20-100-D1378-004-01,14-99-46-1604,1,INST,Drawings,Drawings,package b schdule.xls,INST,11,4,medium,CRS,0
TYPICAL INSTRUMENT INSTALLATION DETAILS,6569-20-100-D1378-005-01,30-99-16-1601,,INST,Drawings,Drawings,package b schdule.xls,INST,4,2,low,CRS,0
SITE VISIT REPORT_ ASAB,6569-20-100-G1212-001-01,14-99-11-1603,,PROC,Documents,Reports,package b schdule.xls,,5,5,high,CRS,0
HAZARDOUS AREA CLASSIFICATON SCHEDULE - TYPICAL (ASAB WELLS),6569-20-100-M1240-001-01,14-71-01-1601,,ENGG HSE,Drawings,Drawings,package b schdule.xls,,5,3,medium,Lists_MTOs_BOMs,2
SITE VISIT REPORT FOR TELECOM SITE VISIT (ASAB),6569-20-100-M1386-001-01,14-99-74-1602,A,ELEC,Documents,Reports,package b schdule.xls,,5,5,high,CRS,0
BOQ ASAB FIELD,6569-20-100-Q1310-001-01,14-99-77-1601,,CIVIL,Documents,Lists_MTOs_BOMs,package b schdule.xls,,5,5,high,CRS,0
SCHEDULE AND BILL OF QUANTITY FOR CROSSOVER FOR EP SCOPE OF WELLHEADS,6569-20-100-Q1330-001-01,14-70-77-1601,,CIVIL,Documents,Lists_MTOs_BOMs,package b schdule.xls,,2,2,low,CRS,0
SCHEDULE AND BILL OF QUANTITY FOR MISCELLANEOUS PLATFORMS EP SCOPE OF WELLHEADS,6569-20-100-Q1336-001-01,14-70-77-1603,,CIVIL,Documents,Lists_MTOs_BOMs,package b schdule.xls,,2,2,low,CRS,0
SCHEDULE AND BILL OF QUANTITY FOR CS TYPE PIPE SUPPORTS FOR EP SCOPE OF WELLHEADS,6569-20-100-Q1338-001-01,14-70-77-1602,,CIVIL,Drawings,Drawings,package b schdule.xls,,4,4,medium,Lists_MTOs_BOMs,2
SCHEDULE AND BILL OF QUANTITY FOR PIPE SUPPORT FOUNDATION FOR EP SCOPE OF WELLHEADS,6569-20-100-Q1338-002-01,14-70-77-1604,,CIVIL,Drawings,Drawings,package b schdule.xls,CIVIL,8,4,medium,Lists_MTOs_BOMs,2
"REQUISITION FOR TOPOGRAPHICAL, UNDERGROUND DETECTION & PIPELINE SURVEY FOR ASAB",6569-20-100-R1311-001-01,14-99-83-1602,1,CIVIL,Documents,Documents,package b schdule.xls,,5,5,high,Reports,4
REQUISITION FOR GEOTECHNICAL INVESTIGATION FOR ASAB,6569-20-100-R1311-002-01,14-99-91-1601,1,CIVIL,Documents,Documents,package b schdule.xls,,5,5,high,Reports,4
MR FOR MODIFICATION SCOPE OF WORK FOR ICSS SYSTEM - ASAB AREA,6569-20-100-R2171-001-01,14-99-52-1602,,INST,Documents,Documents,package b schdule.xls,,4,4,medium,Reports,4
KEY PLAN FIELD AREA LAYOUT ASAB,6569-20-100-S1360-001-01,14-99-03-1601,A,PIPNG,Drawings,Drawings,package b schdule.xls,PROJECTS,9,5,high,Procedures_Plans,3
DATA SHEETS FOR MANUAL VALVES -ASAB,6569-20-100-S1362-001-01,14-99-18-1601,1,PIPNG,Documents,Datasheets,package b schdule.xls,,5,5,high,Documents,5
MODIFICATION SCOPE OF WORK FOR ICSS SYSTEM - ASAB AREA,6569-20-100-S1371-001-01,14-99-39-1601,1,INST,Documents,Reports,package b schdule.xls,,4,4,medium,CRS,0
SPECIFICATION FOR WELLHEAD HYDRAULIC PANEL ASAB AREA,6569-20-100-S1371-002-01,14-99-39-1602,2,INST,Documents,Specifications,package b schdule.xls,PIPNG,5,5,high,CRS,0
SPECIFICATION FOR PLC AT GAS LIFT WELLS & GAS INJECTION WELLS,6569-20-100-S1371-003-01,30-99-39-1603,2,INST,Documents,Specifications,package b schdule.xls,,5,5,high,CRS,0
DATA SHEET FOR PRESSURE GAUGES - ASAB AREA,6569-20-100-S1373-001-01,14-99-40-1601,1,INST,Documents,Datasheets,package b schdule.xls,,5,5,high,CRS,0
DATA SHEET FOR TEMPERATURE GAUGES & THERMOWELL - ASAB AREA,6569-20-100-S1373-002-01,14-99-40-1603,1,INST,Documents,Datasheets,package b schdule.xls,,5,5,high,CRS,0
DATA SHEET FOR PRESSURE INDICATING TRANSMITTER - ASAB AREA,6569-20-100-S1373-003-01,14-99-40-1602,1,INST,Documents,Datasheets,package b schdule.xls,,5,5,high,CRS,0
DATA SHEET FOR TEMPERATURE TRANSMITTER - ASAB AREA,6569-20-100-S1373-004-01,14-99-40-1604,1,INST,Documents,Datasheets,package b schdule.xls,,5,5,high,CRS,0
DATA SHEET FOR VORTEX FLOW METER - ASAB AREA,6569-20-100-S1373-005-01,14-99-40-1607,1,INST,Documents,Datasheets,package b schdule.xls,,5,5,high,CRS,0
DATA SHEET FOR VARIABLE AREA FLOW METER - ASAB AREA,6569-20-100-S1373-006-01,14-99-40-1605,1,INST,Documents,Datasheets,package b schdule.xls,,5,5,high,CRS,0
INSTRUMENT ENGINEERING SHEET FOR PRESSURE  - ASAB AREA,6569-20-100-S1373-007-01,14-99-51-1601,A,INST,Documents,Datasheets,package b schdule.xls,INST,4,4,medium,CRS,0
INSTRUMENT ENGINEERING SHEETS ASAB AREA TEMPERATURE INSTRUMENTS,6569-20-100-S1373-008-01,14-99-51-1602,A,INST,Documents,Datasheets,package b schdule.xls,INST,4,4,medium,CRS,0
INSTRUMENT ENGINEERING SHEETS ASAB AREA FLOW INSTRUMENTS,6569-20-100-S1373-009-01,14-99-51-1603,1,INST,Documents,Datasheets,package b schdule.xls,INST,4,4,medium,CRS,0
INSTRUMENT ENGINEERING SHEET FOR MISC. INSTRUMENTS - ASAB AREA,6569-20-100-S1373-010-01,14-99-51-1604,1,INST,Documents,Datasheets,package b schdule.xls,INST,4,4,medium,CRS,0
DATA SHEET FOR EMERGENCY SHUT DOWN PUSH BUTTONS - ASAB AREA,6569-20-100-S1373-011-01,14-99-40-1616,1,INST,Documents,Datasheets,package b schdule.xls,,5,5,high,CRS,0
DATA SHEET FOR DIFFERENTIAL PRESSURE INDICATING TRANSMITTER - ASAB AREA,6569-20-100-S1373-012-01,14-99-40-1614,1,INST,Documents,Datasheets,package b schdule.xls,,5,5,high,CRS,0
DATASHEETS FOR RESTRICTION ORIFICE,6569-20-100-S1373-013-01,14-99-40-1617,A,PIPNG,Documents,Datasheets,package b schdule.xls,,5,5,high,CRS,0
DATA SHEET FOR SHUTDOWN VALVES (SDV) - ASAB AREA,6569-20-100-S1374-001-01,14-99-40-1609,1,INST,Documents,Datasheets,package b schdule.xls,,5,5,high,CRS,0
DATA SHEET FOR SURFACE SAFETY VALVES - ASAB AREA,6569-20-100-S1374-002-01,14-99-40-1610,1,INST,Documents,Datasheets,package b schdule.xls,HSE,5,5,high,CRS,0
DATA SHEET FOR FLOW CONTROL VALVE (FCV) - ASAB AREA,6569-20-100-S1374-003-01,14-99-40-1611,2,INST,Documents,Datasheets,package b schdule.xls,,5,5,high,CRS,0
SPECIFICATION FOR ON/OFF VALVE ACTUATOR,6569-20-100-S1374-004-01,30-99-91-1607,C,INST,Documents,Specifications,package b schdule.xls,,5,5,high,CRS,0
"SPECIFICATION FOR INSTRUMENT BULK MATERIAL (JUNCTION BOXES, TUBE/FITTINGS, CABLE TRAYS) - ASAB AREA",6569-20-100-S1378-001-01,14-99-39-1604,1,INST,Documents,Specifications,package b schdule.xls,INST,5,5,high,Drawings,3
SPECIFICATION FOR INSTRUMENT CABLES- ASAB AREA,6569-20-100-S1378-002-01,14-99-39-1605,1,INST,Documents,Specifications,package b schdule.xls,INST,5,5,high,CRS,0
SPECIFICATION FOR INSTRUMENT INSTALLATION - ASAB AREA,6569-20-100-S1378-003-01,14-99-39-1606,1,INST,Documents,Specifications,package b schdule.xls,INST,5,5,high,CRS,0
DATA SHEET FOR FIRE & GAS DETECTORS AND DEVICES - ASAB AREA,6569-20-100-S1379-001-01,14-99-40-1613,1,INST,Documents,Datasheets,package b schdule.xls,HSE,5,5,high,CRS,0
TELECOM SYSTEM PHILOSOPHY (ASAB),6569-20-100-S1386-001-01,14-99-74-1601,C,ELEC,Documents,Procedures_Plans,package b schdule.xls,,5,5,high,CRS,0
TOPOGRAPHIC SURVEY REPORT FOR ASAB FIELD,6569-20-100-T1311-001-01,14-99-83-1601,,CIVIL,Documents,Reports,package b schdule.xls,,9,5,high,CRS,0
TBE FOR GEOTECHNICAL INVESTIGATION SURVEY REPORT,6569-20-100-T1311-002-01,14-99-91-1602,,CIVIL,Documents,Reports,package b schdule.xls,,13,5,high,CRS,0
GEOTECHNICAL INVESTIGATION REPORT FOR ASAB FIELD,6569-20-100-T1311-003-01,14-99-83-1603,,CIVIL,Documents,Reports,package b schdule.xls,,9,5,high,CRS,0
TBE FOR TOPOGRAPHIC SURVEY REPORT,6569-20-100-T1311-004-01,14-99-83-1602,,CIVIL,Documents,Reports,package b schdule.xls,,13,5,high,CRS,0
TBE FOR MODIFICATION SCOPE OF WORK FOR ICSS SYSTEM - ASAB AREA,6569-20-100-T2171-001-01,14-99-52-1603,,INST,Documents,Reports,package b schdule.xls,,8,4,medium,CRS,0
ADDITIONAL PIPING MTO FOR CONSTRUCTION ONLY WELLS,6569-20-200-B1360-001-01,14-99-19-1606,B,PROC,Documents,Lists_MTOs_BOMs,package b schdule.xls,PIPNG,5,5,high,CRS,0
"INSTRUMENT ADDITIONAL ITEMS ANALYSIS IN CONSTRUCTION OIL WELLS : SB-018, SB-098, SB-179",6569-20-200-B1360-002-01,14-70-48-1630,A,INST,Undefined,Documents,package b schdule.xls,INST,0,0,low,CRS,0
PIPING MATERIALS TAKE OFF FOR ASAB FIELD,6569-20-200-B1362-001-01,14-99-19-1601,,PIPNG,Documents,Lists_MTOs_BOMs,package b schdule.xls,PIPNG,8,4,medium,CRS,0
MTO FOR PIPELINE BULK ITEMS FOR ASAB FIELD,6569-20-200-B1366-001-01,14-76-19-1601,,PIPNG,Documents,Lists_MTOs_BOMs,package b schdule.xls,,5,5,high,CRS,0
MTO FOR ELECTRICAL BULK MATERIAL -  GAS LIFT WELLS,6569-20-200-B1382-002-01,14-71-63-1602,,ELEC,Documents,Lists_MTOs_BOMs,package b schdule.xls,,5,5,high,CRS,0
"MTO FOR POWER, CONTROL AND EARTHING CABLES - GAS LIFT WELLS",6569-20-200-B1382-003-01,14-99-63-1601,,ELEC,Documents,Lists_MTOs_BOMs,package b schdule.xls,ELEC,5,5,high,CRS,0
MTO FOR EARTHING MATERIAL - GAS LIFT WELLS,6569-20-200-B1382-004-01,14-99-63-1603,,ELEC,Documents,Lists_MTOs_BOMs,package b schdule.xls,ELEC,5,5,high,CRS,0
MTO FOR EARTHING MATERIAL - GAS LIFT WELLS,6569-20-200-B1384-001-01,14-71-63-1603,,ELEC,Documents,Lists_MTOs_BOMs,package b schdule.xls,ELEC,5,5,high,CRS,0
EARTHING LAYOUT WELLHEAD GAS LIFT SINGLE COMPLETION OIL WELL SB-310,6569-20-200-B1384-002-01,14-71-59-1645,,ELEC,Drawings,Drawings,package b schdule.xls,ELEC,5,5,high,CRS,0
EARTHING LAYOUT WELLHEAD GAS LIFT SINGLE COMPLETION OIL WELL SB-310,6569-20-200-B1384-002-02,14-71-59-1645,,ELEC,Drawings,Drawings,package b schdule.xls,ELEC,5,5,high,CRS,0
PIPELINE UPHEAVAL BUCKLING ANALYSIS FOR ASAB FIELD,6569-20-200-C1366-002-01,14-76-23-1602,1,PIPNG,Documents,Calculations,package b schdule.xls,,5,5,high,CRS,0
MECHANICAL DESIGN REPORT FOR ASAB,6569-20-200-C1366-004-01,14-76-23-1601,1,PIPNG,Documents,Reports,package b schdule.xls,MECH,5,5,high,CRS,0
CABLE SIZING CALCULATION - GAS LIFT WELL,6569-20-200-C1382-001-01,14-71-67-1601,A,ELEC,Documents,Calculations,package b schdule.xls,,8,5,high,CRS,0
DISPERSION STUDY REPORT - ASAB WELLHEADS VENT STACKS,6569-20-200-D1224-001-01,14-99-91-1615,,PROC,Documents,Reports,package b schdule.xls,,8,5,high,CRS,0
PIPING & INSTRUMENT DIAGRAM-DEMOLITION - GAS LIFT: SINGLE COMPLETION OIL WELL SB-159 - ASAB,6569-20-200-D1225-001-01,14-71-08-1601,A,PROC,Drawings,Drawings,package b schdule.xls,INST,9,5,high,CRS,0
PIPING & INSTRUMENT DIAGRAM -DEMOLITION- GAS LIFT: SINGLE COMPLETION OIL WELL SB-489 - ASAB RDS-2 (WHCP),6569-20-200-D1225-003-01,14-71-08-1603,,PROC,Drawings,Drawings,package b schdule.xls,INST,9,5,high,CRS,0
PIPING & INSTRUMENT DIAGRAM -CONSTRUCTION- GAS LIFT: SINGLE COMPLETION OIL WELL SB-489 - ASAB RDS-2 ( WELLHED ),6569-20-200-D1225-004-01,14-71-08-1604,A,PROC,Drawings,Drawings,package b schdule.xls,INST,9,5,high,CRS,0
PIPING & INSTRUMENT DIAGRAM -CONSTRUCTION- GAS LIFT: SINGLE COMPLETION OIL WELL SB-489 - ASAB RDS-5 (WHCP),6569-20-200-D1225-004-02,14-71-08-1604,A,PROC,Drawings,Drawings,package b schdule.xls,INST,9,5,high,CRS,0
PIPING & INSTRUMENT DIAGRAM -DEMOLITION - GAS LIFT: SINGLE COMPLETION OIL WELL SB-413 - ASAB RDS-5 (WHCP),6569-20-200-D1225-005-01,14-71-08-1605,,PROC,Drawings,Drawings,package b schdule.xls,INST,9,5,high,CRS,0
PIPING & INSTRUMENT DIAGRAM-CONSTRUCTION - GAS LIFT: SINGLE COMPLETION OIL WELL SB-413 - ASAB RDS-5 (WELLHEAD),6569-20-200-D1225-006-01,14-71-08-1606,,PROC,Drawings,Drawings,package b schdule.xls,INST,9,5,high,CRS,0
PIPING & INSTRUMENT DIAGRAM-CONSTRUCTION - GAS LIFT: SINGLE COMPLETION OIL WELL SB-413 - ASAB RDS-5 (WHCP),6569-20-200-D1225-006-02,14-71-08-1606,,PROC,Drawings,Drawings,package b schdule.xls,INST,9,5,high,CRS,0
PIPING & INSTRUMENT DIAGRAM -DEMOLITION- GAS LIFT: SINGLE COMPLETION OIL WELL SB-415 - ASAB RDS-2 (WHCP),6569-20-200-D1225-007-01,14-71-08-1607,,PROC,Drawings,Drawings,package b schdule.xls,INST,9,5,high,CRS,0
PIPING & INSTRUMENT DIAGRAM -CONSTRUCTION - GAS LIFT: SINGLE COMPLETION OIL WELL SB-415  - ASAB RDS-2 (WELLHEAD),6569-20-200-D1225-008-01,14-71-08-1608,A,PROC,Drawings,Drawings,package b schdule.xls,INST,9,5,high,CRS,0
PIPING & INSTRUMENT DIAGRAM -CONSTRUCTION - GAS LIFT: SINGLE COMPLETION OIL WELL SB-415 & SB-410 WELLHEAD HYDRAULIC PANEL,6569-20-200-D1225-008-02,14-71-08-1608,B,PROC,Drawings,Drawings,package b schdule.xls,INST,9,5,high,CRS,0
PIPING & INSTRUMENT DIAGRAM -CONSTRUCTION - GAS LIFT: SHARED IVC BETWEEN SB-410 AND SB-415 ASAB RDS-2,6569-20-200-D1225-008-03,14-71-08-1608,A,PROC,Drawings,Drawings,package b schdule.xls,INST,9,5,high,CRS,0
PIPING & INSTRUMENT DIAGRAM -DEMOLITION - GAS LIFT: SINGLE COMPLETION OIL WELL SB-403 - ASAB RDS-2 (WHCP),6569-20-200-D1225-009-01,14-71-08-1609,,PROC,Drawings,Drawings,package b schdule.xls,INST,9,5,high,CRS,0
PIPING & INSTRUMENT DIAGRAM -CONSTRUCTION- GAS LIFT: SINGLE COMPLETION OIL WELL SB-403 - ASAB RDS-2 (WELLHEAD),6569-20-200-D1225-010-01,14-71-08-1610,,PROC,Drawings,Drawings,package b schdule.xls,INST,9,5,high,CRS,0
PIPING & INSTRUMENT DIAGRAM -CONSTRUCTION- GAS LIFT: SINGLE COMPLETION OIL WELL SB-403 - ASAB RDS-2 (WHCP),6569-20-200-D1225-010-02,14-71-08-1610,,PROC,Drawings,Drawings,package b schdule.xls,INST,9,5,high,CRS,0
PIPING & INSTRUEMTN DIAGRAM -  CONSTRUCTION GAS LIFT :SHARED IVC BETWEEN SB-403  RDS-2,6569-20-200-D1225-010-03,14-71-08-1610,,PROC,Drawings,Drawings,package b schdule.xls,PIPNG,4,4,medium,CRS,0
PIPING & INSTRUMENT DIAGRAM -DEMOLITION- GAS LIFT: SINGLE COMPLETION OIL WELL SB-327 - ASAB RDS-2 (WHCP),6569-20-200-D1225-011-01,14-71-08-1611,,PROC,Drawings,Drawings,package b schdule.xls,INST,9,5,high,CRS,0
PIPING & INSTRUMENT DIAGRAM -CONSTRUCTION- GAS LIFT: SINGLE COMPLETION OIL WELL SB-327 - ASAB RDS-2 (WELLHEAD),6569-20-200-D1225-012-01,14-71-08-1612,,PROC,Drawings,Drawings,package b schdule.xls,INST,9,5,high,CRS,0
PIPING & INSTRUMENT DIAGRAM -CONSTRUCTION- GAS LIFT: SINGLE COMPLETION OIL WELL SB-327 - ASAB RDS-2 (WHCP),6569-20-200-D1225-012-02,14-71-08-1612,,PROC,Drawings,Drawings,package b schdule.xls,INST,9,5,high,CRS,0
PIPING & INSTRUMENT DIAGRAM -DEMOLITION- GAS LIFT: SINGLE COMPLETION OIL WELL SB-394 - ASAB RDS-2 (WHCP),6569-20-200-D1225-013-01,14-71-08-1613,,PROC,Drawings,Drawings,package b schdule.xls,INST,9,5,high,CRS,0
PIPING & INSTRUMENT DIAGRAM -CONSTRUCTION- GAS LIFT: SINGLE COMPLETION OIL WELL SB-394 - ASAB RDS-2 (WELLHEAD),6569-20-200-D1225-014-01,14-71-08-1614,A,PROC,Drawings,Drawings,package b schdule.xls,INST,9,5,high,CRS,0
PIPING & INSTRUMENT DIAGRAM -CONSTRUCTION- GAS LIFT: SINGLE COMPLETION OIL WELL SB-394 - ASAB RDS-2 (WHCP),6569-20-200-D1225-014-02,14-71-08-1614,A,PROC,Drawings,Drawings,package b schdule.xls,INST,9,5,high,CRS,0
PIPING & INSTRUMENT DIAGRAM -DEMOLITION- GAS LIFT: SINGLE COMPLETION OIL WELL SB-410 - ASAB RDS-2 (WHCP),6569-20-200-D1225-015-01,14-71-08-1615,,PROC,Drawings,Drawings,package b schdule.xls,INST,9,5,high,CRS,0
PIPING & INSTRUMENT DIAGRAM -CONSTRUCTION- GAS LIFT: SINGLE COMPLETION OIL WELL SB-410 - ASAB RDS-2 (WELLHEAD),6569-20-200-D1225-016-01,14-71-08-1616,,PROC,Drawings,Drawings,package b schdule.xls,INST,9,5,high,CRS,0
PIPING & INSTRUMENT DIAGRAM -CONSTRUCTION- GAS LIFT: SINGLE COMPLETION OIL WELL SB-410 - ASAB RDS-2 (WHCP),6569-20-200-D1225-016-02,14-71-08-1616,,PROC,Drawings,Drawings,package b schdule.xls,INST,9,5,high,CRS,0
PIPING & INSTRUMENT DIAGRAM -DEMOLITION- GAS LIFT: SINGLE COMPLETION OIL WELL SB-381 - ASAB RDS-2 (WHCP),6569-20-200-D1225-017-01,14-71-08-1617,,PROC,Drawings,Drawings,package b schdule.xls,INST,9,5,high,CRS,0
PIPING & INSTRUMENT DIAGRAM -CONSTRUCTION- GAS LIFT: SINGLE COMPLETION OIL WELL SB-381 - ASAB RDS-2 (WELLHEAD),6569-20-200-D1225-018-01,14-71-08-1618,,PROC,Drawings,Drawings,package b schdule.xls,INST,9,5,high,CRS,0
PIPING & INSTRUMENT DIAGRAM -CONSTRUCTION- GAS LIFT: SINGLE COMPLETION OIL WELL SB-381 - ASAB RDS-2 (WHCP),6569-20-200-D1225-018-02,14-71-08-1618,,PROC,Drawings,Drawings,package b schdule.xls,INST,9,5,high,CRS,0
PIPING & INSTRUMENT DIAGRAM -DEMOLITION- GAS LIFT: SINGLE COMPLETION OIL WELL SB-269 - ASAB RDS-2 (WHCP),6569-20-200-D1225-019-01,14-71-08-1619,,PROC,Drawings,Drawings,package b schdule.xls,INST,9,5,high,CRS,0
PIPING & INSTRUMENT DIAGRAM -CONSTUCTION- GAS LIFT: SINGLE COMPLETION OIL WELL SB-269 - ASAB RDS-2 (WELLHEAD),6569-20-200-D1225-020-01,14-71-08-1620,,PROC,Drawings,Drawings,package b schdule.xls,INST,9,5,high,CRS,0
PIPING & INSTRUMENT DIAGRAM -CONSTUCTION- GAS LIFT: SINGLE COMPLETION OIL WELL SB-269 - ASAB RDS-2 (WHCP),6569-20-200-D1225-020-02,14-71-08-1620,,PROC,Drawings,Drawings,package b schdule.xls,INST,9,5,high,CRS,0
PIPING & INSTRUMENT DIAGRAM -CONSTRUCTION - GAS LIFT: SHARED IVC BETWEEN SB-269 AND SB-381 ASAB RDS-2,6569-20-200-D1225-020-03,14-71-08-1620,,PROC,Drawings,Drawings,package b schdule.xls,INST,9,5,high,CRS,0
PIPING & INSTRUMENT DIAGRAM -DEMOLITION- GAS LIFT: SINGLE COMPLETION OIL WELL SB-352 - ASAB RDS-2 (WHCP),6569-20-200-D1225-021-01,14-71-08-1621,A,PROC,Drawings,Drawings,package b schdule.xls,INST,9,5,high,CRS,0
PIPING & INSTRUMENT DIAGRAM -CONSTRUCTION- GAS LIFT: SINGLE COMPLETION OIL WELL SB-352 - ASAB RDS-2 (WELLHEAD),6569-20-200-D1225-022-01,14-71-08-1622,A,PROC,Drawings,Drawings,package b schdule.xls,INST,9,5,high,CRS,0
PIPING & INSTRUMENT DIAGRAM -CONSTRUCTION- GAS LIFT: SINGLE COMPLETION OIL WELL SB-352 - ASAB RDS-2 (WHCP),6569-20-200-D1225-022-02,14-71-08-1622,A,PROC,Drawings,Drawings,package b schdule.xls,INST,9,5,high,CRS,0
PIPING & INSTRUMENT DIAGRAM -DEMOLITION DUAL COMPLETION OIL WELL WITH HIPS : SB-018 ASAB,6569-20-200-D1225-023-01,14-71-08-1623,A,PROC,Drawings,Drawings,package b schdule.xls,INST,9,5,high,CRS,0
PIPING & INSTRUMENT DIAGRAM -CONSTRUCTION- GAS LIFT: SINGLE COMPLETION OIL WELL SB-016,6569-20-200-D1225-024-01,14-71-08-1624,A,PROC,Drawings,Drawings,package b schdule.xls,INST,9,5,high,CRS,0
PIPING & INSTRUMENT DIAGRAM -CONSTRUCTION- GAS LIFT: SINGLE COMPLETION OIL WELL SB-016 - WELLHEAD HYDRAULIC PANEL ASAB RDS-5,6569-20-200-D1225-024-02,14-71-08-1624,A,PROC,Drawings,Drawings,package b schdule.xls,INST,9,5,high,CRS,0
PIPING & INSTRUMENT DIAGRAM -DEMOLITION- GAS LIFT: SINGLE COMPLETION OIL WELL SB-333 - ASAB RDS-6 (WHCP),6569-20-200-D1225-025-01,14-71-08-1625,,PROC,Drawings,Drawings,package b schdule.xls,INST,9,5,high,CRS,0
PIPING & INSTRUMENT DIAGRAM -CONSTRUCTION- GAS LIFT: SINGLE COMPLETION OIL WELL SB-333 - ASAB RDS-6 (WELLHEAD),6569-20-200-D1225-026-01,14-71-08-1632,,PROC,Drawings,Drawings,package b schdule.xls,INST,9,5,high,CRS,0
PIPING & INSTRUMENT DIAGRAM -CONSTRUCTION- GAS LIFT: SINGLE COMPLETION OIL WELL SB-333 - ASAB RDS-6 (WHCP),6569-20-200-D1225-026-02,14-71-08-1632,,PROC,Drawings,Drawings,package b schdule.xls,INST,9,5,high,CRS,0
PIPING & INSTRUMENT DIAGRAM -DEMOLITION- GAS LIFT: SINGLE COMPLETION OIL WELL SB-376 - ASAB RDS-5 (WHCP),6569-20-200-D1225-027-01,14-71-08-1633,,PROC,Drawings,Drawings,package b schdule.xls,INST,9,5,high,CRS,0
PIPING & INSTRUMENT DIAGRAM -CONSTRUCTION- GAS LIFT: SINGLE COMPLETION OIL WELL SB-376 - ASAB RDS-5 (WELLHEAD),6569-20-200-D1225-028-01,14-71-08-1634,,PROC,Drawings,Drawings,package b schdule.xls,INST,9,5,high,CRS,0
PIPING & INSTRUMENT DIAGRAM -CONSTRUCTION- GAS LIFT: SINGLE COMPLETION OIL WELL SB-376 - ASAB RDS-5 (WHCP),6569-20-200-D1225-028-02,14-71-08-1634,,PROC,Drawings,Drawings,package b schdule.xls,INST,9,5,high,CRS,0
PIPING & INSTRUMENT DIAGRAM -DEMLITION- GAS LIFT: SINGLE COMPLETION OIL WELL SB-386 - ASAB RDS-2 (WHCP),6569-20-200-D1225-029-01,14-71-08-1635,,PROC,Drawings,Drawings,package b schdule.xls,INST,9,5,high,CRS,0
PIPING & INSTRUMENT DIAGRAM -CONSTRUCTION- GAS LIFT: SINGLE COMPLETION OIL WELL SB-386 - ASAB RDS-2 (WELLHEAD),6569-20-200-D1225-030-01,14-71-08-1636,,PROC,Drawings,Drawings,package b schdule.xls,INST,9,5,high,CRS,0
PIPING & INSTRUMENT DIAGRAM -CONSTRUCTION- GAS LIFT: SINGLE COMPLETION OIL WELL SB-386 - ASAB RDS-2 (WHCP),6569-20-200-D1225-030-02,14-71-08-1636,,PROC,Drawings,Drawings,package b schdule.xls,INST,9,5,high,CRS,0
PIPING & INSTRUMENT DIAGRAM -DEMOLITION- GAS LIFT: SINGLE COMPLETION OIL WELL SB-365 - ASAB RDS-5 (WHCP),6569-20-200-D1225-031-01,14-71-08-1637,,PROC,Drawings,Drawings,package b schdule.xls,INST,9,5,high,CRS,0
PIPING & INSTRUMENT DIAGRAM -CONSTRUCTION- GAS LIFT: SINGLE COMPLETION OIL WELL SB-365 - ASAB RDS-5 (WELLHEAD),6569-20-200-D1225-032-01,14-71-08-1638,,PROC,Drawings,Drawings,package b schdule.xls,INST,9,5,high,CRS,0
PIPING & INSTRUMENT DIAGRAM -CONSTRUCTION- GAS LIFT: SINGLE COMPLETION OIL WELL SB-365 - ASAB RDS-5 (WHCP),6569-20-200-D1225-032-02,14-71-08-1638,,PROC,Drawings,Drawings,package b schdule.xls,INST,9,5,high,CRS,0
PIPING & INSTRUMENT DIAGRAM -DEMOLITION- GAS LIFT: SINGLE COMPLETION OIL WELL SB-324 - ASAB RDS-2 (WHCP),6569-20-200-D1225-033-01,14-71-08-1639,,PROC,Drawings,Drawings,package b schdule.xls,INST,9,5,high,CRS,0
PIPING & INSTRUMENT DIAGRAM -CONSTRUCTION- GAS LIFT: SINGLE COMPLETION OIL WELL SB-324 - ASAB RDS-2 (WELLHEAD),6569-20-200-D1225-034-01,14-71-08-1640,,PROC,Drawings,Drawings,package b schdule.xls,INST,9,5,high,CRS,0
PIPING & INSTRUMENT DIAGRAM -CONSTRUCTION- GAS LIFT: SINGLE COMPLETION OIL WELL SB-324 - ASAB RDS-2 (WHCP),6569-20-200-D1225-034-02,14-71-08-1640,,PROC,Drawings,Drawings,package b schdule.xls,INST,9,5,high,CRS,0
PIPING & INSTRUMENT DIAGRAM -DEMOLITION- GAS LIFT: SINGLE COMPLETION OIL WELL SB-363 - ASAB RDS-5 (WHCP),6569-20-200-D1225-035-01,14-71-08-1641,,PROC,Drawings,Drawings,package b schdule.xls,INST,9,5,high,CRS,0
PIPING & INSTRUMENT DIAGRAM -CONSTRUCTION- GAS LIFT: SINGLE COMPLETION OIL WELL SB-363 - ASAB RDS-5 (WELLHEAD),6569-20-200-D1225-036-01,14-71-08-1642,A,PROC,Drawings,Drawings,package b schdule.xls,INST,9,5,high,CRS,0
PIPING & INSTRUMENT DIAGRAM -CONSTRUCTION- GAS LIFT: SINGLE COMPLETION OIL WELL SB-363 - ASAB RDS-5 (WHCP),6569-20-200-D1225-036-02,14-71-08-1642,A,PROC,Drawings,Drawings,package b schdule.xls,INST,9,5,high,CRS,0
PIPING & INSTRUMENT DIAGRAM -DEMOLITION DUAL COMPLETION OIL WELL SB-382 ASAB,6569-20-200-D1225-037-01,14-71-08-1643,A,PROC,Drawings,Drawings,package b schdule.xls,INST,9,5,high,CRS,0
PIPING & INSTRUMENT DIAGRAM -CONSTRUCTION- SINGLE COMPLETION OIL WELL : SB 382 ASAB,6569-20-200-D1225-038-01,14-71-08-1644,A,PROC,Drawings,Drawings,package b schdule.xls,INST,9,5,high,CRS,0
PIPING & INSTRUMENT DIAGRAM -CONSTRUCTION- GAS LIFT: SINGLE COMPLETION OIL WELL SB-382 WELLHEAD HYDRAULIC PANEL ASAB RDS-5,6569-20-200-D1225-038-02,14-71-08-1644,A,PROC,Drawings,Drawings,package b schdule.xls,INST,9,5,high,CRS,0
PIPING & INSTRUMENT DIAGRAM -DEMOLITION- GAS LIFT: SINGLE COMPLETION OIL WELL SB-384 - ASAB RDS-6 (WHCP),6569-20-200-D1225-039-01,14-71-08-1645,,PROC,Drawings,Drawings,package b schdule.xls,INST,9,5,high,CRS,0
P&ID - CONSTRUCTION GAS LIFT : SINGLE COMPLETION OIL WELL : SB-384 ASAB,6569-20-200-D1225-040-01,14-71-08-1646,A,PROC,Drawings,Drawings,package b schdule.xls,PROC,5,5,high,CRS,0
P&ID - CONSTRUCTION GAS LIFT : SINGLE COMPLETION OIL WELL SB-384 WELLHEAD HYDRAULIC PANEL ASAB RDS-6,6569-20-200-D1225-040-02,14-71-08-1646,A,PROC,Drawings,Drawings,package b schdule.xls,PROC,5,5,high,CRS,0
PIPING & INSTRUMENT DIAGRAM -DEMLITION- GAS LIFT: SINGLE COMPLETION OIL WELL SB-330 - ASAB RDS-2 (WHCP),6569-20-200-D1225-041-01,14-71-08-1647,,PROC,Drawings,Drawings,package b schdule.xls,INST,9,5,high,CRS,0
PIPING & INSTRUMENT DIAGRAM -CONSTRUCTION- GAS LIFT: SINGLE COMPLETION OIL WELL SB-330 - ASAB RDS-2 (WELLHEAD),6569-20-200-D1225-042-01,14-71-08-1648,,PROC,Drawings,Drawings,package b schdule.xls,INST,9,5,high,CRS,0
PIPING & INSTRUMENT DIAGRAM -CONSTRUCTION- GAS LIFT: SINGLE COMPLETION OIL WELL SB-330 - ASAB RDS-2 (WHCP),6569-20-200-D1225-042-02,14-71-08-1648,,PROC,Drawings,Drawings,package b schdule.xls,INST,9,5,high,CRS,0
PIPING & INSTRUMENT DIAGRAM -DEMOLITION- GAS LIFT: SINGLE COMPLETION OIL WELL SB-310 - ASAB RDS-2 (WHCP),6569-20-200-D1225-043-01,14-71-08-1649,,PROC,Drawings,Drawings,package b schdule.xls,INST,9,5,high,CRS,0
PIPING & INSTRUMENT DIAGRAM -CONSTRUCTION- GAS LIFT: SINGLE COMPLETION OIL WELL SB-310 - ASAB RDS-2 (WELLHEAD),6569-20-200-D1225-044-01,14-71-08-1650,A,PROC,Drawings,Drawings,package b schdule.xls,INST,9,5,high,CRS,0
PIPING & INSTRUMENT DIAGRAM -CONSTRUCTION- GAS LIFT: SINGLE COMPLETION OIL WELL SB-310 - ASAB RDS-2 (WHCP),6569-20-200-D1225-044-02,14-71-08-1650,A,PROC,Drawings,Drawings,package b schdule.xls,INST,9,5,high,CRS,0
PIPING & INSTRUMENT DIAGRAM -DEMOLITION- GAS LIFT: SINGLE COMPLETION OIL WELL SB-302 - ASAB RDS-2 (WHCP),6569-20-200-D1225-045-01,14-71-08-1651,,PROC,Drawings,Drawings,package b schdule.xls,INST,9,5,high,CRS,0
PIPING & INSTRUMENT DIAGRAM -CONSTRUCTION- GAS LIFT: SINGLE COMPLETION OIL WELL SB-302 - ASAB RDS-2 (WELLHEAD),6569-20-200-D1225-046-01,14-71-08-1652,A,PROC,Drawings,Drawings,package b schdule.xls,INST,9,5,high,CRS,0
PIPING & INSTRUMENT DIAGRAM -CONSTRUCTION- GAS LIFT: SINGLE COMPLETION OIL WELL SB-302 - ASAB RDS-2 (WHCP),6569-20-200-D1225-046-02,14-71-08-1652,A,PROC,Drawings,Drawings,package b schdule.xls,INST,9,5,high,CRS,0
PIPING & INSTRUMENT DIAGRAM -DEMOLITION- GAS LIFT: SINGLE COMPLETION OIL WELL SB-170 - ASAB RDS-6 (WHCP),6569-20-200-D1225-047-01,14-71-08-1653,,PROC,Drawings,Drawings,package b schdule.xls,INST,9,5,high,CRS,0
P&ID - CONSTRUCTION GAS LIFT : SINGLE COMPLETION OIL WELL : SB -170 ASAB,6569-20-200-D1225-048-01,14-71-08-1654,A,PROC,Drawings,Drawings,package b schdule.xls,PROC,5,5,high,CRS,0
P&ID - CONSTRUCTION GAS LIFT : SINGLE COMPLETION OIL WELL SB-170 WELLHEAD HYDRAULIC PANEL ASAB RDS-6,6569-20-200-D1225-048-02,14-71-08-1654,A,PROC,Drawings,Drawings,package b schdule.xls,PROC,5,5,high,CRS,0
PIPING & INSTRUMENT DIAGRAM -DEMOLITION- GAS LIFT: SINGLE COMPLETION OIL WELL SB-395 - ASAB RDS-5 (WHCP),6569-20-200-D1225-049-01,14-71-08-1655,A,PROC,Drawings,Drawings,package b schdule.xls,INST,9,5,high,CRS,0
PIPING & INSTRUMENT DIAGRAM -CONSTRUCTION- GAS LIFT: SINGLE COMPLETION OIL WELL SB-395 - ASAB RDS-5 (WELLHEAD),6569-20-200-D1225-050-01,14-71-08-1656,A,PROC,Drawings,Drawings,package b schdule.xls,INST,9,5,high,CRS,0
PIPING & INSTRUMENT DIAGRAM -CONSTRUCTION- GAS LIFT: SINGLE COMPLETION OIL WELL SB-395 - ASAB RDS-5 (WHCP),6569-20-200-D1225-050-02,14-71-08-1656,A,PROC,Drawings,Drawings,package b schdule.xls,INST,9,5,high,CRS,0
PIPING & INSTRUMENT DIAGRAM (TYP) GAS LIFT : SINGLE COMPLETION OIL WELL 159  ASAB RDS-5,6569-20-200-D1225-051-01,14-71-08-1626,,PROC,Drawings,Drawings,package b schdule.xls,INST,9,5,high,CRS,0
PIPING & INSTRUMENT DIAGRAM (TYP) GAS LIFT : SINGLE COMPLETION OIL WELL 159  ASAB RDS-5,6569-20-200-D1225-051-02,14-71-08-1626,,PROC,Drawings,Drawings,package b schdule.xls,INST,9,5,high,CRS,0
PIPING & INSTRUMENT DIAGRAM (TYP) GAS LIFT : SINGLE COMPLETION OIL WELL 159  ASAB RDS-5,6569-20-200-D1225-052-01,14-71-08-1627,,PROC,Drawings,Drawings,package b schdule.xls,INST,9,5,high,CRS,0
PIPING & INSTRUMENT DIAGRAM (TYP) GAS LIFT : SINGLE COMPLETION OIL WELL 159  ASAB RDS-5,6569-20-200-D1225-052-02,14-71-08-1627,,PROC,Drawings,Drawings,package b schdule.xls,INST,9,5,high,CRS,0
PIPING & INSTRUMENT DIAGRAM (TYP) GAS LIFT : SINGLE COMPLETION OIL WELL 159  (NEW) ASAB RDS-5,6569-20-200-D1225-053-01,14-71-08-1628,,PROC,Drawings,Drawings,package b schdule.xls,INST,9,5,high,CRS,0
PIPING & INSTRUMENT DIAGRAM (TYP) GAS LIFT : SINGLE COMPLETION OIL WELL 159  (NEW) ASAB RDS-5,6569-20-200-D1225-053-02,14-71-08-1628,,PROC,Drawings,Drawings,package b schdule.xls,INST,9,5,high,CRS,0
PIPING & INSTRUMENT DIAGRAM (TYP) GAS LIFT : SINGLE COMPLETION OIL WELL 159  (NEW) ASAB RDS-5,6569-20-200-D1225-053-03,14-71-08-1628,,PROC,Drawings,Drawings,package b schdule.xls,INST,9,5,high,CRS,0
PIPING & INSTRUMENT DIAGRAM (TYP) GAS LIFT : SINGLE COMPLETION OIL WELL SB -XXX EXISTING  ASAB RDS-5,6569-20-200-D1225-054-01,14-71-08-1629,,PROC,Drawings,Drawings,package b schdule.xls,INST,9,5,high,CRS,0
PIPING & INSTRUMENT DIAGRAM (TYP) GAS LIFT : SINGLE COMPLETION OIL WELL SB -XXX EXISTING  ASAB RDS-5,6569-20-200-D1225-054-02,14-71-08-1629,,PROC,Drawings,Drawings,package b schdule.xls,INST,9,5,high,CRS,0
PIPING & INSTRUMENT DIAGRAM (TYP) GAS LIFT : SINGLE COMPLETION OIL WELL SB-159  ASAB RDS-5,6569-20-200-D1225-055-01,14-71-08-1630,,PROC,Drawings,Drawings,package b schdule.xls,INST,9,5,high,CRS,0
PIPING & INSTRUMENT DIAGRAM (TYP) GAS LIFT : SINGLE COMPLETION OIL WELL SB-159  ASAB RDS-5,6569-20-200-D1225-055-02,14-71-08-1630,,PROC,Drawings,Drawings,package b schdule.xls,INST,9,5,high,CRS,0
PIPING & INSTRUMENT DIAGRAM (TYP) GAS LIFT : SINGLE COMPLETION OIL WELL SB-159  ASAB RDS-5,6569-20-200-D1225-055-03,14-71-08-1630,,PROC,Drawings,Drawings,package b schdule.xls,INST,9,5,high,CRS,0
PIPING & INSTRUMENT DIAGRAM (TYP) GAS LIFT : SINGLE COMPLETION OIL WELL SB-XXX ASAB RDS-5,6569-20-200-D1225-056-01,14-71-08-1631,,PROC,Drawings,Drawings,package b schdule.xls,INST,9,5,high,CRS,0
PIPING & INSTRUMENT DIAGRAM (TYP) GAS LIFT : SINGLE COMPLETION OIL WELL SB-XXX ASAB RDS-5,6569-20-200-D1225-056-02,14-71-08-1631,,PROC,Drawings,Drawings,package b schdule.xls,INST,9,5,high,CRS,0
PIPING & INSTRUMENT DIAGRAM -CONSTRUCTION - SINGLE COMPLETION OIL WELL SB-159 - ASAB,6569-20-200-D1225-057-01,14-71-08-1602,A,PROC,Drawings,Drawings,package b schdule.xls,INST,9,5,high,CRS,0
PIPING & INSTRUMENT DIAGRAM -CONSTRUCTION - GAS LIFT: SINGLE COMPLETION OIL WELL SB-159 - WELLHEAD HYDRAULIC PANEL ASAB RDS-5,6569-20-200-D1225-057-02,14-71-08-1602,A,PROC,Drawings,Drawings,package b schdule.xls,INST,9,5,high,CRS,0
PIPING & INSTRUMENT DIAGRAM (TYP) GAS LIFT : SINGLE COMPLETION OIL WELL 339  ASAB RDS-5 (WELLHEAD),6569-20-200-D1225-058-01,14-71-08-1657,,PROC,Drawings,Drawings,package b schdule.xls,INST,9,5,high,CRS,0
PIPING & INSTRUMENT DIAGRAM -GAS LIFT: SINGLE COMPLETION OIL WELL SB-304 ASAB RDS-2,6569-20-200-D1225-059-01,14-71-08-1658,,PROC,Drawings,Drawings,package b schdule.xls,INST,9,5,high,CRS,0
PIPING & INSTRUMENT DIAGRAM-GAS LIFT : SINGLE COMPLETION OIL WELL SB-339 ASAB RDS-5,6569-20-200-D1225-060-01,14-71-08-1660,A,PROC,Drawings,Drawings,package b schdule.xls,INST,9,5,high,CRS,0
PIPING & INSTRUMENT DIAGRAM-GAS LIFT : SINGLE COMPLETION OIL WELL SB-154 ASAB,6569-20-200-D1225-061-01,14-71-08-1661,A,PROC,Drawings,Drawings,package b schdule.xls,INST,9,5,high,CRS,0
PIPING & INSTRUMENT DIAGRAM-GAS LIFT : SINGLE COMPLETION OIL WELL SB-363 ASAB,6569-20-200-D1225-062-01,14-72-08-1611,A,PROC,Drawings,Drawings,package b schdule.xls,INST,9,5,high,CRS,0
PIPING & INSTRUMENT DIAGRAM-GAS LIFT : DEMOLITION OIL WELL WITH HIPS :  SB-310 ASAB,6569-20-200-D1225-063-01,14-72-08-1649,A,PROC,Drawings,Drawings,package b schdule.xls,INST,9,5,high,CRS,0
PIPING & INSTRUMENT DIAGRAM-GAS LIFT : DEMOLITION DUAL COMPLETION WELL WITH HIPS: SB-302 ASAB,6569-20-200-D1225-064-01,14-72-08-1651,A,PROC,Drawings,Drawings,package b schdule.xls,INST,9,5,high,CRS,0
PIPING & INSTRUMENT DIAGRAM - DEMOLITION DUAL COMPLETION OIL WELL WITH HIPS : SB -384 ASAB,6569-20-200-D1225-065-01,14-72-08-1645,A,PROC,Drawings,Drawings,package b schdule.xls,INST,9,5,high,CRS,0
P&ID - DEMOLITION DUAL COMPLETION OIL WELL : SB - 170 ASAB,6569-20-200-D1225-066-01,14-72-08-1653,A,PROC,Drawings,Drawings,package b schdule.xls,PROC,5,5,high,CRS,0
PIPING & INSTRUMENT DIAGRAM - CONSTRUCTOIN GAS LIFT : SINGLE COMPLETION OIL WELL : SB-341 ASAB,6569-20-200-D1225-067-01,14-71-08-1663,A,PROC,Drawings,Drawings,package b schdule.xls,INST,9,5,high,CRS,0
PIPING & INSTRUMENT DIAGRAM - CONSTRUCTOIN GAS LIFT : SINGLE COMPLETION OIL WELL : SB-155 ASAB,6569-20-200-D1225-068-01,14-71-08-1664,A,PROC,Drawings,Drawings,package b schdule.xls,INST,9,5,high,CRS,0
P&ID - CONSTRUCTOIN GAS LIFT : SINGLE COMPLETION OIL WELL : SB-365 ASAB,6569-20-200-D1225-069-01,14-72-08-1637,A,PROC,Drawings,Drawings,package b schdule.xls,PROC,5,5,high,CRS,0
P&ID - CONSTRUCTOIN GAS LIFT : SINGLE COMPLETION OIL WELL : SB-330 ASAB,6569-20-200-D1225-070-01,14-72-08-1647,A,PROC,Drawings,Drawings,package b schdule.xls,PROC,5,5,high,CRS,0
PIPING & INSTRUMENT DIAGRAM -  CONSTRUCTION GAS LIFT : SINGLE COMPLETION OIL WELL SB-012 ASAB RDS -2,6569-20-200-D1225-071-01,14-71-08-1659,1,PROC,Drawings,Drawings,package b schdule.xls,INST,9,5,high,CRS,0
PIPING & INSTRUMENT DIAGRAM -  DEMOLITION DUAL COMPLETION OIL WELL WITH HIPS SB-381 ASAB,6569-20-200-D1225-072-01,14-72-08-1601,1,PROC,Drawings,Drawings,package b schdule.xls,INST,9,5,high,CRS,0
PIPING & INSTRUMENT DIAGRAM  -  DEMOLITION DUAL COMPLETION OIL WELL SB-324 ASAB,6569-20-200-D1225-073-01,14-72-08-1602,1,PROC,Drawings,Drawings,package b schdule.xls,INST,9,5,high,CRS,0
P&ID DISPOSAL WATER TANK T-2401 SHAH CDS,6569-20-200-D1225-074-01,29-01-08-1609,,PROC,Drawings,Drawings,package b schdule.xls,PROC,5,5,high,CRS,0
P&ID- CONSTRUCTION SINGLE COMPLETION OIL WELL : SB 363 ASAB,6569-20-200-D1225-075-01,14-72-08-1641,,PROC,Drawings,Drawings,package b schdule.xls,PROC,5,5,high,CRS,0
WORKING AGAINST THE CAHNGE REQUEST FROM ADCO FOR WIRELINE TRUCK,6569-20-200-D1225-076-01,14-30-99-1645,,PIPNG,Undefined,Documents,package b schdule.xls,,0,0,low,CRS,0
P&ID – CONSTRUCTION GAS LIFT : SINGLE COMPLETION OIL WELL SB-306  ASAB RDS,6569-20-200-D1225-077-01,14-71-08-1666,,PROC,Drawings,Drawings,package b schdule.xls,PROC,5,5,high,CRS,0
P&ID – CONSTRUCTION GAS LIFT : SINGLE COMPLETION OIL WELL SB - 311 ASAB RDS – 5,6569-20-200-D1225-078-01,14-71-08-1667,,PROC,Drawings,Drawings,package b schdule.xls,PROC,5,5,high,CRS,0
P&ID – TAG NUMBERS FOR QUILLS AND ROTAMETER FOR CHEMICAL INJECTION : QUSAHWIRA,6569-20-200-D1225-079-01,58-99-08-1602,,PROC,Drawings,Drawings,package b schdule.xls,PROC,5,5,high,CRS,0
P&ID  - CONSTRUCTION LIFT : SINGLE COMPLETION OIL WELL SB-018 ASAB RDS-2,6569-20-200-D1225-080-01,14-71-08-1668,,PROC,Drawings,Drawings,package b schdule.xls,PROC,5,5,high,CRS,0
P&ID  - CONSTRUCTION LIFT : SINGLE COMPLETION OIL WELL SB-179 ASAB RDS-2,6569-20-200-D1225-081-01,14-71-08-1670,,PROC,Drawings,Drawings,package b schdule.xls,PROC,5,5,high,CRS,0
CAUSE & EFFECT DIAGRAM - ASAB WELLHEADS - GAS LIFT: SINGLE COMPLETION WELL SB-159,6569-20-200-D1226-001-01,14-71-42-1601,B,PROC,Drawings,Drawings,package b schdule.xls,PROC,9,5,high,CRS,0
CAUSE & EFFECT DIAGRAM - ASAB WELLHEADS - GAS LIFT: SINGLE COMPLETION WELL SB-489,6569-20-200-D1226-002-01,14-71-42-1602,,PROC,Drawings,Drawings,package b schdule.xls,PROC,9,5,high,CRS,0
CAUSE & EFFECT DIAGRAM - ASAB WELLHEADS - GAS LIFT: SINGLE COMPLETION WELL SB-413,6569-20-200-D1226-003-01,14-71-42-1603,B,PROC,Drawings,Drawings,package b schdule.xls,PROC,9,5,high,CRS,0
CAUSE & EFFECT DIAGRAM ASAB WELL HEADS GAS LIFT : SINGLE COMPLETION WELL SB-415,6569-20-200-D1226-004-01,14-71-42-1604,1,PROC,Drawings,Drawings,package b schdule.xls,PROC,9,5,high,CRS,0
CAUSE & EFFECT DIAGRAM - ASAB WELLHEADS - GAS LIFT: SINGLE COMPLETION WELL SB-403,6569-20-200-D1226-005-01,14-71-42-1605,B,PROC,Drawings,Drawings,package b schdule.xls,PROC,9,5,high,CRS,0
CAUSE & EFFECT DIAGRAM ASAB WELL HEADS GAS LIFT : SINGLE COMPLETION WELL SB - 327,6569-20-200-D1226-006-01,14-71-42-1606,B,PROC,Drawings,Drawings,package b schdule.xls,PROC,9,5,high,CRS,0
CAUSE & EFFECT DIAGRAM - ASAB WELLHEADS - GAS LIFT: SINGLE COMPLETION WELL SB-394,6569-20-200-D1226-007-01,14-71-42-1607,B,PROC,Drawings,Drawings,package b schdule.xls,PROC,9,5,high,CRS,0
CAUSE & EFFECT DIAGRAM ASAB WELL HEADS GAS LIFT : SINGLE COMPLETION WELL SB-410,6569-20-200-D1226-008-01,14-71-42-1608,1,PROC,Drawings,Drawings,package b schdule.xls,PROC,9,5,high,CRS,0
CAUSE & EFFECT DIAGRAM - ASAB WELLHEADS - GAS LIFT: SINGLE COMPLETION WELL SB-381,6569-20-200-D1226-009-01,14-71-42-1609,B,PROC,Drawings,Drawings,package b schdule.xls,PROC,9,5,high,CRS,0
CAUSE & EFFECT DIAGRAM - ASAB WELLHEADS - GAS LIFT: SINGLE COMPLETION WELL SB-269,6569-20-200-D1226-010-01,14-71-42-1610,B,PROC,Drawings,Drawings,package b schdule.xls,PROC,9,5,high,CRS,0
CAUSE & EFFECT DIAGRAM - ASAB WELLHEADS - GAS LIFT: SINGLE COMPLETION WELL SB-352,6569-20-200-D1226-011-01,14-71-42-1611,B,PROC,Drawings,Drawings,package b schdule.xls,PROC,9,5,high,CRS,0
CAUSE & EFFECT DIAGRAM - ASAB WELLHEADS - GAS LIFT: SINGLE COMPLETION WELL SB-016,6569-20-200-D1226-012-01,14-71-42-1612,B,PROC,Drawings,Drawings,package b schdule.xls,PROC,9,5,high,CRS,0
CAUSE & EFFECT DIAGRAM - ASAB WELLHEADS - GAS LIFT: SINGLE COMPLETION WELL SB-333,6569-20-200-D1226-013-01,14-71-42-1613,,PROC,Drawings,Drawings,package b schdule.xls,PROC,9,5,high,CRS,0
CAUSE & EFFECT DIAGRAM - ASAB WELLHEADS - GAS LIFT: SINGLE COMPLETION WELL SB-376,6569-20-200-D1226-014-01,14-71-42-1614,B,PROC,Drawings,Drawings,package b schdule.xls,PROC,9,5,high,CRS,0
CAUSE & EFFECT DIAGRAM - ASAB WELLHEADS - GAS LIFT: SINGLE COMPLETION WELL SB-386,6569-20-200-D1226-015-01,14-71-42-1615,B,PROC,Drawings,Drawings,package b schdule.xls,PROC,9,5,high,CRS,0
CAUSE & EFFECT DIAGRAM - ASAB WELLHEADS - GAS LIFT: SINGLE COMPLETION WELL SB-365,6569-20-200-D1226-016-01,14-71-42-1616,B,PROC,Drawings,Drawings,package b schdule.xls,PROC,9,5,high,CRS,0
CAUSE & EFFECT DIAGRAM - ASAB WELLHEADS - GAS LIFT: SINGLE COMPLETION WELL SB-324,6569-20-200-D1226-017-01,14-71-42-1617,B,PROC,Drawings,Drawings,package b schdule.xls,PROC,9,5,high,CRS,0
CAUSE & EFFECT DIAGRAM - ASAB WELLHEADS - GAS LIFT: SINGLE COMPLETION WELL SB-363,6569-20-200-D1226-018-01,14-71-42-1618,B,PROC,Drawings,Drawings,package b schdule.xls,PROC,9,5,high,CRS,0
CAUSE & EFFECT DIAGRAM - ASAB WELLHEADS - GAS LIFT: SINGLE COMPLETION WELL SB-382,6569-20-200-D1226-019-01,14-71-42-1619,B,PROC,Drawings,Drawings,package b schdule.xls,PROC,9,5,high,CRS,0
CAUSE & EFFECT DIAGRAM - ASAB WELLHEADS - GAS LIFT: SINGLE COMPLETION WELL SB-384,6569-20-200-D1226-020-01,14-71-42-1620,B,PROC,Drawings,Drawings,package b schdule.xls,PROC,9,5,high,CRS,0
CAUSE & EFFECT DIAGRAM - ASAB WELLHEADS - GAS LIFT: SINGLE COMPLETION WELL SB-330,6569-20-200-D1226-021-01,14-71-42-1621,,PROC,Drawings,Drawings,package b schdule.xls,PROC,9,5,high,CRS,0
CAUSE & EFFECT DIAGRAM - ASAB WELLHEADS - GAS LIFT: SINGLE COMPLETION WELL SB-310,6569-20-200-D1226-022-01,14-71-42-1622,,PROC,Drawings,Drawings,package b schdule.xls,PROC,9,5,high,CRS,0
CAUSE & EFFECT DIAGRAM - ASAB WELLHEADS - GAS LIFT: SINGLE COMPLETION WELL SB-302,6569-20-200-D1226-023-01,14-71-42-1623,,PROC,Drawings,Drawings,package b schdule.xls,PROC,9,5,high,CRS,0
CAUSE & EFFECT DIAGRAM ASAB WELL HEADS GAS LIFT : SINGLE COMPLETION WELL SB – 170,6569-20-200-D1226-024-01,14-71-42-1624,B,PROC,Drawings,Drawings,package b schdule.xls,PROC,9,5,high,CRS,0
CAUSE & EFFECT DIAGRAM - ASAB WELLHEADS - GAS LIFT: SINGLE COMPLETION WELL SB-395,6569-20-200-D1226-025-01,14-71-42-1625,,PROC,Drawings,Drawings,package b schdule.xls,PROC,9,5,high,CRS,0
CAUSE & EFFECT DIAGRAM FIRE AND GAS DETECTION SYSTEM ASAB WELL HEADS GAS LIFT : SIGNLE COMPLETION WELL SB-415,6569-20-200-D1226-026-01,14-71-42-1628,B,ENGG HSE,Drawings,Drawings,package b schdule.xls,HSE,9,5,high,CRS,0
CAUSE & EFFECT DIAGRAM FIRE AND GAS DETECTION SYSTEM ASAB WELL HEADS GAS LIFT : SIGNLE COMPLETION WELL SB-410,6569-20-200-D1226-027-01,14-71-42-1631,B,ENGG HSE,Drawings,Drawings,package b schdule.xls,HSE,9,5,high,CRS,0
CAUSE & EFFECT DIAGRAM FIRE AND GAS DETECTION SYSTEM ASAB WELL HEADS GAS LIFT : SINGLE COMPLETION   WELL Sb - 413,6569-20-200-D1226-028-01,14-71-42-1634,A,ENGG HSE,Drawings,Drawings,package b schdule.xls,HSE,9,5,high,CRS,0
CAUSE & EFFECT DIAGRAM FIRE AND GAS DETECTION SYSTEM ASAB WELL HEADS GAS LIFT : SINGLE COMPLETION WELL Sb - 159,6569-20-200-D1226-029-01,14-71-42-1633,A,ENGG HSE,Drawings,Drawings,package b schdule.xls,HSE,9,5,high,CRS,0
CAUSE & EFFECT DIAGRAM FIRE AND GAS DETECTION SYSTEM ASAB WELL HEADS GAS LIFT : SINGLE COMPLETION WELL SB - 016,6569-20-200-D1226-030-01,14-71-42-1629,A,ENGG HSE,Drawings,Drawings,package b schdule.xls,HSE,9,5,high,CRS,0
CAUSE & EFFECT DIAGRAM FIRE AND GAS DETECTION SYSTEM ASAB WELL HEADS GAS LIFT : SINGLE COMPLETION WELL SB - 394,6569-20-200-D1226-031-01,14-71-42-1630,A,ENGG HSE,Drawings,Drawings,package b schdule.xls,HSE,9,5,high,CRS,0
CAUSE & EFFECT DIAGRAM FIRE AND GAS DETECTION SYSTEM ASAB WELL HEADS GAS LIFT : SINGLE COMPLETION WELL SB – 352,6569-20-200-D1226-032-01,14-71-42-1632,A,ENGG HSE,Drawings,Drawings,package b schdule.xls,HSE,9,5,high,CRS,0
CAUSE & EFFECT DIAGRAM QUSAHWIRA REMOTE DEGASSING STATION,6569-20-200-D1226-033-01,58-11-42-1601,A,PROC,Drawings,Drawings,package b schdule.xls,PROC,9,5,high,CRS,0
CAUSE AND EFFECT DIAGRAM FIRE AND GAS DETECTION SYSTEM ASAB WELL HEADS GAS LIFT : SINGLE COMPLETION WELL SB - 381,6569-20-200-D1226-034-01,14-71-42-1635,,ENGG HSE,Drawings,Drawings,package b schdule.xls,HSE,9,5,high,CRS,0
CAUSE AND EFFECT DIAGRAM FIRE AND GAS DETECTION SYSTEM ASAB WELL HEADS GAS LIFT : SINGLE COMPLETION WELL SB - 365,6569-20-200-D1226-035-01,14-71-42-1638,,ENGG HSE,Drawings,Drawings,package b schdule.xls,HSE,9,5,high,CRS,0
CAUSE AND EFFECT DIAGRAM FIRE AND GAS DETECTION SYSTEM ASAB WELL HEADS GAS LIFT : SINGLE COMPLETION WELL SB - 376,6569-20-200-D1226-036-01,14-71-42-1639,,ENGG HSE,Drawings,Drawings,package b schdule.xls,HSE,9,5,high,CRS,0
CAUSE & EFFECT DIAGRAM FIRE AND GAS DETECTION SYSTEM CAUSE & EFFECT DIAGRAM FIRE AND GAS DETECTION SYSTEM GAS LIFT : SINGLE C,6569-20-200-D1226-037-01,14-71-42-1636,,ENGG HSE,Drawings,Drawings,package b schdule.xls,HSE,18,5,high,CRS,0
CAUSE & EFFECT DIAGRAM FIRE AND GAS DETECTION SYSTEM CAUSE & EFFECT DIAGRAM FIRE AND GAS DETECTION SYSTEM GAS LIFT : SINGLE C,6569-20-200-D1226-038-01,14-71-42-1637,,ENGG HSE,Drawings,Drawings,package b schdule.xls,HSE,18,5,high,CRS,0
CAUSE & EFFECT DIAGRAM FIRE AND GAS DETECTION SYSTEM ASAB WELL HEADS GAS LIFT : SINGLE COMPLETION WELL Sb - 269,6569-20-200-D1226-039-01,14-71-42-1640,,ENGG HSE,Drawings,Drawings,package b schdule.xls,HSE,9,5,high,CRS,0
CAUSE & EFFECT DIAGRAM FIRE AND GAS DETECTION SYSTEM  ASAB WELL HEADS GAS LIFT : SINGLE COMPLETION WELL SB – 363,6569-20-200-D1226-040-01,14-71-42-1644,,ENGG HSE,Drawings,Drawings,package b schdule.xls,HSE,9,5,high,CRS,0
CAUSE & EFFECT DIAGRAM FIRE AND GAS DETECTION SYSTEM ASAB WELL HEADS GAS LIFT : SINGLE COMPLETION WELL SB – 384,6569-20-200-D1226-041-01,14-71-42-1645,,ENGG HSE,Drawings,Drawings,package b schdule.xls,HSE,9,5,high,CRS,0
CAUSE & EFFECT DIAGRAM  FIRE AND GAS DETECTION SYSTEM ASAB WELL HEADS GAS LIFT : SINGLE COMPLETION WELL SB - 489,6569-20-200-D1226-042-01,14-71-42-1646,,ENGG HSE,Drawings,Drawings,package b schdule.xls,HSE,9,5,high,CRS,0
CAUSE & EFFECT DIAGRAM FIRE AND GAS DETECTION SYSTEM ASAB WELL HEADS GAS LIFT : SINGLE COMPLETION WELL SB - 302,6569-20-200-D1226-043-01,14-71-42-1643,,ENGG HSE,Drawings,Drawings,package b schdule.xls,HSE,9,5,high,CRS,0
CAUSE & EFFECT DIAGRAM FIRE AND GAS DETECTION SYSTEM ASAB WELL HEADS GAS LIFT : SINGLE COMPLETION WELL SB - 302,6569-20-200-D1226-044-01,14-71-42-1647,,ENGG HSE,Drawings,Drawings,package b schdule.xls,HSE,9,5,high,CRS,0
CAUSE & EFFECT DIAGRAM FIRE AND GAS DETECTION SYSTEM ASAB WELL HEADS GAS LIFT : SINGLE COMPLETION WELL SB - 310,6569-20-200-D1226-045-01,14-71-42-1648,,ENGG HSE,Drawings,Drawings,package b schdule.xls,HSE,9,5,high,CRS,0
CAUSE & EFFECT DIAGRAM FIRE AND GAS DETECTION SYSTEM ASAB WELL HEADS GAS LIFT : SINGLE COMPLETION WELL Sb - 403,6569-20-200-D1226-046-01,14-71-42-1641,,ENGG HSE,Drawings,Drawings,package b schdule.xls,HSE,9,5,high,CRS,0
CAUSE & EFFECT DIAGRAM FIRE AND GAS DETECTION SYSTEM ASAB WELL HEADS GAS LIFT : SINGLE COMPLETION WELL Sb - 324,6569-20-200-D1226-047-01,14-71-42-1642,,ENGG HSE,Drawings,Drawings,package b schdule.xls,HSE,9,5,high,CRS,0
CAUSE & EFFECT DIAGRAM FIRE AND GAS DETECTION SYSTEM ASAB WELL HEADS GAS LIFT : SINGLE COMPLETION WELL SB - 016,6569-20-200-D1226-048-01,14-71.42.1629,,ENGG HSE,Drawings,Drawings,package b schdule.xls,HSE,9,5,high,CRS,0
CAUSE & EFFECT DIAGRAM (F&G) SHAH ARTIFICIAL OIL WELL SY-087,6569-20-200-D1226-049-01,29-71-42-1622,,ENGG HSE,Drawings,Drawings,package b schdule.xls,HSE,9,5,high,CRS,0
CAUSE & EFFECT DIAGRAM (F&G) SHAH ARTIFICIAL OIL WELL SY-088,6569-20-200-D1226-050-01,29-71-42-1624,,ENGG HSE,Drawings,Drawings,package b schdule.xls,HSE,9,5,high,CRS,0
CAUSE & EFFECT DIAGRAM (F&G) SHAH ARTIFICIAL OIL WELL SY-089,6569-20-200-D1226-051-01,29-71-42-1625,,ENGG HSE,Drawings,Drawings,package b schdule.xls,HSE,9,5,high,CRS,0
CAUSE & EFFECT DIAGRAM (F&G) SHAH ARTIFICIAL OIL WELL SY-090,6569-20-200-D1226-052-01,29-71-42-1626,,ENGG HSE,Drawings,Drawings,package b schdule.xls,HSE,9,5,high,CRS,0
CAUSE & EFFECT DIAGRAM (F&G) SHAH ARTIFICIAL OIL WELL SY-085,6569-20-200-D1226-053-01,29-71-42-1629,,ENGG HSE,Drawings,Drawings,package b schdule.xls,HSE,9,5,high,CRS,0
LAYOUT OF ESCAPE ROUTES & SAFETY SIGNS SINGLE COMPLETION OIL WELL SB-376,6569-20-200-D1241-052-01,14-71-87-1610,,ENGG HSE,Drawings,Drawings,package b schdule.xls,HSE,5,5,high,CRS,0
CAUSE & EFFECT DIAGRAM FIRE AND GAS DETECTION SYSTEM QUSAHWIRA WELL HEADS GAS INJECTION  QW - 083,6569-20-200-D1241-053-01,58-71-42-1602,,ENGG HSE,Drawings,Drawings,package b schdule.xls,HSE,9,5,high,CRS,0
LAYOUT OF ESCAPE ROUTES & SAFETY SIGNS SINGLE COMPLETION OIL WELL SB-365,6569-20-200-D1241-054-01,14-71-87-1612,,ENGG HSE,Drawings,Drawings,package b schdule.xls,HSE,5,5,high,CRS,0
LAYOUT OF ESCAPE ROUTES & SAFETY SIGNS SINGLE COMPLETION OIL WELL SB-363,6569-20-200-D1241-055-01,14-71-87-1613,,ENGG HSE,Drawings,Drawings,package b schdule.xls,HSE,5,5,high,CRS,0
LAYOUT OF ESCAPE ROUTES & SAFETY SIGNS SINGLE COMPLETION OIL WELL SB-382,6569-20-200-D1241-056-01,14-71-87-1614,,ENGG HSE,Drawings,Drawings,package b schdule.xls,HSE,5,5,high,CRS,0
LAYOUT OF ESCAPE ROUTES & SAFETY SIGNS SINGLE COMPLETION OIL WELL SB-330,6569-20-200-D1241-057-01,14-71-87-1616,,ENGG HSE,Drawings,Drawings,package b schdule.xls,HSE,5,5,high,CRS,0
LAYOUT OF ESCAPE ROUTES & SAFETY SIGNS QW-072 QUSAHWIRA FIELD,6569-20-200-D1241-058-01,58-71-87-1628,,ENGG HSE,Drawings,Drawings,package b schdule.xls,HSE,5,5,high,CRS,0
GENERAL ARRANGEMENT CIVIL SECTION - A WELLHEAD (SB-159),6569-20-200-D1310-001-01,14-71-79-1601,A,CIVIL,Drawings,Drawings,package b schdule.xls,CIVIL,9,5,high,CRS,0
GENERAL ARRANGEMENT CIVIL SECTION -B WELHEAD (SB-159),6569-20-200-D1310-001-02,14-71-79-1601,A,CIVIL,Drawings,Drawings,package b schdule.xls,CIVIL,9,5,high,CRS,0
GENERAL ARRANGEMENT CIVIL SECTION -C WELHEAD (SB-159),6569-20-200-D1310-001-03,14-71-79-1601,A,CIVIL,Drawings,Drawings,package b schdule.xls,CIVIL,9,5,high,CRS,0
GENERAL ARRANGEMENT CIVIL SECTION -D WELHEAD (SB-159),6569-20-200-D1310-001-04,14-71-79-1601,A,CIVIL,Drawings,Drawings,package b schdule.xls,CIVIL,9,5,high,CRS,0
GENERAL ARRANGEMENT CIVIL  -GAS LIFT SINGLE COMPLETION OIL WELL -SB-489,6569-20-200-D1310-002-01,14-71-79-1602,,CIVIL,Drawings,Drawings,package b schdule.xls,CIVIL,9,5,high,CRS,0
GENERAL ARRANGEMENT CIVIL  -GAS LIFT SINGLE COMPLETION OIL WELL -SB-413,6569-20-200-D1310-003-01,14-71-79-1603,A,CIVIL,Drawings,Drawings,package b schdule.xls,CIVIL,9,5,high,CRS,0
GENERAL ARRANGEMENT CIVIL  -GAS LIFT SINGLE COMPLETION OIL WELL -SB-415 & SB-410 AT ASAB FIELD,6569-20-200-D1310-004-01,14-71-79-1604,A,CIVIL,Drawings,Drawings,package b schdule.xls,CIVIL,9,5,high,CRS,0
GENERAL ARRANGEMENT CIVIL  -GAS LIFT SINGLE COMPLETION OIL WELL -SB-403 & SB-324 AT ASAB FIELD,6569-20-200-D1310-005-01,14-71-79-1605,,CIVIL,Drawings,Drawings,package b schdule.xls,CIVIL,9,5,high,CRS,0
GENERAL ARRANGEMENT CIVIL  -GAS LIFT SINGLE COMPLETION OIL WELL -SB-327,6569-20-200-D1310-006-01,14-71-79-1606,,CIVIL,Drawings,Drawings,package b schdule.xls,CIVIL,9,5,high,CRS,0
GENERAL ARRANGEMENT CIVIL  -GAS LIFT SINGLE COMPLETION OIL WELL -SB-394,6569-20-200-D1310-007-01,14-71-79-1607,A,CIVIL,Drawings,Drawings,package b schdule.xls,CIVIL,9,5,high,CRS,0
GENERAL ARRANGEMENT CIVIL  -GAS LIFT SINGLE COMPLETION OIL WELL -SB-410,6569-20-200-D1310-008-01,14-71-79-1608,,CIVIL,Drawings,Drawings,package b schdule.xls,CIVIL,9,5,high,CRS,0
GENERAL ARRANGEMENT CIVIL  -GAS LIFT SINGLE COMPLETION OIL WELL -SB-381  AT ASAB FIELD,6569-20-200-D1310-009-01,14-71-79-1609,A,CIVIL,Drawings,Drawings,package b schdule.xls,CIVIL,9,5,high,CRS,0
GENERAL ARRANGEMENT CIVIL  -GAS LIFT SINGLE COMPLETION OIL WELL -SB-269,6569-20-200-D1310-010-01,14-71-79-1610,A,CIVIL,Drawings,Drawings,package b schdule.xls,CIVIL,9,5,high,CRS,0
GENERAL ARRANGEMENT CIVIL - LAYOUT WELLHEAD FOR GAS LIFT SINGLE COMPLETION OIL WELL-SB-352 AT ASAB FIELD,6569-20-200-D1310-011-01,14-71-79-1611,A,CIVIL,Drawings,Drawings,package b schdule.xls,CIVIL,14,5,high,CRS,0
GENERAL ARRANGEMENT CIVIL  -GAS LIFT SINGLE COMPLETION OIL WELL -SB-016 AT ASAB FIELD,6569-20-200-D1310-012-01,14-71-79-1612,A,CIVIL,Drawings,Drawings,package b schdule.xls,CIVIL,9,5,high,CRS,0
GENERAL ARRANGEMENT CIVIL  -GAS LIFT SINGLE COMPLETION OIL WELL -SB-333 AT ASAB FIELD,6569-20-200-D1310-013-01,14-71-79-1613,,CIVIL,Drawings,Drawings,package b schdule.xls,CIVIL,9,5,high,CRS,0
GENERAL ARRANGEMENT CIVIL  -GAS LIFT SINGLE COMPLETION OIL WELL -SB-376,6569-20-200-D1310-014-01,14-71-79-1614,A,CIVIL,Drawings,Drawings,package b schdule.xls,CIVIL,9,5,high,CRS,0
GENERAL ARRANGEMENT CIVIL  -GAS LIFT SINGLE COMPLETION OIL WELL -SB-386,6569-20-200-D1310-015-01,14-71-79-1615,A,CIVIL,Drawings,Drawings,package b schdule.xls,CIVIL,9,5,high,CRS,0
GENERAL ARRANGEMENT CIVIL  -GAS LIFT SINGLE COMPLETION OIL WELL -SB-365,6569-20-200-D1310-016-01,14-71-79-1616,A,CIVIL,Drawings,Drawings,package b schdule.xls,CIVIL,9,5,high,CRS,0
GENERAL ARRANGEMENT CIVIL  -GAS LIFT SINGLE COMPLETION OIL WELL -SB-324,6569-20-200-D1310-017-01,14-71-79-1617,,CIVIL,Drawings,Drawings,package b schdule.xls,CIVIL,9,5,high,CRS,0
GENERAL ARRANGEMENT CIVIL  -GAS LIFT SINGLE COMPLETION OIL WELL -SB-363,6569-20-200-D1310-018-01,14-71-79-1618,,CIVIL,Drawings,Drawings,package b schdule.xls,CIVIL,9,5,high,CRS,0
GENERAL ARRANGEMENT CIVIL  -GAS LIFT SINGLE COMPLETION OIL WELL -SB-382,6569-20-200-D1310-019-01,14-71-79-1619,,CIVIL,Drawings,Drawings,package b schdule.xls,CIVIL,9,5,high,CRS,0
GENERAL ARRANGEMENT CIVIL  -GAS LIFT SINGLE COMPLETION OIL WELL -SB-384,6569-20-200-D1310-020-01,14-71-79-1620,,CIVIL,Drawings,Drawings,package b schdule.xls,CIVIL,9,5,high,CRS,0
GENERAL ARRANGEMENT CIVIL  -GAS LIFT SINGLE COMPLETION OIL WELL -SB-330,6569-20-200-D1310-021-01,14-71-79-1621,,CIVIL,Drawings,Drawings,package b schdule.xls,CIVIL,9,5,high,CRS,0
GENERAL ARRANGEMENT CIVIL  -GAS LIFT SINGLE COMPLETION OIL WELL -SB-310,6569-20-200-D1310-022-01,14-71-79-1622,,CIVIL,Drawings,Drawings,package b schdule.xls,CIVIL,9,5,high,CRS,0
GENERAL ARRANGEMENT CIVIL  -GAS LIFT SINGLE COMPLETION OIL WELL -SB-302,6569-20-200-D1310-023-01,14-71-79-1623,,CIVIL,Drawings,Drawings,package b schdule.xls,CIVIL,9,5,high,CRS,0
GENERAL ARRANGEMENT CIVIL  -GAS LIFT SINGLE COMPLETION OIL WELL -SB-170,6569-20-200-D1310-024-01,14-71-79-1624,,CIVIL,Drawings,Drawings,package b schdule.xls,CIVIL,9,5,high,CRS,0
GENERAL ARRANGEMENT CIVIL  -GAS LIFT SINGLE COMPLETION OIL WELL -SB-395,6569-20-200-D1310-025-01,14-71-79-1625,,CIVIL,Drawings,Drawings,package b schdule.xls,CIVIL,9,5,high,CRS,0
GENERAL ARRANGEMENT CIVIL SECTION -A WELLHEAD (SB-179),6569-20-200-D1310-026-01,14-71-79-1626,2,CIVIL,Drawings,Drawings,package b schdule.xls,CIVIL,9,5,high,CRS,0
GENERAL ARRANGEMENT CIVIL SECTION -B WELLHEAD (SB-179),6569-20-200-D1310-026-02,14-71-79-1626,2,CIVIL,Drawings,Drawings,package b schdule.xls,CIVIL,9,5,high,CRS,0
GENERAL ARRANGEMENT CIVIL SECTION -C WELLHEAD (SB-179),6569-20-200-D1310-026-03,14-71-79-1626,2,CIVIL,Drawings,Drawings,package b schdule.xls,CIVIL,9,5,high,CRS,0
GENERAL ARRANGEMENT CIVIL SECTION -D WELLHEAD (SB-179),6569-20-200-D1310-026-04,14-71-79-1626,2,CIVIL,Drawings,Drawings,package b schdule.xls,CIVIL,9,5,high,CRS,0
GENERAL ARRANGEMENT CIVIL SECTION A WELLHEAD (SB-098),6569-20-200-D1310-027-01,14-71-79-1627,1,CIVIL,Drawings,Drawings,package b schdule.xls,CIVIL,9,5,high,CRS,0
GENERAL ARRANGEMENT CIVIL SECTION A WELLHEAD (SB-098),6569-20-200-D1310-027-02,14-71-79-1627,1,CIVIL,Drawings,Drawings,package b schdule.xls,CIVIL,9,5,high,CRS,0
GENERAL ARRANGEMENT CIVIL SECTION A WELLHEAD (SB-098),6569-20-200-D1310-027-03,14-71-79-1627,1,CIVIL,Drawings,Drawings,package b schdule.xls,CIVIL,9,5,high,CRS,0
"GENERAL ARRANGEMENT CIVIL SECTION -A,B,C,D WELLHEAD (SB-018)",6569-20-200-D1310-028-01,14-71-79-1628,3,CIVIL,Drawings,Drawings,package b schdule.xls,CIVIL,9,5,high,CRS,0
SITE PREPARATION LAYOUT WELLHEAD SB-159,6569-20-200-D1312-001-01,14-71-82-1601,2,CIVIL,Drawings,Drawings,package b schdule.xls,,8,5,high,CRS,0
SITE PREPARATION LAYOUT WELLHEAD SB-159,6569-20-200-D1312-001-02,14-71-82-1601,2,CIVIL,Drawings,Drawings,package b schdule.xls,,8,5,high,CRS,0
SITE PREPARATION - LAYOUT WELLHEAD FOR GAS LIFT SINGLE COMPLETION OIL WELL-SB-489,6569-20-200-D1312-002-01,14-71-82-1602,A,CIVIL,Drawings,Drawings,package b schdule.xls,,8,5,high,CRS,0
SITE PREPARATION LAYOUT WELLHEAD SB-413,6569-20-200-D1312-003-01,14-71-82-1603,2,CIVIL,Drawings,Drawings,package b schdule.xls,,8,5,high,CRS,0
SITE PREPARATION - LAYOUT FOR GAS LIFT (SHARED) WELLS SB-415 & SB-410,6569-20-200-D1312-004-01,14-71-82-1604,2,CIVIL,Drawings,Drawings,package b schdule.xls,,8,5,high,CRS,0
SITE PREPARATION LAYOUT OF GAS LIFT (SHARED) WELLS SB-324 AND SB-403,6569-20-200-D1312-005-01,14-71-82-1605,A,CIVIL,Drawings,Drawings,package b schdule.xls,,8,5,high,CRS,0
SITE PREPARATION - LAYOUT WELLHEAD FOR GAS LIFT SINGLE COMPLETION OIL WELL-SB-327,6569-20-200-D1312-006-01,14-71-82-1606,,CIVIL,Drawings,Drawings,package b schdule.xls,,8,5,high,CRS,0
SITE PREPARATION LAYOUT WELLHEAD SB-394,6569-20-200-D1312-007-01,14-71-82-1607,2,CIVIL,Drawings,Drawings,package b schdule.xls,,8,5,high,CRS,0
SITE PREPARATION LAYOUT WELLHEAD SB-394,6569-20-200-D1312-007-02,14-71-82-1607,2,CIVIL,Drawings,Drawings,package b schdule.xls,,8,5,high,CRS,0
SITE PREPARATION - LAYOUT WELLHEAD FOR GAS LIFT SINGLE COMPLETION OIL WELL-SB-410,6569-20-200-D1312-008-01,14-71-82-1608,,CIVIL,Drawings,Drawings,package b schdule.xls,,8,5,high,CRS,0
SITE PREPARATION - LAYOUT FOR GAS LIFT WELL SB-381,6569-20-200-D1312-009-01,14-71-82-1609,1,CIVIL,Drawings,Drawings,package b schdule.xls,,8,5,high,CRS,0
SITE PREPARATION LAYOUT WELLHEAD SB-269,6569-20-200-D1312-010-01,14-71-82-1610,1,CIVIL,Drawings,Drawings,package b schdule.xls,,8,5,high,CRS,0
SITE PREPARATION LAOUT WELLHEAD SB-352,6569-20-200-D1312-011-01,14-71-82-1611,2,CIVIL,Drawings,Drawings,package b schdule.xls,,3,3,medium,CRS,0
SITE PREPARATION LAYOUT GAS LIFT WELLHEAD SB-016,6569-20-200-D1312-012-01,14-71-82-1612,2,CIVIL,Drawings,Drawings,package b schdule.xls,,8,5,high,CRS,0
SITE PREPARATION - LAYOUT FOR GAS LIFT WELL SB-333,6569-20-200-D1312-013-01,14-71-82-1613,1,CIVIL,Drawings,Drawings,package b schdule.xls,,8,5,high,CRS,0
SITE PREPARATION - LAYOUT WELLHEAD FOR GAS LIFT SINGLE COMPLETION OIL WELL-SB-376,6569-20-200-D1312-014-01,14-71-82-1614,A,CIVIL,Drawings,Drawings,package b schdule.xls,,8,5,high,CRS,0
SITE PREPARATION - LAYOUT WELLHEAD FOR GAS LIFT SINGLE COMPLETION OIL WELL-SB-386,6569-20-200-D1312-015-01,14-71-82-1615,1,CIVIL,Drawings,Drawings,package b schdule.xls,,8,5,high,CRS,0
SITE PREPARATION - LAYOUT WELLHEAD FOR GAS LIFT SINGLE COMPLETION OIL WELL-SB-365,6569-20-200-D1312-016-01,14-71-82-1616,1,CIVIL,Drawings,Drawings,package b schdule.xls,,8,5,high,CRS,0
SITE PREPARATION - LAYOUT WELLHEAD FOR GAS LIFT SINGLE COMPLETION OIL WELL-SB-324,6569-20-200-D1312-017-01,14-71-82-1617,,CIVIL,Drawings,Drawings,package b schdule.xls,,8,5,high,CRS,0
SITE PREPARATION - LAYOUT WELLHEAD FOR GAS LIFT SINGLE COMPLETION OIL WELL-SB-363,6569-20-200-D1312-018-01,14-71-82-1618,1,CIVIL,Drawings,Drawings,package b schdule.xls,,8,5,high,CRS,0
SITE PREPARATION - LAYOUT WELLHEAD FOR GAS LIFT SINGLE COMPLETION OIL WELL-SB-382,6569-20-200-D1312-019-01,14-71-82-1619,1,CIVIL,Drawings,Drawings,package b schdule.xls,,8,5,high,CRS,0
SITE PREPARATION - LAYOUT WELLHEAD FOR GAS LIFT SINGLE COMPLETION OIL WELL-SB-384,6569-20-200-D1312-020-01,14-71-82-1620,1,CIVIL,Drawings,Drawings,package b schdule.xls,,8,5,high,CRS,0
SITE PREPARATION - LAYOUT WELLHEAD FOR GAS LIFT SINGLE COMPLETION OIL WELL-SB-330,6569-20-200-D1312-021-01,14-71-82-1621,1,CIVIL,Drawings,Drawings,package b schdule.xls,,8,5,high,CRS,0
SITE PREPARATION - LAYOUT WELLHEAD FOR GAS LIFT SINGLE COMPLETION OIL WELL-SB-310,6569-20-200-D1312-022-01,14-71-82-1622,1,CIVIL,Drawings,Drawings,package b schdule.xls,,8,5,high,CRS,0
SITE PREPARATION - LAYOUT WELLHEAD FOR GAS LIFT SINGLE COMPLETION OIL WELL-SB-302,6569-20-200-D1312-023-01,14-71-82-1623,,CIVIL,Drawings,Drawings,package b schdule.xls,,8,5,high,CRS,0
SITE PREPARATION - LAYOUT WELLHEAD FOR GAS LIFT SINGLE COMPLETION OIL WELL-SB-170,6569-20-200-D1312-024-01,14-71-82-1624,1,CIVIL,Drawings,Drawings,package b schdule.xls,,8,5,high,CRS,0
SITE PREPARATION - LAYOUT WELLHEAD FOR GAS LIFT SINGLE COMPLETION OIL WELL-SB-395,6569-20-200-D1312-025-01,14-71-82-1625,1,CIVIL,Drawings,Drawings,package b schdule.xls,,8,5,high,CRS,0
SITE PREPARATION - LAYOUT WELLHEAD (SB-098),6569-20-200-D1312-027-01,14-71-82-1627,2,CIVIL,Drawings,Drawings,package b schdule.xls,,8,5,high,CRS,0
SITE PREPARATION - LAYOUT WELLHEAD (SB-098),6569-20-200-D1312-027-02,14-71-82-1627,2,CIVIL,Drawings,Drawings,package b schdule.xls,,8,5,high,CRS,0
SITE PREPARATION LAYOUT WELLHEAD SB-018,6569-20-200-D1312-029-01,14-71-82-1628,1,CIVIL,Drawings,Drawings,package b schdule.xls,,8,5,high,CRS,0
SITE PREPARATION LAYOUT WELLHEAD SB-018,6569-20-200-D1312-029-02,14-71-82-1628,1,CIVIL,Drawings,Drawings,package b schdule.xls,,8,5,high,CRS,0
"DETAILS FOR CROSSOVERS, PIPE SUPPORTS AND PLATFORMS FOR WELLHEAD Sb-159",6569-20-200-D1330-001-01,14-70-76-1630,,CIVIL,Drawings,Drawings,package b schdule.xls,,6,4,medium,CRS,0
"DETAILS FOR CROSSOVERS, PIPE SUPPORTS AND PLATFORMS FOR WELLHEAD Sb-413",6569-20-200-D1330-002-01,14-70-76-1631,,CIVIL,Drawings,Drawings,package b schdule.xls,,6,4,medium,CRS,0
"DETAILS FOR CROSSOVERS, PIPE SUPPORTS AND PLATFORMS FOR WELLHEAD SB-415",6569-20-200-D1330-003-01,14-70-76-1632,,CIVIL,Drawings,Drawings,package b schdule.xls,,6,4,medium,CRS,0
"DETAILS FOR CROSSOVERS, PIPE SUPPORTS AND PLATFORMS FOR WELLHEAD Sb-403",6569-20-200-D1330-004-01,14-70-76-1633,,CIVIL,Drawings,Drawings,package b schdule.xls,,6,4,medium,CRS,0
"DETAILS FOR CROSSOVERS, PIPE SUPPORTS AND PLATFORMS FOR WELLHEAD Sb-394",6569-20-200-D1330-005-01,14-70-76-1634,,CIVIL,Drawings,Drawings,package b schdule.xls,,6,4,medium,CRS,0
DETAILS FOR CROSSOVER PIPE SUPPORTS AND PLATFORMS FOR WELLHEAD SB-410 AND SB-415,6569-20-200-D1330-006-01,14-70-76-1635,A,CIVIL,Drawings,Drawings,package b schdule.xls,,6,4,medium,CRS,0
"DETAILS FOR CROSSOVERS, PIPE SUPPORTS AND PLATFORMS FOR WELLHEAD Sb-381",6569-20-200-D1330-007-01,14-70-76-1636,,CIVIL,Drawings,Drawings,package b schdule.xls,,6,4,medium,CRS,0
"DETAILS FOR CROSSOVERS, PIPE SUPPORTS AND PLATFORMS FOR WELLHEAD Sb-269",6569-20-200-D1330-008-01,14-70-76-1637,,CIVIL,Drawings,Drawings,package b schdule.xls,,6,4,medium,CRS,0
"DETAILS FOR CROSSOVERS, PIPE SUPPORTS AND PLATFORMS FOR WELLHEAD Sb-352",6569-20-200-D1330-009-01,14-70-76-1638,A,CIVIL,Drawings,Drawings,package b schdule.xls,,6,4,medium,CRS,0
"DETAILS FOR CROSSOVERS, PIPE SUPPORTS AND PLATFORMS FOR WELLHEAD Sb-016",6569-20-200-D1330-010-01,14-70-76-1639,,CIVIL,Drawings,Drawings,package b schdule.xls,,6,4,medium,CRS,0
"DETAILS FOR CROSSOVERS, PIPE SUPPORTS AND PLATFORMS FOR WELLHEAD Sb-333",6569-20-200-D1330-011-01,14-70-76-1640,,CIVIL,Drawings,Drawings,package b schdule.xls,,6,4,medium,CRS,0
"DETAILS FOR CROSSOVERS, PIPE SUPPORTS AND PLATFORMS FOR WELLHEAD Sb-376",6569-20-200-D1330-012-01,14-70-76-1641,,CIVIL,Drawings,Drawings,package b schdule.xls,,6,4,medium,CRS,0
"DETAILS FOR CROSSOVERS, PIPE SUPPORTS AND PLATFORMS FOR WELLHEAD SB-386",6569-20-200-D1330-013-01,14-70-76-1642,,CIVIL,Drawings,Drawings,package b schdule.xls,,6,4,medium,CRS,0
"DETAILS FOR CROSSOVERS, PIPE SUPPORTS AND PLATFORMS FOR WELLHEAD Sb-365",6569-20-200-D1330-014-01,14-70-76-1643,,CIVIL,Drawings,Drawings,package b schdule.xls,,6,4,medium,CRS,0
"DETAILS FOR CROSSOVERS, PIPE SUPPORTS AND PLATFORMS FOR WELLHEAD Sb-324",6569-20-200-D1330-015-01,14-70-76-1644,,CIVIL,Drawings,Drawings,package b schdule.xls,,6,4,medium,CRS,0
"DETAILS FOR CROSSOVERS, PIPE SUPPORTS AND PLATFORMS FOR WELLHEAD Sb-363",6569-20-200-D1330-016-01,14-70-76-1644,,CIVIL,Drawings,Drawings,package b schdule.xls,,6,4,medium,CRS,0
"DETAILS FOR CROSSOVERS, PIPE SUPPORTS AND PLATFORMS FOR WELLHEAD Sb-363",6569-20-200-D1330-017-01,14-70-76-1645,,CIVIL,Drawings,Drawings,package b schdule.xls,,6,4,medium,CRS,0
"DETAILS FOR CROSSOVERS, PIPE SUPPORTS AND PLATFORMS FOR WELLHEAD Sb-382",6569-20-200-D1330-018-01,14-70-76-1646,,CIVIL,Drawings,Drawings,package b schdule.xls,,6,4,medium,CRS,0
"DETAILS FOR CROSSOVERS, PIPE SUPPORTS AND PLATFORMS FOR WELLHEAD Sb-384",6569-20-200-D1330-019-01,14-70-76-1647,,CIVIL,Drawings,Drawings,package b schdule.xls,,6,4,medium,CRS,0
"DETAILS FOR CROSSOVERS, PIPE SUPPORTS AND PLATFORMS FOR WELLHEAD Sb-330",6569-20-200-D1330-020-01,14-70-76-1648,,CIVIL,Drawings,Drawings,package b schdule.xls,,6,4,medium,CRS,0
"DETAILS FOR CROSSOVERS, PIPE SUPPORTS AND PLATFORMS FOR WELLHEAD Sb-310",6569-20-200-D1330-021-01,14-70-76-1649,,CIVIL,Drawings,Drawings,package b schdule.xls,,6,4,medium,CRS,0
"DETAILS FOR CROSSOVERS, PIPE SUPPORTS AND PLATFORMS FOR WELLHEAD Sb-302",6569-20-200-D1330-022-01,14-70-76-1650,,CIVIL,Drawings,Drawings,package b schdule.xls,,6,4,medium,CRS,0
"DETAILS FOR CROSSOVERS, PIPE SUPPORTS AND PLATFORMS FOR WELLHEAD Sb-395",6569-20-200-D1330-023-01,14-70-76-1652,,CIVIL,Drawings,Drawings,package b schdule.xls,,6,4,medium,CRS,0
"DETAILS FOR CROSSOVERS, PIPE SUPPORTS AND PLATFORMS FOR WELLHEAD Sb-489",6569-20-200-D1330-024-01,14-70-76-1653,,CIVIL,Drawings,Drawings,package b schdule.xls,,6,4,medium,CRS,0
"DETAILS FOR CROSSOVERS, PIPE SUPPORTS AND PLATFORMS FOR WELLHEAD Sb-327",6569-20-200-D1330-025-01,14-70-76-1654,,CIVIL,Drawings,Drawings,package b schdule.xls,,6,4,medium,CRS,0
"DETAILS FOR CROSSOVER , PIPE SUPPORTS AND PLATFORMS FOR WELLHEAD SB-159",6569-20-200-D1330-026-01,14-71-76-1630,A,CIVIL,Drawings,Drawings,package b schdule.xls,,6,4,medium,CRS,0
DETAILS FOR CROSSOVER PIPE SUPPORTS AND PLATFORMS FOR WELLHEAD SB-394,6569-20-200-D1330-027-01,14-71-76-1634,A,CIVIL,Drawings,Drawings,package b schdule.xls,,6,4,medium,CRS,0
"DETAILS FOR CROSSOVER , PIPE SUPPORTS AND PLATFORMS FOR WELLHEAD SB-016",6569-20-200-D1330-028-01,14-71-76-1639,A,CIVIL,Drawings,Drawings,package b schdule.xls,,6,4,medium,CRS,0
DETAILS FOR CROSSOVER PIPE SUPPORTS AND PLATFORMS FOR WELLHEADS SB-413,6569-20-200-D1330-029-01,14-71-76-1631,A,CIVIL,Drawings,Drawings,package b schdule.xls,,6,4,medium,CRS,0
"DETAILS FOR CROSSOVERS, PIPE SUPPORTS AND PLATFORMS FOR WELLHEAD Sb-170",6569-20-200-D1330-030-01,14-70-76-1651,,CIVIL,Drawings,Drawings,package b schdule.xls,,6,4,medium,CRS,0
PLOT PLAN WELLHEAD FOR GAS LIFT SINGLE COMPLETION OIL WELL SB-159,6569-20-200-D1362-001-01,14-71-04-1601,2,PIPNG,Drawings,Drawings,package b schdule.xls,PROJECTS,4,4,medium,Procedures_Plans,3
PLOT PLAN WELLHEAD FOR GAS LIFT SINGLE COMPLETION OIL WELL SB-489,6569-20-200-D1362-002-01,14-71-04-1621,A,PIPNG,Drawings,Drawings,package b schdule.xls,PROJECTS,4,4,medium,Procedures_Plans,3
PLOT PLAN WELLHEAD FOR GAS LIFT SINGLE COMPLETION OIL WELL SB-413,6569-20-200-D1362-003-01,14-71-04-1602,1,PIPNG,Drawings,Drawings,package b schdule.xls,PROJECTS,4,4,medium,Procedures_Plans,3
PLOT PLAN WELLHEAD FOR GAS LIFT (COMBINED IVC ) SINGLE COMPLETION OIL WELL SB-410 & SB-415,6569-20-200-D1362-004-01,14-71-04-1603,1,PIPNG,Drawings,Drawings,package b schdule.xls,PROJECTS,4,4,medium,Procedures_Plans,3
PLOT PLAN WELLHEAD FOR GAS LIFT: SINGLE COMPLETION OIL WELL SB-403,6569-20-200-D1362-005-01,14-71-04-1645,,PIPNG,Drawings,Drawings,package b schdule.xls,PROJECTS,4,4,medium,Procedures_Plans,3
PLOT PLAN WELLHEAD FOR GAS LIFT: SINGLE COMPLETION OIL WELL SB-327,6569-20-200-D1362-006-01,14-71-04-1622,A,PIPNG,Drawings,Drawings,package b schdule.xls,PROJECTS,4,4,medium,Procedures_Plans,3
PLOT PLAN WELLHEAD FOR GAS LIFT SINGLE COMPLETION OIL WELL SB -394,6569-20-200-D1362-007-01,14-71-04-1605,2,PIPNG,Drawings,Drawings,package b schdule.xls,PROJECTS,4,4,medium,Procedures_Plans,3
PLOT PLAN WELLHEAD FOR GAS LIFT (COMBINED IVC ) SINGLE COMPLETION OIL WELL SB-410 & SB-415,6569-20-200-D1362-008-01,14-71-04-1626,,PIPNG,Drawings,Drawings,package b schdule.xls,PROJECTS,4,4,medium,Procedures_Plans,3
PLOT PLAN WELLHEAD FOR GAS LIFT: DUAL COMPLETION OIL WELL WITH HIPS SB-381,6569-20-200-D1362-009-01,14-71-04-1625,,PIPNG,Drawings,Drawings,package b schdule.xls,PROJECTS,4,4,medium,Procedures_Plans,3
PLOT PLAN WELLHEAD FOR GAS LIFT SINGLE COMPLETION OIL WELL SB-381,6569-20-200-D1362-010-01,14-71-04-1606,1,PIPNG,Drawings,Drawings,package b schdule.xls,PROJECTS,4,4,medium,Procedures_Plans,3
PLOT PLAN WELLHEAD FOR GAS LIFT: SINGLE COMPLETION OIL WELL SB-352,6569-20-200-D1362-011-01,14-71-04-1607,2,PIPNG,Drawings,Drawings,package b schdule.xls,PROJECTS,4,4,medium,Procedures_Plans,3
PLOT PLAN WELLHEAD FOR GAS LIFT SINGLE COMPLETION OIL WELL SB-016,6569-20-200-D1362-012-01,14-71-04-1608,2,PIPNG,Drawings,Drawings,package b schdule.xls,PROJECTS,4,4,medium,Procedures_Plans,3
PLOT PLAN WELLHEAD FOR GAS LIFT SINGLE COMPLETION OIL WELL SB-333,6569-20-200-D1362-013-01,14-71-04-1609,A,PIPNG,Drawings,Drawings,package b schdule.xls,PROJECTS,4,4,medium,Procedures_Plans,3
PLOT PLAN WELLHEAD FOR GAS LIFT SINGLE COMPLETION OIL WELL SB-376,6569-20-200-D1362-014-01,14-71-04-1610,A,PIPNG,Drawings,Drawings,package b schdule.xls,PROJECTS,4,4,medium,Procedures_Plans,3
PLOT PLAN WELLHEAD FOR GAS LIFT: SINGLE COMPLETION OIL WELL SB-386,6569-20-200-D1362-015-01,14-71-04-1611,,PIPNG,Drawings,Drawings,package b schdule.xls,PROJECTS,4,4,medium,Procedures_Plans,3
PLOT PLAN WELLHEAD FOR GAS LIFT SINGLE COMPLETION OIL WELL SB-365,6569-20-200-D1362-016-01,14-71-04-1612,A,PIPNG,Drawings,Drawings,package b schdule.xls,PROJECTS,4,4,medium,Procedures_Plans,3
PLOT PLAN WELLHEAD FOR GAS LIFT (COMBINED IVC) SINGLE COMPLETION OIL WELL SB-324 & SB-403,6569-20-200-D1362-017-01,14-71-04-1604,1,PIPNG,Drawings,Drawings,package b schdule.xls,PROJECTS,4,4,medium,Procedures_Plans,3
PLOT PLAN WELLHEAD FOR GAS LIFT (COMBINED IVC) SINGLE COMPLETION OIL WELL SB-324 & SB-403,6569-20-200-D1362-017-02,14-71-04-1604,1,PIPNG,Drawings,Drawings,package b schdule.xls,PROJECTS,4,4,medium,Procedures_Plans,3
PLOT PLAN WELLHEAD FOR GAS LIFT (COMBINED IVC) SINGLE COMPLETION OIL WELL SB-324 & SB-403,6569-20-200-D1362-017-03,14-71-04-1604,1,PIPNG,Drawings,Drawings,package b schdule.xls,PROJECTS,4,4,medium,Procedures_Plans,3
PLOT PLAN WELLHEAD FOR GAS LIFT SINGLE COMPLETION OIL WELL SB-363,6569-20-200-D1362-018-01,14-71-04-1613,A,PIPNG,Drawings,Drawings,package b schdule.xls,PROJECTS,4,4,medium,Procedures_Plans,3
PLOT PLAN WELLHEAD FOR GAS LIFT SINGLE COMPLETION OIL WELL SB-382,6569-20-200-D1362-019-01,14-71-04-1614,,PIPNG,Drawings,Drawings,package b schdule.xls,PROJECTS,4,4,medium,Procedures_Plans,3
PLOT PLAN WELLHEAD FOR GAS LIFT SINGLE COMPLETION OIL WELL SB-384,6569-20-200-D1362-020-01,14-71-04-1615,A,PIPNG,Drawings,Drawings,package b schdule.xls,PROJECTS,4,4,medium,Procedures_Plans,3
PLOT PLAN WELLHEAD FOR GAS LIFT SINGLE COMPLETION OIL WELL SB-330,6569-20-200-D1362-021-01,14-71-04-1616,A,PIPNG,Drawings,Drawings,package b schdule.xls,PROJECTS,4,4,medium,Procedures_Plans,3
PLOT PLAN WELLHEAD FOR GAS LIFT SINGLE COMPLETION OIL WELL SB-310,6569-20-200-D1362-022-01,14-71-04-1617,A,PIPNG,Drawings,Drawings,package b schdule.xls,PROJECTS,4,4,medium,Procedures_Plans,3
PLOT PLAN WELLHEAD FOR GAS LIFT SINGLE COMPLETION OIL WELL SB-302,6569-20-200-D1362-023-01,14-71-04-1618,A,PIPNG,Drawings,Drawings,package b schdule.xls,PROJECTS,4,4,medium,Procedures_Plans,3
PLOT PLAN WELLHEAD FOR GAS LIFT: SINGLE COMPLETION OIL WELL SB-170,6569-20-200-D1362-024-01,14-71-04-1619,A,PIPNG,Drawings,Drawings,package b schdule.xls,PROJECTS,4,4,medium,Procedures_Plans,3
PLOT PLAN WELLHEAD FOR GAS LIFT: SINGLE COMPLETION OIL WELL SB-395,6569-20-200-D1362-025-01,14-71-04-1620,A,PIPNG,Drawings,Drawings,package b schdule.xls,PROJECTS,4,4,medium,Procedures_Plans,3
GENERAL ARRANGMENT PIPING SECTION –A GAS LIFT : SINGLE COMPLETION OIL WELL SB-159,6569-20-200-D1362-026-01,14-71-21-1601,,PIPNG,Drawings,Drawings,package b schdule.xls,PIPNG,4,4,medium,CRS,0
GENERAL ARRANGEMENT DRAWINGS WELLHEAD FOR GAS LIFT: SINGLE COMPLETION OIL WELL SB-489,6569-20-200-D1362-027-01,14-71-21-1621,,PIPNG,Drawings,Drawings,package b schdule.xls,,13,5,high,CRS,0
GENERAL ARRANGMENT PIPING SECTION –B GAS LIFT : SINGLE COMPLETION OIL WELL SB -159,6569-20-200-D1362-028-01,14-71-21-1602,A,PIPNG,Drawings,Drawings,package b schdule.xls,PIPNG,4,4,medium,CRS,0
GENERAL ARRANGMENT PIPING SECTION –C GAS LIFT : SINGLE COMPLETION OIL WELL SB -159,6569-20-200-D1362-029-01,14-71-21-1603,A,PIPNG,Drawings,Drawings,package b schdule.xls,PIPNG,4,4,medium,CRS,0
GENERAL ARRANGMENT PIPING SECTION –D GAS LIFT : SINGLE COMPLETION OIL WELL SB -159,6569-20-200-D1362-030-01,14-71-21-1604,A,PIPNG,Drawings,Drawings,package b schdule.xls,PIPNG,4,4,medium,CRS,0
GENERAL ARRANGEMENT DRAWINGS WELLHEAD FOR GAS LIFT: SINGLE COMPLETION OIL WELL SB-327,6569-20-200-D1362-031-01,14-71-21-1622,,PIPNG,Drawings,Drawings,package b schdule.xls,,13,5,high,CRS,0
GENERAL ARRANGEMENT PIPING SECTION –A GAS LIFT SINGLE COMPLETION OIL WELL SB-413,6569-20-200-D1362-032-01,14-71-21-1605,A,PIPNG,Drawings,Drawings,package b schdule.xls,PIPNG,9,5,high,CRS,0
GENERAL ARRANGEMENT DRAWINGS WELLHEAD FOR GAS LIFT: SINGLE COMPLETION OIL WELL SB-410,6569-20-200-D1362-033-01,14-71-21-1603-,A,PIPNG,Drawings,Drawings,package b schdule.xls,,13,5,high,CRS,0
GENERAL ARRANGEMENT PIPING SECTION –B GAS LIFT SINGLE COMPLETION OIL WELL SB-413,6569-20-200-D1362-034-01,14-71-21-1606,A,PIPNG,Drawings,Drawings,package b schdule.xls,PIPNG,9,5,high,CRS,0
GENERAL ARRANGEMENT DRAWINGS WELLHEAD FOR GAS LIFT: SINGLE COMPLETION OIL WELL SB-269,6569-20-200-D1362-035-01,14-71-21-1606-,A,PIPNG,Drawings,Drawings,package b schdule.xls,,13,5,high,CRS,0
GENERAL ARRANGEMENT PIPING SECTION –C GAS LIFT SINGLE COMPLETION OIL WELL SB-413,6569-20-200-D1362-036-01,14-71-21-1607,A,PIPNG,Drawings,Drawings,package b schdule.xls,PIPNG,9,5,high,CRS,0
GENERAL ARRANGEMENT PIPING SECTION –D GAS LIFT SINGLE COMPLETION OIL WELL SB-413,6569-20-200-D1362-037-01,14-71-21-1608,A,PIPNG,Drawings,Drawings,package b schdule.xls,PIPNG,9,5,high,CRS,0
GENERAL ARRANGEMENT PIPING SECTION –A GAS LIFT : SINGLE COMPLETION OIL WELL SB-410 & 4105,6569-20-200-D1362-038-01,14-71-21-1609,A,PIPNG,Drawings,Drawings,package b schdule.xls,PIPNG,9,5,high,CRS,0
GENERAL ARRANGEMENT PIPING SECTION –B GAS LIFT : SINGLE COMPLETION OIL WELL SB-410 & 415,6569-20-200-D1362-039-01,14-71-21-1610,A,PIPNG,Drawings,Drawings,package b schdule.xls,PIPNG,9,5,high,CRS,0
GENERAL ARRANGEMENT PIPING SECTION –C GAS LIFT : SINGLE COMPLETION OIL WELL SB-410 & 415,6569-20-200-D1362-040-01,14-71-21-1611,A,PIPNG,Drawings,Drawings,package b schdule.xls,PIPNG,9,5,high,CRS,0
GENERAL ARRANGEMENT PIPING SECTION –D GAS LIFT : SINGLE COMPLETION OIL WELL SB-410 & 415,6569-20-200-D1362-041-01,14-71-21-1612,A,PIPNG,Drawings,Drawings,package b schdule.xls,PIPNG,9,5,high,CRS,0
GENERAL ARRANGEMENT DRAWINGS WELLHEAD FOR GAS LIFT: DUAL COMPLETION OIL WELL SB-324,6569-20-200-D1362-042-01,14-71-21-1604-,A,PIPNG,Drawings,Drawings,package b schdule.xls,,13,5,high,CRS,0
GENERAL ARRANGEMENT PIPING SECTION –E GAS LIFT : SINGLE COMPLETION OIL WELL SB-410 & 415,6569-20-200-D1362-043-01,14-71-21-1613,A,PIPNG,Drawings,Drawings,package b schdule.xls,PIPNG,9,5,high,CRS,0
GENERAL ARRANGEMENT DRAWINGS WELLHEAD FOR GAS LIFT: SINGLE COMPLETION OIL WELL SB-382,6569-20-200-D1362-044-01,14-71-21-1614,,PIPNG,Drawings,Drawings,package b schdule.xls,,13,5,high,CRS,0
GENERAL ARRANGEMENT DRAWINGS WELLHEAD FOR GAS LIFT: SINGLE COMPLETION OIL WELL SB-384,6569-20-200-D1362-045-01,14-71-21-1675,,PIPNG,Drawings,Drawings,package b schdule.xls,,13,5,high,CRS,0
GENERAL ARRANGEMENT DRAWINGS WELLHEAD FOR GAS LIFT: SINGLE COMPLETION OIL WELL SB-330,6569-20-200-D1362-046-01,14-71-21-1616,,PIPNG,Drawings,Drawings,package b schdule.xls,,13,5,high,CRS,0
GENERAL ARRANGEMENT DRAWINGS WELLHEAD FOR GAS LIFT: SINGLE COMPLETION OIL WELL SB-310,6569-20-200-D1362-047-01,14-71-21-1617,,PIPNG,Drawings,Drawings,package b schdule.xls,,13,5,high,CRS,0
GENERAL ARRANGEMENT DRAWINGS WELLHEAD FOR GAS LIFT: SINGLE COMPLETION OIL WELL SB-302,6569-20-200-D1362-048-01,14-71-21-1618,,PIPNG,Drawings,Drawings,package b schdule.xls,,13,5,high,CRS,0
GENERAL ARRANGEMENT DRAWINGS WELLHEAD FOR GAS LIFT: SINGLE COMPLETION OIL WELL SB-170,6569-20-200-D1362-049-01,14-71-21-1619,,PIPNG,Drawings,Drawings,package b schdule.xls,,13,5,high,CRS,0
GENERAL ARRANGEMENT DRAWINGS WELLHEAD FOR GAS LIFT: SINGLE COMPLETION OIL WELL SB-395,6569-20-200-D1362-050-01,14-71-21-1620,,PIPNG,Drawings,Drawings,package b schdule.xls,,13,5,high,CRS,0
PIPING LAYOUT AREA –A11 GAS LIFT SINGLE COMPLETION OIL WELL SB-159,6569-20-200-D1362-051-01,14-71-13-1601,A,PIPNG,Drawings,Drawings,package b schdule.xls,PIPNG,5,5,high,CRS,0
PIPING LAYOUTS WELLHEAD FOR GAS LIFT : SINGLE  COMPLETION OIL WELL SB-413,6569-20-200-D1362-052-01,14-71-13-1602,,PIPNG,Drawings,Drawings,package b schdule.xls,PIPNG,5,5,high,CRS,0
PIPING LAYOUT AREA-D1 GAS LIFT SINGLE COMPLETION OIL WELL SB-381,6569-20-200-D1362-053-01,14-71-13-1630,A,PIPNG,Drawings,Drawings,package b schdule.xls,PIPNG,5,5,high,CRS,0
PIPING LAYOUTS WELLHEAD FOR GAS LIFT : SINGLE  COMPLETION OIL WELL SB-403,6569-20-200-D1362-054-01,14-71-13-1628,A,PIPNG,Drawings,Drawings,package b schdule.xls,PIPNG,5,5,high,CRS,0
PIPING LAYOUTS WELLHEAD FOR GAS LIFT : SINGLE  COMPLETION OIL WELL SB-394,6569-20-200-D1362-055-01,14-71-13-1605,A,PIPNG,Drawings,Drawings,package b schdule.xls,PIPNG,5,5,high,CRS,0
PIPING LAYOUTS WELLHEAD FOR GAS LIFT : SINGLE  COMPLETION OIL WELL SB-410,6569-20-200-D1362-056-01,14-71-13-1603,A,PIPNG,Drawings,Drawings,package b schdule.xls,PIPNG,5,5,high,CRS,0
PIPING LAYOUT AREA –B10 GAS LIFT : SINGLE COMPLETION OIL WELL SB-413,6569-20-200-D1362-057-01,14-71-13-1606,A,PIPNG,Drawings,Drawings,package b schdule.xls,PIPNG,5,5,high,CRS,0
PIPING LAYOUT AREA –B13 GAS LIFT : SINGLE COMPLETION OIL WELL SB-413,6569-20-200-D1362-058-01,14-71-13-1606,A,PIPNG,Drawings,Drawings,package b schdule.xls,PIPNG,5,5,high,CRS,0
PIPING LAYOUTS WELLHEAD FOR GAS LIFT : SINGLE  COMPLETION OIL WELL SB-352,6569-20-200-D1362-059-01,14-71-13-1607,,PIPNG,Drawings,Drawings,package b schdule.xls,PIPNG,5,5,high,CRS,0
PIPING LAYOUTS WELLHEAD FOR GAS LIFT : SINGLE  COMPLETION OIL WELL SB-016,6569-20-200-D1362-060-01,14-71-13-1608,,PIPNG,Drawings,Drawings,package b schdule.xls,PIPNG,5,5,high,CRS,0
PIPING LAYOUT AREA –B12 GAS LIFT : SINGLE COMPLETION OIL WELL SB-415 & SB-410,6569-20-200-D1362-061-01,14-71-13-1610,A,PIPNG,Drawings,Drawings,package b schdule.xls,PIPNG,5,5,high,CRS,0
PIPING LAYOUT AREA –B16 GAS LIFT : SINGLE COMPLETION OIL WELL SB-415 & SB-410,6569-20-200-D1362-062-01,14-71-13-1611,A,PIPNG,Drawings,Drawings,package b schdule.xls,PIPNG,5,5,high,CRS,0
PIPING LAYOUT AREA –A20 GAS LIFT : SINGLE COMPLETION OIL WELL SB-415 & SB-410,6569-20-200-D1362-063-01,14-71-13-1609,A,PIPNG,Drawings,Drawings,package b schdule.xls,PIPNG,5,5,high,CRS,0
PIPING LAYOUT AREA –D1 GAS LIFT SINGLE COMPLETION OIL WELL SB-159,6569-20-200-D1362-064-01,14-71-13-1604,A,PIPNG,Drawings,Drawings,package b schdule.xls,PIPNG,5,5,high,CRS,0
PIPING LAYOUTS WELLHEAD FOR GAS LIFT : SINGLE  COMPLETION OIL WELL WITH HIPS SB-382,6569-20-200-D1362-065-01,14-71-13-1612,,PIPNG,Drawings,Drawings,package b schdule.xls,PIPNG,5,5,high,CRS,0
PIPING LAYOUTS WELLHEAD FOR GAS LIFT : DUAL COMPLETION OIL WELL SB-384,6569-20-200-D1362-066-01,14-71-13-1613,,PIPNG,Drawings,Drawings,package b schdule.xls,PIPNG,5,5,high,CRS,0
PIPING LAYOUTS WELLHEAD FOR GAS LIFT : DUAL COMPLETION OIL WELL SB-XXX,6569-20-200-D1362-067-01,14-71-13-1614,,PIPNG,Drawings,Drawings,package b schdule.xls,PIPNG,5,5,high,CRS,0
PIPING LAYOUTS WELLHEAD FOR GAS LIFT : DUAL COMPLETION OIL WELL SB-XXX,6569-20-200-D1362-068-01,14-71-13-1615,,PIPNG,Drawings,Drawings,package b schdule.xls,PIPNG,5,5,high,CRS,0
PIPING LAYOUTS WELLHEAD FOR GAS LIFT : DUAL COMPLETION OIL WELL SB-330,6569-20-200-D1362-069-01,14-71-13-1616,,PIPNG,Drawings,Drawings,package b schdule.xls,PIPNG,5,5,high,CRS,0
PIPING LAYOUTS WELLHEAD FOR GAS LIFT : DUAL COMPLETION OIL WELL SB-310,6569-20-200-D1362-070-01,14-71-13-1617,,PIPNG,Drawings,Drawings,package b schdule.xls,PIPNG,5,5,high,CRS,0
PIPING LAYOUTS WELLHEAD FOR GAS LIFT : DUAL COMPLETION OIL WELL SB-302,6569-20-200-D1362-071-01,14-71-13-1618,,PIPNG,Drawings,Drawings,package b schdule.xls,PIPNG,5,5,high,CRS,0
PIPING LAYOUTS WELLHEAD FOR GAS LIFT : DUAL COMPLETION OIL WELL SB-170,6569-20-200-D1362-072-01,14-71-13-1619,,PIPNG,Drawings,Drawings,package b schdule.xls,PIPNG,5,5,high,CRS,0
PIPING LAYOUTS WELLHEAD FOR GAS LIFT : SINGLE  COMPLETION OIL WELL SB-395,6569-20-200-D1362-073-01,14-71-13-1620,,PIPNG,Drawings,Drawings,package b schdule.xls,PIPNG,5,5,high,CRS,0
PIPING LAYOUTS WELLHEAD FOR GAS LIFT : SINGLE  COMPLETION OIL WELL SB-489,6569-20-200-D1362-074-01,14-71-13-1621,,PIPNG,Drawings,Drawings,package b schdule.xls,PIPNG,5,5,high,CRS,0
PIPING LAYOUTS WELLHEAD FOR GAS LIFT : SINGLE  COMPLETION OIL WELL SB-327,6569-20-200-D1362-075-01,14-71-13-1622,,PIPNG,Drawings,Drawings,package b schdule.xls,PIPNG,5,5,high,CRS,0
PLOT PLAN WELLHEAD FOR GAS LIFT SINGLE COMPLETION OIL WELL Sb-098 (Sheet 1 of 2),6569-20-200-D1362-077-01,14-71-04-1631,1,PIPNG,Drawings,Drawings,package b schdule.xls,PROJECTS,4,4,medium,Procedures_Plans,3
PLOT PLAN WELLHEAD FOR GAS LIFT SINGLE COMPLETION OIL WELL Sb-098 (Sheet 2 of 2),6569-20-200-D1362-077-02,14-71-04-1631,1,PIPNG,Drawings,Drawings,package b schdule.xls,PROJECTS,4,4,medium,Procedures_Plans,3
PLOT PLAN WELLHEAD FOR GAS LIFT SINGLE COMPLETION OIL WELL Sb-018 (Sheet 1 of 2),6569-20-200-D1362-078-01,14-71-04-1632,1,PIPNG,Drawings,Drawings,package b schdule.xls,PROJECTS,4,4,medium,Procedures_Plans,3
PLOT PLAN WELLHEAD FOR GAS LIFT SINGLE COMPLETION OIL WELL Sb-018 (Sheet 2 of 2),6569-20-200-D1362-078-02,14-71-04-1632,1,PIPNG,Drawings,Drawings,package b schdule.xls,PROJECTS,4,4,medium,Procedures_Plans,3
PLOT PLAN WELLHEAD FOR GAS LIFT SINGLE COMPLETION OIL WELL Sb-179,6569-20-200-D1362-079-01,14-71-04-1633,1,PIPNG,Drawings,Drawings,package b schdule.xls,PROJECTS,4,4,medium,Procedures_Plans,3
PLOT PLAN WELLHEAD FOR GAS LIFT SINGLE COMPLETION OIL WELL Sb-179,6569-20-200-D1362-079-02,14-71-04-1633,1,PIPNG,Drawings,Drawings,package b schdule.xls,PROJECTS,4,4,medium,Procedures_Plans,3
GENERAL ARRANGEMENT PIPING SECTION - A SINGLE COMPLETION OIL WELL SB-179,6569-20-200-D1362-080-01,14-71-21-1739,2,PIPNG,Drawings,Drawings,package b schdule.xls,PIPNG,9,5,high,CRS,0
GENERAL ARRANGEMENT PIPING SECTION - B SINGLE COMPLETION OIL WELL SB-179,6569-20-200-D1362-080-02,14-71-21-1740,2,PIPNG,Drawings,Drawings,package b schdule.xls,PIPNG,9,5,high,CRS,0
GENERAL ARRANGEMENT PIPING SECTION - C SINGLE COMPLETION OIL WELL SB-179,6569-20-200-D1362-080-03,14-71-21-1741,2,PIPNG,Drawings,Drawings,package b schdule.xls,PIPNG,9,5,high,CRS,0
GENERAL ARRANGEMENT PIPING SECTION - D SINGLE COMPLETION OIL WELL SB-179,6569-20-200-D1362-080-04,14-71-21-1742,3,PIPNG,Drawings,Drawings,package b schdule.xls,PIPNG,9,5,high,CRS,0
GENERAL ARRANGEMENT PIPING SECTION -A SINGLE COMPLETION OIL WELL SB-098,6569-20-200-D1362-081-01,14-71-21-1731,1,PIPNG,Drawings,Drawings,package b schdule.xls,PIPNG,9,5,high,CRS,0
GENERAL ARRANGEMENT PIPING SECTION-B SINGLE COMPLETION OIL WELL SB-098,6569-20-200-D1362-082-01,14-71-21-1732,1,PIPNG,Drawings,Drawings,package b schdule.xls,PIPNG,9,5,high,CRS,0
GENERAL ARRANGEMENT PIPING SECTION -D SINGLE COMPLETION OIL WELL SB-098,6569-20-200-D1362-083-01,14-71-21-1734,1,PIPNG,Drawings,Drawings,package b schdule.xls,PIPNG,9,5,high,CRS,0
GENERAL ARRANGEMENT PIPING SECTION -A SINGLE COMPLETION OIL WELL SB-018,6569-20-200-D1362-084-01,14-71-21-1735,1,PIPNG,Drawings,Drawings,package b schdule.xls,PIPNG,9,5,high,CRS,0
GENERAL ARRANGEMENT PIPING SECTION -B SINGLE COMPLETION OIL WELL SB-018,6569-20-200-D1362-085-01,14-71-21-1736,1,PIPNG,Drawings,Drawings,package b schdule.xls,PIPNG,9,5,high,CRS,0
GENERAL ARRANGEMENT PIPING SECTION -C SINGLE COMPLETION OIL WELL SB-018,6569-20-200-D1362-086-01,14-71-21-1737,1,PIPNG,Drawings,Drawings,package b schdule.xls,PIPNG,9,5,high,CRS,0
GENERAL ARRANGEMENT PIPNG SECTION -D SINGLE COMPLETION OIL WELL  SB-018,6569-20-200-D1362-087-01,14-71-21-1738,1,PIPNG,Drawings,Drawings,package b schdule.xls,,9,5,high,CRS,0
PIPING LAYOUT AREA –B13 GAS LIFT SINGLE COMPLETION OIL WELL SB-179,6569-20-200-D1362-088-01,14-71-13-1740,1,PIPNG,Drawings,Drawings,package b schdule.xls,PIPNG,5,5,high,CRS,0
PIPING LAYOUT AREA –D1 GAS LIFT SINGLE COMPLETION OIL WELL SB-179,6569-20-200-D1362-089-01,14-71-13-1742,2,PIPNG,Drawings,Drawings,package b schdule.xls,PIPNG,5,5,high,CRS,0
GENERAL ARRANGEMENT PIPING SECTION –A GAS LIFT SINGLE COMPLETION OIL WELL SB-394,6569-20-200-D1362-090-01,14-71-21-1623,A,PIPNG,Drawings,Drawings,package b schdule.xls,PIPNG,9,5,high,CRS,0
GENERAL ARRANGEMENT PIPING SECTION –B GAS LIFT SINGLE COMPLETION OIL WELL SB-394,6569-20-200-D1362-091-01,14-71-21-1624,A,PIPNG,Drawings,Drawings,package b schdule.xls,PIPNG,9,5,high,CRS,0
GENERAL ARRANGEMENT PIPING SECTION –C GAS LIFT SINGLE COMPLETION OIL WELL SB-394,6569-20-200-D1362-092-01,14-71-21-1625,A,PIPNG,Drawings,Drawings,package b schdule.xls,PIPNG,9,5,high,CRS,0
GENERAL ARRANGEMENT PIPING SECTION –D GAS LIFT SINGLE COMPLETION OIL WELL SB-394,6569-20-200-D1362-093-01,14-71-21-1626,A,PIPNG,Drawings,Drawings,package b schdule.xls,PIPNG,9,5,high,CRS,0
GENERAL ARRANGEMENT PIPING SECTION –A GAS LIFT SINGLE COMPLETION OIL WELL SB-016,6569-20-200-D1362-094-01,14-71-21-1643,A,PIPNG,Drawings,Drawings,package b schdule.xls,PIPNG,9,5,high,CRS,0
GENERAL ARRANGEMENT PIPING SECTION –B GAS LIFT SINGLE COMPLETION OIL WELL SB-016,6569-20-200-D1362-095-01,14-71-21-1644,A,PIPNG,Drawings,Drawings,package b schdule.xls,PIPNG,9,5,high,CRS,0
GENERAL ARRANGEMENT PIPING SECTION –C GAS LIFT SINGLE COMPLETION OIL WELL SB-016,6569-20-200-D1362-096-01,14-71-21-1645,A,PIPNG,Drawings,Drawings,package b schdule.xls,PIPNG,9,5,high,CRS,0
GENERAL ARRANGEMENT PIPING SECTION –D GAS LIFT SINGLE COMPLETION OIL WELL SB-016,6569-20-200-D1362-097-01,14-71-21-1646,A,PIPNG,Drawings,Drawings,package b schdule.xls,PIPNG,9,5,high,CRS,0
GENERAL ARRANGMENT PIPING SECTION –A GAS LIFT : SINGLE COMPLETION OIL WELL SB -352,6569-20-200-D1362-098-01,14-71-21-1639,A,PIPNG,Drawings,Drawings,package b schdule.xls,PIPNG,4,4,medium,CRS,0
GENERAL ARRANGMENT PIPING SECTION –B GAS LIFT : SINGLE COMPLETION OIL WELL SB -352,6569-20-200-D1362-099-01,14-71-21-1640,A,PIPNG,Drawings,Drawings,package b schdule.xls,PIPNG,4,4,medium,CRS,0
GENERAL ARRANGMENT PIPING SECTION –C GAS LIFT : SINGLE COMPLETION OIL WELL SB -352,6569-20-200-D1362-100-01,14-71-21-1641,A,PIPNG,Drawings,Drawings,package b schdule.xls,PIPNG,4,4,medium,CRS,0
GENERAL ARRANGMENT PIPING SECTION –D GAS LIFT : SINGLE COMPLETION OIL WELL SB -352,6569-20-200-D1362-101-01,14-71-21-1642,A,PIPNG,Drawings,Drawings,package b schdule.xls,PIPNG,4,4,medium,CRS,0
GENERAL ARRANGEMENT PIPING SECTION –A GAS LIFT : SINGLE COMPLETION OIL WELL SB-381,6569-20-200-D1362-102-01,14-71-21-1627,A,PIPNG,Drawings,Drawings,package b schdule.xls,PIPNG,9,5,high,CRS,0
GENERAL ARRANGEMENT PIPING SECTION –B GAS LIFT : SINGLE COMPLETION OIL WELL SB-381,6569-20-200-D1362-103-01,14-71-21-1628,A,PIPNG,Drawings,Drawings,package b schdule.xls,PIPNG,9,5,high,CRS,0
GENERAL ARRANGEMENT PIPING SECTION –C GAS LIFT : SINGLE COMPLETION OIL WELL SB-381,6569-20-200-D1362-104-01,14-71-21-1629,A,PIPNG,Drawings,Drawings,package b schdule.xls,PIPNG,9,5,high,CRS,0
GENERAL ARRANGEMENT PIPING SECTION –D GAS LIFT : SINGLE COMPLETION OIL WELL SB-381,6569-20-200-D1362-105-01,14-71-21-1630,A,PIPNG,Drawings,Drawings,package b schdule.xls,PIPNG,9,5,high,CRS,0
GENERAL ARRANGEMENT PIPING SECTION –A GAS LIFT : SINGLE COMPLETION OIL WELL SB-269,6569-20-200-D1362-106-01,14-71-21-1633,A,PIPNG,Drawings,Drawings,package b schdule.xls,PIPNG,9,5,high,CRS,0
GENERAL ARRANGEMENT PIPING SECTION –B GAS LIFT : SINGLE COMPLETION OIL WELL SB-269,6569-20-200-D1362-107-01,14-71-21-1634,A,PIPNG,Drawings,Drawings,package b schdule.xls,PIPNG,9,5,high,CRS,0
GENERAL ARRANGEMENT PIPING SECTION –C GAS LIFT : SINGLE COMPLETION OIL WELL SB-269,6569-20-200-D1362-108-01,14-71-21-1635,A,PIPNG,Drawings,Drawings,package b schdule.xls,PIPNG,9,5,high,CRS,0
GENERAL ARRANGEMENT PIPING SECTION –D GAS LIFT : SINGLE COMPLETION OIL WELL SB-269,6569-20-200-D1362-109-01,14-71-21-1636,A,PIPNG,Drawings,Drawings,package b schdule.xls,PIPNG,9,5,high,CRS,0
PLOT PLAN WELLHEAD FOR GAS LIFT SINGLE COMPLETION OIL WELL SB-269,6569-20-200-D1362-110-01,14-71-04-1623,1,PIPNG,Drawings,Drawings,package b schdule.xls,PROJECTS,4,4,medium,Procedures_Plans,3
PIPING LAYOUT AREA –A10 GAS LIFT SINGLE COMPLETION OIL WELL SB-394,6569-20-200-D1362-111-01,14-71-13-1623,,PIPNG,Drawings,Drawings,package b schdule.xls,PIPNG,5,5,high,CRS,0
PIPING LAYOUT AREA –A11 GAS LIFT SINGLE COMPLETION OIL WELL SB-394,6569-20-200-D1362-112-01,14-71-13-1623,,PIPNG,Drawings,Drawings,package b schdule.xls,PIPNG,5,5,high,CRS,0
PIPING LAYOUT AREA –A14 GAS LIFT SINGLE COMPLETION OIL WELL SB-394,6569-20-200-D1362-113-01,14-71-13-1623,,PIPNG,Drawings,Drawings,package b schdule.xls,PIPNG,5,5,high,CRS,0
PIPING LAYOUT AREA –A18 GAS LIFT SINGLE COMPLETION OIL WELL SB-394,6569-20-200-D1362-114-01,14-71-13-1623,,PIPNG,Drawings,Drawings,package b schdule.xls,PIPNG,5,5,high,CRS,0
PIPING LAYOUT AREA –A19 GAS LIFT SINGLE COMPLETION OIL WELL SB-394,6569-20-200-D1362-115-01,14-71-13-1623,,PIPNG,Drawings,Drawings,package b schdule.xls,PIPNG,5,5,high,CRS,0
PIPING LAYOUT AREA –A20 GAS LIFT SINGLE COMPLETION OIL WELL SB-394,6569-20-200-D1362-116-01,14-71-13-1623,,PIPNG,Drawings,Drawings,package b schdule.xls,PIPNG,5,5,high,CRS,0
PIPING LAYOUT AREA –B17 GAS LIFT SINGLE COMPLETION OIL WELL SB-394,6569-20-200-D1362-117-01,14-71-13-1624,A,PIPNG,Drawings,Drawings,package b schdule.xls,PIPNG,5,5,high,CRS,0
PIPING LAYOUT AREA –D1 GAS LIFT SINGLE COMPLETION OIL WELL SB-394,6569-20-200-D1362-118-01,14-71-13-1626,,PIPNG,Drawings,Drawings,package b schdule.xls,PIPNG,5,5,high,CRS,0
PIPING LAYOUT AREA –D2 GAS LIFT SINGLE COMPLETION OIL WELL SB-394,6569-20-200-D1362-119-01,14-71-13-1626,,PIPNG,Drawings,Drawings,package b schdule.xls,PIPNG,5,5,high,CRS,0
PIPING LAYOUT AREA –A11 GAS LIFT SINGLE COMPLETION OIL WELL SB-352,6569-20-200-D1362-120-01,14-71-13-1639,,PIPNG,Drawings,Drawings,package b schdule.xls,PIPNG,5,5,high,CRS,0
PIPING LAYOUT AREA –A12 GAS LIFT SINGLE COMPLETION OIL WELL SB-352,6569-20-200-D1362-121-01,14-71-13-1639,,PIPNG,Drawings,Drawings,package b schdule.xls,PIPNG,5,5,high,CRS,0
PIPING LAYOUT AREA –A15 GAS LIFT SINGLE COMPLETION OIL WELL SB-352,6569-20-200-D1362-122-01,14-71-13-1639,,PIPNG,Drawings,Drawings,package b schdule.xls,PIPNG,5,5,high,CRS,0
PIPING LAYOUT AREA –A19 GAS LIFT SINGLE COMPLETION OIL WELL SB-352,6569-20-200-D1362-123-01,14-71-13-1639,,PIPNG,Drawings,Drawings,package b schdule.xls,PIPNG,5,5,high,CRS,0
PIPING LAYOUT AREA –C3 GAS LIFT SINGLE COMPLETION OIL WELL SB-352,6569-20-200-D1362-124-01,14-71-13-1641,,PIPNG,Drawings,Drawings,package b schdule.xls,PIPNG,5,5,high,CRS,0
PIPING LAYOUT AREA –C4 GAS LIFT SINGLE COMPLETION OIL WELL SB-352,6569-20-200-D1362-125-01,14-71-13-1641,,PIPNG,Drawings,Drawings,package b schdule.xls,PIPNG,5,5,high,CRS,0
PIPNG LAYOUT AREA D-1 GAS LIFT : SINGLE COMPLETION OIL WELL SB-352,6569-20-200-D1362-126-01,14-71-13-1642,,PIPNG,Drawings,Drawings,package b schdule.xls,,5,5,high,CRS,0
PIPING LAYOUT AREA –D5 GAS LIFT : SINGLE COMPLETION OIL WELL SB-352,6569-20-200-D1362-127-01,14-71-13-1642,,PIPNG,Drawings,Drawings,package b schdule.xls,PIPNG,5,5,high,CRS,0
PIPING LAYOUT AREA –D9 GAS LIFT SINGLE COMPLETION OIL WELL SB-52,6569-20-200-D1362-128-01,14-71-13-1642,,PIPNG,Drawings,Drawings,package b schdule.xls,PIPNG,5,5,high,CRS,0
PIPING LAYOUT AREA –D6 GAS LIFT SINGLE COMPLETION OIL WELL  SB-394,6569-20-200-D1362-129-01,14-71-13-1626,,PIPNG,Drawings,Drawings,package b schdule.xls,PIPNG,5,5,high,CRS,0
PIPING LAYOUT AREA –A18 GAS LIFT SINGLE COMPLETION OIL WELL SB-269,6569-20-200-D1362-130-01,14-71-13-1633,A,PIPNG,Drawings,Drawings,package b schdule.xls,PIPNG,5,5,high,CRS,0
PIPING LAYOUT AREA –A19 GAS LIFT SINGLE COMPLETION OIL WELL SB-269,6569-20-200-D1362-130-02,14-71-13-1633,A,PIPNG,Drawings,Drawings,package b schdule.xls,PIPNG,5,5,high,CRS,0
PIPING LAYOUT AREA –A20 GAS LIFT SINGLE COMPLETION OIL WELL SB-269,6569-20-200-D1362-130-03,14-71-13-1633,A,PIPNG,Drawings,Drawings,package b schdule.xls,PIPNG,5,5,high,CRS,0
PIPING LAYOUT AREA –A13 GAS LIFT SINGLE COMPLETION OIL WELL SB-269,6569-20-200-D1362-131-01,14-71-13-1634,A,PIPNG,Drawings,Drawings,package b schdule.xls,PIPNG,5,5,high,CRS,0
PIPING LAYOUT AREA –A14GAS LIFT SINGLE COMPLETION OIL WELL SB-269,6569-20-200-D1362-131-02,14-71-13-1634,A,PIPNG,Drawings,Drawings,package b schdule.xls,PIPNG,5,5,high,CRS,0
PIPING LAYOUT AREA –A15 GAS LIFT SINGLE COMPLETION OIL WELL SB-269,6569-20-200-D1362-131-03,14-71-13-1634,A,PIPNG,Drawings,Drawings,package b schdule.xls,PIPNG,5,5,high,CRS,0
PIPING LAYOUT AREA –A16 GAS LIFT SINGLE COMPLETION OIL WELL SB-269,6569-20-200-D1362-131-04,14-71-13-1634,A,PIPNG,Drawings,Drawings,package b schdule.xls,PIPNG,5,5,high,CRS,0
PIPING LAYOUT AREA –A17 GAS LIFT SINGLE COMPLETION OIL WELL SB-269,6569-20-200-D1362-131-05,14-71-13-1634,A,PIPNG,Drawings,Drawings,package b schdule.xls,PIPNG,5,5,high,CRS,0
PIPING LAYOUT AREA –C2 GAS LIFT SINGLE COMPLETION OIL WELL SB-269,6569-20-200-D1362-132-01,14-71-13-1635,A,PIPNG,Drawings,Drawings,package b schdule.xls,PIPNG,5,5,high,CRS,0
PIPING LAYOUT AREA –C3 GAS LIFT SINGLE COMPLETION OIL WELL SB-269,6569-20-200-D1362-132-02,14-71-13-1635,A,PIPNG,Drawings,Drawings,package b schdule.xls,PIPNG,5,5,high,CRS,0
PIPING LAYOUT AREA –C6 GAS LIFT SINGLE COMPLETION OIL WELL SB-269,6569-20-200-D1362-132-03,14-71-13-1635,A,PIPNG,Drawings,Drawings,package b schdule.xls,PIPNG,5,5,high,CRS,0
PIPING LAYOUT AREA –C7 GAS LIFT SINGLE COMPLETION OIL WELL SB-269,6569-20-200-D1362-132-04,14-71-13-1635,A,PIPNG,Drawings,Drawings,package b schdule.xls,PIPNG,5,5,high,CRS,0
PIPING LAYOUT AREA –A15 GAS LIFT : SINGLE COMPLETION OIL WELL SB-365,6569-20-200-D1362-133-01,14-71-13-1663,,PIPNG,Drawings,Drawings,package b schdule.xls,PIPNG,5,5,high,CRS,0
PIPING LAYOUT AREA –A16 GAS LIFT : SINGLE COMPLETION OIL WELL SB-365,6569-20-200-D1362-134-01,14-71-13-1663,,PIPNG,Drawings,Drawings,package b schdule.xls,PIPNG,5,5,high,CRS,0
PIPING LAYOUT AREA –B9 GAS LIFT : SINGLE COMPLETION OIL WELL SB-365,6569-20-200-D1362-135-01,14-71-13-1664,,PIPNG,Drawings,Drawings,package b schdule.xls,PIPNG,5,5,high,CRS,0
PIPING LAYOUT AREA –B10 GAS LIFT : SINGLE COMPLETION OIL WELL SB-365,6569-20-200-D1362-136-01,14-71-13-1664,,PIPNG,Drawings,Drawings,package b schdule.xls,PIPNG,5,5,high,CRS,0
PIPING LAYOUT AREA –B11 GAS LIFT : SINGLE COMPLETION OIL WELL SB-365,6569-20-200-D1362-137-01,14-71-13-1664,,PIPNG,Drawings,Drawings,package b schdule.xls,PIPNG,5,5,high,CRS,0
PIPING LAYOUT AREA –B12 GAS LIFT : SINGLE COMPLETION OIL WELL SB-365,6569-20-200-D1362-138-01,14-71-13-1664,,PIPNG,Drawings,Drawings,package b schdule.xls,PIPNG,5,5,high,CRS,0
PIPING LAYOUT AREA –B13 GAS LIFT : SINGLE COMPLETION OIL WELL SB-365,6569-20-200-D1362-139-01,14-71-13-1664,,PIPNG,Drawings,Drawings,package b schdule.xls,PIPNG,5,5,high,CRS,0
PIPING LAYOUT AREA –C3 GAS LIFT : SINGLE COMPLETION OIL WELL SB-365,6569-20-200-D1362-140-01,14-71-13-1665,,PIPNG,Drawings,Drawings,package b schdule.xls,PIPNG,5,5,high,CRS,0
PIPING LAYOUT AREA –A20 GAS LIFT : SINGLE COMPLETION OIL WELL SB-333,6569-20-200-D1362-141-01,14-71-13-1659,,PIPNG,Drawings,Drawings,package b schdule.xls,PIPNG,5,5,high,CRS,0
PIPING LAYOUT AREA –B10 GAS LIFT SINGLE COMPLETION OIL WELL SB-333,6569-20-200-D1362-142-01,14-71-13-1660,,PIPNG,Drawings,Drawings,package b schdule.xls,PIPNG,5,5,high,CRS,0
PIPING LAYOUT AREA –B13 GAS LIFT SINGLE COMPLETION OIL WELL SB-333,6569-20-200-D1362-143-01,14-71-13-1660,,PIPNG,Drawings,Drawings,package b schdule.xls,PIPNG,5,5,high,CRS,0
PIPING LAYOUT AREA –B14 GAS LIFT SINGLE COMPLETION OIL WELL SB-333,6569-20-200-D1362-144-01,14-71-13-1660,,PIPNG,Drawings,Drawings,package b schdule.xls,PIPNG,5,5,high,CRS,0
PIPING LAYOUT AREA –B17 GAS LIFT : SINGLE COMPLETION OIL WELL SB-333,6569-20-200-D1362-145-01,14-71-13-1660,,PIPNG,Drawings,Drawings,package b schdule.xls,PIPNG,5,5,high,CRS,0
PIPING LAYOUT AREA –C4 GAS LIFT : SINGLE COMPLETION OIL WELL SB-333,6569-20-200-D1362-146-01,14-71-13-1661,,PIPNG,Drawings,Drawings,package b schdule.xls,PIPNG,5,5,high,CRS,0
PIPING LAYOUT AREA –C8 GAS LIFT : SINGLE COMPLETION OIL WELL SB-333,6569-20-200-D1362-147-01,14-71-13-1661,,PIPNG,Drawings,Drawings,package b schdule.xls,PIPNG,5,5,high,CRS,0
PIPING LAYOUT AREA –C11 GAS LIFT : SINGLE COMPLETION OIL WELL SB-333,6569-20-200-D1362-148-01,14-71-13-1661,,PIPNG,Drawings,Drawings,package b schdule.xls,PIPNG,5,5,high,CRS,0
PIPING LAYOUT AREA –C11 GAS LIFT : SINGLE COMPLETION OIL WELL SB-333,6569-20-200-D1362-149-01,14-71-13-1661,,PIPNG,Drawings,Drawings,package b schdule.xls,PIPNG,5,5,high,CRS,0
PIPING LAYOUT AREA –A11 GAS LIFT COMPLETION OIL WELL SB-382,6569-20-200-D1362-150-01,14-71-13-1671,,PIPNG,Drawings,Drawings,package b schdule.xls,PIPNG,5,5,high,CRS,0
PIPING LAYOUT AREA –A15 GAS LIFT SINGLE COMPLETION OIL WELL SB-382,6569-20-200-D1362-151-01,14-71-13-1671,,PIPNG,Drawings,Drawings,package b schdule.xls,PIPNG,5,5,high,CRS,0
PIPING LAYOUT AREA - C3 GAS LIFT SINGLE COMPLETION OIL WELL SB-382,6569-20-200-D1362-152-01,14-71-13-1673,,PIPNG,Drawings,Drawings,package b schdule.xls,PIPNG,5,5,high,CRS,0
PIPING LAYOUT AREA –C4 GAS LIFT SINGLE COMPLETION OIL WELL SB-382,6569-20-200-D1362-153-01,14-71-13-1673,,PIPNG,Drawings,Drawings,package b schdule.xls,PIPNG,5,5,high,CRS,0
PIPING LAYOUT AREA –D1 GAS LIFT SINGLE COMPLETION OIL WELL SB-382,6569-20-200-D1362-154-01,14-71-13-1674,,PIPNG,Drawings,Drawings,package b schdule.xls,PIPNG,5,5,high,CRS,0
PIPPIN LAYOUT AREA –D5 GAS LIFT SINGLE COMPLETION OIL WELL SB-382,6569-20-200-D1362-155-01,14-71-13-1674,,PIPNG,Drawings,Drawings,package b schdule.xls,,5,5,high,CRS,0
PIPING LAYOUT AREA –D6 GAS LIFT SINGLE COMPLETION OIL WELL SB-382,6569-20-200-D1362-156-01,14-71-13-1674,,PIPNG,Drawings,Drawings,package b schdule.xls,PIPNG,5,5,high,CRS,0
PIPING LAYOUT AREA –D10 GAS LIFT SINGLE COMPLETION OIL WELL SB-382,6569-20-200-D1362-157-01,14-71-13-1674,,PIPNG,Drawings,Drawings,package b schdule.xls,PIPNG,5,5,high,CRS,0
PIPING LAYOUT AREA –A12 GAS LIFT SINGLE COMPLETION OIL WELL SB-384,6569-20-200-D1362-158-01,14-71-13-1675,,PIPNG,Drawings,Drawings,package b schdule.xls,PIPNG,5,5,high,CRS,0
PIPING LAYOUT AREA-A16 GAS LIFT: SINGLE COMPLETION OIL WELL SB-384,6569-20-200-D1362-159-01,14-71-13-1675,,PIPNG,Drawings,Drawings,package b schdule.xls,PIPNG,5,5,high,CRS,0
PIPING LAYOUT AREA-A20 GAS LIFT : SINGLE COMPLETION OIL WELL SB-384,6569-20-200-D1362-160-01,14-71-13-1675,,PIPNG,Drawings,Drawings,package b schdule.xls,PIPNG,5,5,high,CRS,0
PIPING LAYOUT AREA –B9 GAS LIFT : SINGLE COMPLETION OIL WELL SB-384,6569-20-200-D1362-161-01,14-71-13-1676,,PIPNG,Drawings,Drawings,package b schdule.xls,PIPNG,5,5,high,CRS,0
PIPING LAYOUT AREA –C3 GAS LIFT SINGLE COMPLETION OIL WELL SB-384,6569-20-200-D1362-162-01,14-71-13-1677,,PIPNG,Drawings,Drawings,package b schdule.xls,PIPNG,5,5,high,CRS,0
PIPING LAYOUT AREA – C4 GAS LIFT SINGLE COMPLETION OIL WELL SB-384,6569-20-200-D1362-163-01,14-71-13-1677,,PIPNG,Drawings,Drawings,package b schdule.xls,PIPNG,5,5,high,CRS,0
PIPING LAYOUT AREA – C7 GAS LIFT SINGLE COMPLETION OIL WELL SB-384,6569-20-200-D1362-164-01,14-71-13-1677,,PIPNG,Drawings,Drawings,package b schdule.xls,PIPNG,5,5,high,CRS,0
PIPING LAYOUT AREA – C11 GAS LIFT : SINGLE COMPLETION OIL WELL SB-384,6569-20-200-D1362-165-01,14-71-13-1677,,PIPNG,Drawings,Drawings,package b schdule.xls,PIPNG,5,5,high,CRS,0
PIPING LAYOUT AREA - C12 GAS LIFT SINGLE COMPLETION OIL WELL SB-384,6569-20-200-D1362-166-01,14-71-13-1677,,PIPNG,Drawings,Drawings,package b schdule.xls,PIPNG,5,5,high,CRS,0
INSTRUMENT LOOP DRAWINGS -  SB-159 WELL,6569-20-200-D1378-001-01,14-71-41-1601,,INST,Drawings,Drawings,package b schdule.xls,INST,4,4,medium,CRS,0
INSTRUMENT TERMINIATION DIAGRAMS (ASAB AREA SB-159 WELL),6569-20-200-D1378-003-01,14-71-47-1601,1,INST,Drawings,Drawings,package b schdule.xls,INST,4,4,medium,CRS,0
INSTRUMENT AND TELECOM CABLE ROUTING / TRENCH LAYOUT SB-159 WELL,6569-20-200-D1378-004-01,14-71-49-1771,1,INST,Drawings,Drawings,package b schdule.xls,INST,9,5,high,CRS,0
INSTRUMENT CABLE BLOCK DIAGRAM -  SB-159 WELL,6569-20-200-D1378-005-01,14-71-49-1601,,INST,Drawings,Drawings,package b schdule.xls,INST,8,4,medium,CRS,0
INSTRUMENT DEMOLITION LAYOUT SB-159 WELL,6569-20-200-D1378-006-01,14-71-44-1601,B,INST,Drawings,Drawings,package b schdule.xls,INST,5,5,high,CRS,0
FIRE & GAS DETECTOR LAYOUT SB-159 WELL,6569-20-200-D1378-007-01,14-71-45-1601,1,INST,Drawings,Drawings,package b schdule.xls,HSE,5,5,high,CRS,0
INSTRUMENT LOOP DRAWINGS (DCS/ESD & F&G SIGNALS) ASAB AREA SB-413 WELL,6569-20-200-D1378-008-01,14-71-41-1602,A,INST,Drawings,Drawings,package b schdule.xls,HSE,4,4,medium,CRS,0
INSTRUMENT TERMINATION DIAGRAMS (ASAB AREA SB-413 WELL),6569-20-200-D1378-010-01,14-71-47-1602,1,INST,Drawings,Drawings,package b schdule.xls,INST,4,4,medium,CRS,0
INSTRUMENT AND TELECOM CABLE ROUTING / TRENCH LAYOUT  -   SB-413 WELL,6569-20-200-D1378-011-01,14-71-49-1602,A,INST,Drawings,Drawings,package b schdule.xls,INST,9,5,high,CRS,0
INSTRUMENT CABLE BLOCK DIAGRAM -   SB-413 WELL,6569-20-200-D1378-012-01,14-71-49-1627,1,INST,Drawings,Drawings,package b schdule.xls,INST,8,4,medium,CRS,0
INSTRUMENT DEMOLITION LAYOUT -   SB-413 WELL,6569-20-200-D1378-013-01,14-71-44-1602,A,INST,Drawings,Drawings,package b schdule.xls,INST,5,5,high,CRS,0
FIRE AND GAS DETECTOR LAYOUT SB-413 WELL,6569-20-200-D1378-014-01,14-71-45-1602,1,INST,Drawings,Drawings,package b schdule.xls,HSE,5,5,high,CRS,0
INSTRUMENT LOOP DRAWINGS -  SB-415 WELL,6569-20-200-D1378-015-01,14-71-41-1603,A,INST,Drawings,Drawings,package b schdule.xls,INST,4,4,medium,CRS,0
INSTRUMENT TERMINATION DIAGRAMS (ASAB AREA SB-415 WELL),6569-20-200-D1378-017-01,14-71-47-1603,1,INST,Drawings,Drawings,package b schdule.xls,INST,4,4,medium,CRS,0
INSTRUMENT AND TELECOM CABLE ROUTING / TRENCH LAYOUT  -  SB-415 WELL,6569-20-200-D1378-018-01,14-71-49-1773,1,INST,Drawings,Drawings,package b schdule.xls,INST,9,5,high,CRS,0
INSTRUMENT CABLE BLOCK DIAGRAM (ASAB AREA SB-415 WELL) (IVC SHARING WITH SB-410 WELL),6569-20-200-D1378-019-01,14-71-49-1628,1,INST,Drawings,Drawings,package b schdule.xls,INST,8,4,medium,CRS,0
INSTRUMENT DEMOLITION LAYOUT -  SB-415 WELL,6569-20-200-D1378-020-01,14-71-44-1603,A,INST,Drawings,Drawings,package b schdule.xls,INST,5,5,high,CRS,0
FIRE AND GAS DETECTOR LAYOUT SB-415 WELL,6569-20-200-D1378-021-01,14-71-45-1603,B,INST,Drawings,Drawings,package b schdule.xls,HSE,5,5,high,CRS,0
INSTRUMENT LOOP DRAWINGS -  SB-403 WELL,6569-20-200-D1378-022-01,14-71-41-1604,A,INST,Drawings,Drawings,package b schdule.xls,INST,4,4,medium,CRS,0
INSTRUMENT TERMINATION DIAGAMS(ASAB AREA SB-403 WELL),6569-20-200-D1378-024-01,14-71-47-1604,1,INST,Drawings,Drawings,package b schdule.xls,INST,4,4,medium,CRS,0
INSTRUMENT AND TELECOM CABLE ROUTING / TRENCH LAYOUT  -  SB-403 WELL,6569-20-200-D1378-025-01,14-71-49-1774,,INST,Drawings,Drawings,package b schdule.xls,INST,9,5,high,CRS,0
INSTRUMENT CABLE BLOCK DIAGRAM (ASAB AREA SB-403 WELL ) (IVC SHARING WITH SB-324 WELL),6569-20-200-D1378-026-01,14-71-49-1629,1,INST,Drawings,Drawings,package b schdule.xls,INST,8,4,medium,CRS,0
INSTRUMENT DEMOLITION LAYOUT -  SB-403 WELL,6569-20-200-D1378-027-01,14-71-44-1604,,INST,Drawings,Drawings,package b schdule.xls,INST,5,5,high,CRS,0
FIRE AND GAS DETECTOR LAYOUT SINGLE COMPLETION GAS LIFT WELL -  SB-403 WELL,6569-20-200-D1378-028-01,14-71-45-1604,,INST,Drawings,Drawings,package b schdule.xls,HSE,5,5,high,CRS,0
INSTRUMENT LOOP DRAWINGS (DCS/ESD & F&G SIGNALS (ASAB AREA SB-394 WELL),6569-20-200-D1378-029-01,14-71-41-1605,A,INST,Drawings,Drawings,package b schdule.xls,HSE,4,4,medium,CRS,0
INSTRUMENT JB INTERCONNECTION / TERMINATION DRAWINGS-  SB-394 WELL,6569-20-200-D1378-031-01,14-71-47-1605,A,INST,Drawings,Drawings,package b schdule.xls,INST,4,4,medium,CRS,0
INSTRUMENT AND TELECOM CABLE ROUTING / TRENCH LAYOUT -  SB-394 WELL,6569-20-200-D1378-032-01,14-71-49-1775,A,INST,Drawings,Drawings,package b schdule.xls,INST,9,5,high,CRS,0
INSTRUMENT CABLE BLOCK DIAGRAM-  SB-394 WELL,6569-20-200-D1378-033-01,14-71-49-1630,1,INST,Drawings,Drawings,package b schdule.xls,INST,8,4,medium,CRS,0
INSTRUMENT DEMOLITION LAYOUT-  SB-394 WELL,6569-20-200-D1378-034-01,14-71-44-1605,A,INST,Drawings,Drawings,package b schdule.xls,INST,5,5,high,CRS,0
FIRE & GAS DETECTOR LAYOUT SB-394 WELL,6569-20-200-D1378-035-01,14-71-45-1605,B,INST,Drawings,Drawings,package b schdule.xls,HSE,5,5,high,CRS,0
INSTRUMENT LOOP DRAWINGS-  SB-410 WELL,6569-20-200-D1378-036-01,14-71-41-1606,A,INST,Drawings,Drawings,package b schdule.xls,INST,4,4,medium,CRS,0
INSTRUMENT TERMINATION DIAGRAMS (ASAB AREA SB-410 WELL),6569-20-200-D1378-038-01,14-71-47-1606,1,INST,Drawings,Drawings,package b schdule.xls,INST,4,4,medium,CRS,0
INSTRUMENT CABLE ROUTING / TRENCH LAYOUT SB-410 WELL,6569-20-200-D1378-039-01,14-71-49-1776,1,INST,Drawings,Drawings,package b schdule.xls,INST,9,5,high,CRS,0
INSTRUMENT CABLE BLOCK DIAGRAM (ASAB AREA SB-410 WELL (IVC SHARING WITH SB-415 WELL),6569-20-200-D1378-040-01,14-71-49-1631,1,INST,Drawings,Drawings,package b schdule.xls,INST,8,4,medium,CRS,0
INSTRUMENT DEMOLITION LAYOUT-  SB-410 WELL,6569-20-200-D1378-041-01,14-71-44-1606,A,INST,Drawings,Drawings,package b schdule.xls,INST,5,5,high,CRS,0
FIRE AND GAS DETECTOR LAYOUT-  SB-410 WELL,6569-20-200-D1378-042-01,14-71-45-1606,1,INST,Drawings,Drawings,package b schdule.xls,HSE,5,5,high,CRS,0
INSTRUMENT LOOP DRAWINGS (DCS/ESD & F&G SIGNALS) (ASAB AREA SB-381 WELL),6569-20-200-D1378-043-01,14-71-41-1607,A,INST,Drawings,Drawings,package b schdule.xls,HSE,4,4,medium,CRS,0
INSTRUMENT JB INTERCONNECTION / TERMINATION DRAWINGS -  SB-381 WELL,6569-20-200-D1378-045-01,14-71-47-1607,A,INST,Drawings,Drawings,package b schdule.xls,INST,4,4,medium,CRS,0
INSTRUMENT AND TELECOM CABLE ROUTING / TRENCH LAYOUT  -  SB-381 WELL,6569-20-200-D1378-046-01,14-71-49-1777,B,INST,Drawings,Drawings,package b schdule.xls,INST,9,5,high,CRS,0
INSTRUMENT CABLE BLOCK DIAGRAM (ASAB AREA SB-381 WELL (IVC SHARING WITH SB-269 WELL),6569-20-200-D1378-047-01,14-71-49-1632,1,INST,Drawings,Drawings,package b schdule.xls,INST,8,4,medium,CRS,0
INSTRUMENT DEMOLITION LAYOUT -  SB-381 WELL,6569-20-200-D1378-048-01,14-71-44-1607,A,INST,Drawings,Drawings,package b schdule.xls,INST,5,5,high,CRS,0
FIRE & GAS DETECTOR LAYOUT SB-381 WELL,6569-20-200-D1378-049-01,14-71-45-1607,B,INST,Drawings,Drawings,package b schdule.xls,HSE,5,5,high,CRS,0
INSTRUMENT LOOP DRAWINGS (DCS/ESD & F&G SIGNALS) ASAB AREA SB-269 WELL,6569-20-200-D1378-050-01,14-71-41-1608,A,INST,Drawings,Drawings,package b schdule.xls,HSE,4,4,medium,CRS,0
INSTRUMENT JB INTERCONNECTION / TERMINATION DRAWINGS -  SB-269 WELL,6569-20-200-D1378-052-01,14-71-47-1608,A,INST,Drawings,Drawings,package b schdule.xls,INST,4,4,medium,CRS,0
INSTRUMENT AND TELECOM CABLE ROUTING / TRENCH LAYOUT  -  SB-269 WELL,6569-20-200-D1378-053-01,14-71-49-1778,A,INST,Drawings,Drawings,package b schdule.xls,INST,9,5,high,CRS,0
INSTRUMENT CABLE BLOCK DIAGRAM (ASAB AREA SB-269 WELL (IVC SHARING WITH SB-381 WELL),6569-20-200-D1378-054-01,14-71-49-1633,1,INST,Drawings,Drawings,package b schdule.xls,INST,8,4,medium,CRS,0
INSTRUMENT DEMOLITION LAYOUT SB-269 WEL,6569-20-200-D1378-055-01,14-71-44-1608,A,INST,Drawings,Drawings,package b schdule.xls,INST,5,5,high,CRS,0
FIRE AND GAS DETECTOR LAYOUT SINGLE COMPLETION GAS LIFT WELL -  SB-269 WELL,6569-20-200-D1378-056-01,14-71-45-1608,A,INST,Drawings,Drawings,package b schdule.xls,HSE,5,5,high,CRS,0
INSTRUMENT LOOP DRAWINGS (DCS/ESD & F&G SIGNALS) (ASAB AREA SB-352 WELL),6569-20-200-D1378-057-01,14-71-41-1609,A,INST,Drawings,Drawings,package b schdule.xls,HSE,4,4,medium,CRS,0
INSTRUMENT JB INTERCONNECTION / TERMINATION DRAWINGS  - SB-352 WELL,6569-20-200-D1378-059-01,14-71-47-1609,A,INST,Drawings,Drawings,package b schdule.xls,INST,4,4,medium,CRS,0
INSTRUMENT AND TELECOM CABLE ROUTING / TRENCH LAYOUT SB-352 WELL,6569-20-200-D1378-060-01,14-71-49-1779,B,INST,Drawings,Drawings,package b schdule.xls,INST,9,5,high,CRS,0
INSTRUMENT CABLE BLOCK DIAGRAM (ASAB AREA SB-352 WELL),6569-20-200-D1378-061-01,14-71-49-1634,1,INST,Drawings,Drawings,package b schdule.xls,INST,8,4,medium,CRS,0
INSTRUMENT DEMOLITION LAYOUT SB-352 WELL,6569-20-200-D1378-062-01,14-71-44-1609,B,INST,Drawings,Drawings,package b schdule.xls,INST,5,5,high,CRS,0
FIRE AND GAS DETECTOR LAYOUT SINGLE COMPLETION GAS LIFT WELL  - SB-352 WELL,6569-20-200-D1378-063-01,14-71-45-1609,A,INST,Drawings,Drawings,package b schdule.xls,HSE,5,5,high,CRS,0
INSTRUMENT JB INTERCONNECTION / TERMINATION DRAWINGS- SB-016 WELL,6569-20-200-D1378-066-01,14-71-47-1610,A,INST,Drawings,Drawings,package b schdule.xls,INST,4,4,medium,CRS,0
INSTRUMENT AND TELECOM CABLE ROUTING / TRENCH LAYOUT SB-016 WELL,6569-20-200-D1378-067-01,14-71-49-1780,B,INST,Drawings,Drawings,package b schdule.xls,INST,9,5,high,CRS,0
INSTRUMENT CABLE BLOCK DIAGRAM- SB-016 WELL,6569-20-200-D1378-068-01,14-71-49-1635,1,INST,Drawings,Drawings,package b schdule.xls,INST,8,4,medium,CRS,0
INSTRUMENT DEMOLITION LAYOUT- SB-016 WELL,6569-20-200-D1378-069-01,14-71-44-1610,B,INST,Drawings,Drawings,package b schdule.xls,INST,5,5,high,CRS,0
FIRE AND GAS DETECTOR LAYOUT SB-016 WELL,6569-20-200-D1378-070-01,14-71-45-1610,B,INST,Drawings,Drawings,package b schdule.xls,HSE,5,5,high,CRS,0
INSTRUMENT LOOP DRAWINGS (DCS/ESD & F&G SIGNALS (ASAB AREA SB-376 WELL),6569-20-200-D1378-071-01,14-71-41-1611,A,INST,Drawings,Drawings,package b schdule.xls,HSE,4,4,medium,CRS,0
INSTRUMENT JB INTERCONNECTION / TERMINATION DRAWINGS -  SB-376 WELL,6569-20-200-D1378-073-01,14-71-47-1611,,INST,Drawings,Drawings,package b schdule.xls,INST,4,4,medium,CRS,0
INSTRUMENT AND TELECOM CABLE ROUTING / TRENCH LAYOUT  -  SB-376 WELL,6569-20-200-D1378-074-01,14-71-49-1781,A,INST,Drawings,Drawings,package b schdule.xls,INST,9,5,high,CRS,0
INSTRUMENT CABLE BLOCK DIAGRAM -  SB-376 WELL,6569-20-200-D1378-075-01,14-71-49-1636,A,INST,Drawings,Drawings,package b schdule.xls,INST,8,4,medium,CRS,0
INSTRUMENT DEMOLITION LAYOUT -  SB-376 WELL,6569-20-200-D1378-076-01,14-71-44-1611,,INST,Drawings,Drawings,package b schdule.xls,INST,5,5,high,CRS,0
FIRE AND GAS DETECTOR LAYOUT SINGLE COMPLETION GAS LIFT WELL -  SB-376 WELL,6569-20-200-D1378-077-01,14-71-45-1611,,INST,Drawings,Drawings,package b schdule.xls,HSE,5,5,high,CRS,0
INSTRUMENT LOOP DRAWINGS (DCS & ESD & F&G SIGNALS)SB-386 WELL,6569-20-200-D1378-078-01,14-71-41-1612,,INST,Drawings,Drawings,package b schdule.xls,HSE,4,4,medium,CRS,0
INSTRUMENT JB INTERCONNECTION / TERMINATION DRAWINGS SB-386 WELL,6569-20-200-D1378-080-01,14-71-47-1612,,INST,Drawings,Drawings,package b schdule.xls,INST,4,4,medium,CRS,0
INSTRUMENT AND TELECOM CABLE ROUTING / TRENCH LAYOUT  SB-386 WELL,6569-20-200-D1378-081-01,14-71-49-1782,,INST,Drawings,Drawings,package b schdule.xls,INST,9,5,high,CRS,0
INSTRUMENT CABLE BLOCK DIAGRAM SB-386 WELL,6569-20-200-D1378-082-01,14-71-49-1637,A,INST,Drawings,Drawings,package b schdule.xls,INST,8,4,medium,CRS,0
INSTRUMENT DEMOLITION LAYOUT SB-386 WELL,6569-20-200-D1378-083-01,14-71-44-1612,,INST,Drawings,Drawings,package b schdule.xls,INST,5,5,high,CRS,0
FIRE AND GAS DETECTOR LAYOUT SINGLE COMPLETION GAS LIFT WELL SB-386 WELL,6569-20-200-D1378-084-01,14-71-45-1612,,INST,Drawings,Drawings,package b schdule.xls,HSE,5,5,high,CRS,0
INSTRUMENT LOOP DRAWINGS-  SB-380 WELL,6569-20-200-D1378-085-01,14-71-41-1613,,INST,Drawings,Drawings,package b schdule.xls,INST,4,4,medium,CRS,0
INSTRUMENT JB INTERCONNECTION / TERMINATION DRAWINGS-  SB-380 WELL,6569-20-200-D1378-087-01,14-71-47-1613,,INST,Drawings,Drawings,package b schdule.xls,INST,4,4,medium,CRS,0
INSTRUMENT AND TELECOM CABLE ROUTING / TRENCH LAYOUT -  SB-380 WELL,6569-20-200-D1378-088-01,14-71-49-1783,,INST,Drawings,Drawings,package b schdule.xls,INST,9,5,high,CRS,0
INSTRUMENT CABLE BLOCK DIAGRAM-  SB-380 WELL,6569-20-200-D1378-089-01,14-71-49-1638,A,INST,Drawings,Drawings,package b schdule.xls,INST,8,4,medium,CRS,0
INSTRUMENT DEMOLITION LAYOUT-  SB-380 WELL,6569-20-200-D1378-090-01,14-71-44-1613,,INST,Drawings,Drawings,package b schdule.xls,INST,5,5,high,CRS,0
FIRE AND GAS DETECTOR LAYOUT SINGLE COMPLETION GAS LIFT WELL-  SB-380 WELL,6569-20-200-D1378-091-01,14-71-45-1613,,INST,Drawings,Drawings,package b schdule.xls,HSE,5,5,high,CRS,0
INSTRUMENT LOOP DRAWINGS-  SB-324 WELL,6569-20-200-D1378-092-01,14-71-41-1614,A,INST,Drawings,Drawings,package b schdule.xls,INST,4,4,medium,CRS,0
INSTRUMENT JB INTERCONNECTION / TERMINATION DRAWINGS-  SB-324 WELL,6569-20-200-D1378-094-01,14-71-47-1614,1,INST,Drawings,Drawings,package b schdule.xls,INST,4,4,medium,CRS,0
INSTRUMENT AND TELECOM CABLE ROUTING / TRENCH LAYOUT -  SB-324 WELL,6569-20-200-D1378-095-01,14-71-49-1784,,INST,Drawings,Drawings,package b schdule.xls,INST,9,5,high,CRS,0
INSTRUMENT CABLE BLOCK DIAGRAM (ASAB AREA SB-324 WELL (IVC SHARING WITH SB-403 WELL),6569-20-200-D1378-096-01,14-71-49-1639,1,INST,Drawings,Drawings,package b schdule.xls,INST,8,4,medium,CRS,0
INSTRUMENT DEMOLITION LAYOUT-  SB-324 WELL,6569-20-200-D1378-097-01,14-71-44-1614,,INST,Drawings,Drawings,package b schdule.xls,INST,5,5,high,CRS,0
FIRE AND GAS DETECTOR LAYOUT SINGLE COMPLETION GAS LIFT WELL-  SB-324 WELL,6569-20-200-D1378-098-01,14-71-45-1614,,INST,Drawings,Drawings,package b schdule.xls,HSE,5,5,high,CRS,0
INSTRUMENT LOOP DRAWINGS -  SB-365 WELL,6569-20-200-D1378-099-01,14-71-41-1615,,INST,Drawings,Drawings,package b schdule.xls,INST,4,4,medium,CRS,0
INSTRUMENT JB INTERCONNECTION / TERMINATION DRAWINGS -  SB-365 WELL,6569-20-200-D1378-101-01,14-71-47-1615,,INST,Drawings,Drawings,package b schdule.xls,INST,4,4,medium,CRS,0
INSTRUMENT AND TELECOM CABLE ROUTING / TRENCH LAYOUT  -  SB-365 WELL,6569-20-200-D1378-102-01,14-71-49-1785,A,INST,Drawings,Drawings,package b schdule.xls,INST,9,5,high,CRS,0
INSTRUMENT CABLE BLOCK DIAGRAM -  SB-365 WELL,6569-20-200-D1378-103-01,14-71-49-1640,A,INST,Drawings,Drawings,package b schdule.xls,INST,8,4,medium,CRS,0
INSTRUMENT DEMOLITION LAYOUT -  SB-365 WELL,6569-20-200-D1378-104-01,14-71-44-1615,,INST,Drawings,Drawings,package b schdule.xls,INST,5,5,high,CRS,0
FIRE AND GAS DETECTOR LAYOUT SINGLE COMPLETION GAS LIFT WELL -  SB-365 WELL,6569-20-200-D1378-105-01,14-71-45-1615,,INST,Drawings,Drawings,package b schdule.xls,HSE,5,5,high,CRS,0
INSTRUMENT LOOP DRAWINGS -  SB-363 WELL,6569-20-200-D1378-106-01,14-71-41-1616,,INST,Drawings,Drawings,package b schdule.xls,INST,4,4,medium,CRS,0
INSTRUMENT JB INTERCONNECTION / TERMINATION DRAWINGS -  SB-363 WELL,6569-20-200-D1378-108-01,14-71-47-1616,,INST,Drawings,Drawings,package b schdule.xls,INST,4,4,medium,CRS,0
INSTRUMENT AND TELECOM CABLE ROUTING / TRENCH LAYOUT SB-363 WELL,6569-20-200-D1378-109-01,14-71-49-1786,A,INST,Drawings,Drawings,package b schdule.xls,INST,9,5,high,CRS,0
INSTRUMENT CABLE BLOCK DIAGRAM -  SB-363 WELL,6569-20-200-D1378-110-01,14-71-49-1641,A,INST,Drawings,Drawings,package b schdule.xls,INST,8,4,medium,CRS,0
INSTRUMENT DEMOLITION LAYOUT -  SB-363 WELL,6569-20-200-D1378-111-01,14-71-44-1616,,INST,Drawings,Drawings,package b schdule.xls,INST,5,5,high,CRS,0
FIRE AND GAS DETECTOR LAYOUT SINGLE COMPLETION GAS LIFT WELL -  SB-363 WELL,6569-20-200-D1378-112-01,14-71-45-1616,,INST,Drawings,Drawings,package b schdule.xls,HSE,5,5,high,CRS,0
INSTRUMENT LOOP DRAWINGS -  SB-382 WELL,6569-20-200-D1378-113-01,14-71-41-1617,,INST,Drawings,Drawings,package b schdule.xls,INST,4,4,medium,CRS,0
INSTRUMENT JB INTERCONNECTION / TERMINATION DRAWINGS -  SB-382 WELL,6569-20-200-D1378-115-01,14-71-47-1617,,INST,Drawings,Drawings,package b schdule.xls,INST,4,4,medium,CRS,0
INSTRUMENT AND TELECOM CABLE ROUTING / TRENCH LAYOUT  -  SB-382 WELL,6569-20-200-D1378-116-01,14-71-49-1787,,INST,Drawings,Drawings,package b schdule.xls,INST,9,5,high,CRS,0
INSTRUMENT CABLE BLOCK DIAGRAM -  SB-382 WELL,6569-20-200-D1378-117-01,14-71-49-1642,A,INST,Drawings,Drawings,package b schdule.xls,INST,8,4,medium,CRS,0
INSTRUMENT DEMOLITION LAYOUT -  SB-382 WELL,6569-20-200-D1378-118-01,14-71-44-1617,,INST,Drawings,Drawings,package b schdule.xls,INST,5,5,high,CRS,0
FIRE AND GAS DETECTOR LAYOUT SINGLE COMPLETION GAS LIFT WELL -  SB-382 WELL,6569-20-200-D1378-119-01,14-71-45-1617,,INST,Drawings,Drawings,package b schdule.xls,HSE,5,5,high,CRS,0
INSTRUMENT LOOP DRAWINGS -  SB-384 WELL,6569-20-200-D1378-120-01,14-71-41-1618,,INST,Drawings,Drawings,package b schdule.xls,INST,4,4,medium,CRS,0
INSTRUMENT JB INTERCONNECTION / TERMINATION DRAWINGS -  SB-384 WELL,6569-20-200-D1378-122-01,14-71-47-1618,,INST,Drawings,Drawings,package b schdule.xls,INST,4,4,medium,CRS,0
INSTRUMENT AND TELECOM CABLE ROUTING / TRENCH LAYOUT SB-384 WELL,6569-20-200-D1378-123-01,14-71-49-1788,A,INST,Drawings,Drawings,package b schdule.xls,INST,9,5,high,CRS,0
INSTRUMENT CABLE BLOCK DIAGRAM -  SB-384 WELL,6569-20-200-D1378-124-01,14-71-49-1643,A,INST,Drawings,Drawings,package b schdule.xls,INST,8,4,medium,CRS,0
INSTRUMENT DEMOLITION LAYOUT -  SB-384 WELL,6569-20-200-D1378-125-01,14-71-44-1618,A,INST,Drawings,Drawings,package b schdule.xls,INST,5,5,high,CRS,0
FIRE AND GAS DETECTOR LAYOUT SB-384 WELL,6569-20-200-D1378-126-01,14-71-45-1618,A,INST,Drawings,Drawings,package b schdule.xls,HSE,5,5,high,CRS,0
INSTRUMENT LOOP DRAWINGS-  SB-330 WELL,6569-20-200-D1378-127-01,14-71-41-1619,,INST,Drawings,Drawings,package b schdule.xls,INST,4,4,medium,CRS,0
INSTRUMENT JB INTERCONNECTION / TERMINATION DRAWINGS-  SB-330 WELL,6569-20-200-D1378-129-01,14-71-47-1619,,INST,Drawings,Drawings,package b schdule.xls,INST,4,4,medium,CRS,0
INSTRUMENT AND TELECOM CABLE ROUTING / TRENCH LAYOUT -  SB-330 WELL,6569-20-200-D1378-130-01,14-71-49-1789,A,INST,Drawings,Drawings,package b schdule.xls,INST,9,5,high,CRS,0
INSTRUMENT CABLE BLOCK DIAGRAM-  SB-330 WELL,6569-20-200-D1378-131-01,14-71-49-1644,A,INST,Drawings,Drawings,package b schdule.xls,INST,8,4,medium,CRS,0
INSTRUMENT DEMOLITION LAYOUT SB-330 WELL,6569-20-200-D1378-132-01,14-71-44-1619,A,INST,Drawings,Drawings,package b schdule.xls,INST,5,5,high,CRS,0
FIRE AND GAS DETECTOR LAYOUT SB-330 WELL,6569-20-200-D1378-133-01,14-71-45-1619,A,INST,Drawings,Drawings,package b schdule.xls,HSE,5,5,high,CRS,0
INSTRUMENT LOOP DRAWINGS-  SB-310 WELL,6569-20-200-D1378-134-01,14-71-41-1620,,INST,Drawings,Drawings,package b schdule.xls,INST,4,4,medium,CRS,0
INSTRUMENT JB INTERCONNECTION / TERMINATION DRAWINGS-  SB-310 WELL,6569-20-200-D1378-136-01,14-71-47-1620,,INST,Drawings,Drawings,package b schdule.xls,INST,4,4,medium,CRS,0
INSTRUMENT AND TELECOM CABLE ROUTING / TRENCH LAYOUT -  SB-310 WELL,6569-20-200-D1378-137-01,14-71-49-1790,,INST,Drawings,Drawings,package b schdule.xls,INST,9,5,high,CRS,0
INSTRUMENT CABLE BLOCK DIAGRAM-  SB-310 WELL,6569-20-200-D1378-138-01,14-71-49-1645,A,INST,Drawings,Drawings,package b schdule.xls,INST,8,4,medium,CRS,0
INSTRUMENT DEMOLITION LAYOUT-  SB-310 WELL,6569-20-200-D1378-139-01,14-71-44-1620,,INST,Drawings,Drawings,package b schdule.xls,INST,5,5,high,CRS,0
FIRE AND GAS DETECTOR LAYOUT SINGLE COMPLETION GAS LIFT WELL-  SB-310 WELL,6569-20-200-D1378-140-01,14-71-45-1620,,INST,Drawings,Drawings,package b schdule.xls,HSE,5,5,high,CRS,0
INSTRUMENT LOOP DRAWINGS -  SB-302 WELL,6569-20-200-D1378-141-01,14-71-41-1621,,INST,Drawings,Drawings,package b schdule.xls,INST,4,4,medium,CRS,0
INSTRUMENT JB INTERCONNECTION / TERMINATION DRAWINGS -  SB-302 WELL,6569-20-200-D1378-143-01,14-71-47-1621,,INST,Drawings,Drawings,package b schdule.xls,INST,4,4,medium,CRS,0
INSTRUMENT AND TELECOM CABLE ROUTING / TRENCH LAYOUT  -  SB-302 WELL,6569-20-200-D1378-144-01,14-71-49-1791,,INST,Drawings,Drawings,package b schdule.xls,INST,9,5,high,CRS,0
INSTRUMENT CABLE BLOCK DIAGRAM -  SB-302 WELL,6569-20-200-D1378-145-01,14-71-49-1646,,INST,Drawings,Drawings,package b schdule.xls,INST,8,4,medium,CRS,0
INSTRUMENT DEMOLITION LAYOUT -  SB-302 WELL,6569-20-200-D1378-146-01,14-71-44-1621,,INST,Drawings,Drawings,package b schdule.xls,INST,5,5,high,CRS,0
FIRE AND GAS DETECTOR LAYOUT SINGLE COMPLETION GAS LIFT WELL -  SB-302 WELL,6569-20-200-D1378-147-01,14-71-45-1621,,INST,Drawings,Drawings,package b schdule.xls,HSE,5,5,high,CRS,0
INSTRUMENT LOOP DRAWINGS -  SB-170 WELL,6569-20-200-D1378-148-01,14-71-41-1622,,INST,Drawings,Drawings,package b schdule.xls,INST,4,4,medium,CRS,0
INSTRUMENT JB INTERCONNECTION / TERMINATION DRAWINGS -  SB-170 WELL,6569-20-200-D1378-150-01,14-71-47-1622,,INST,Drawings,Drawings,package b schdule.xls,INST,4,4,medium,CRS,0
INSTRUMENT AND TELECOM CABLE ROUTING / TRENCH LAYOUT  -  SB-170 WELL,6569-20-200-D1378-151-01,14-71-49-1792,,INST,Drawings,Drawings,package b schdule.xls,INST,9,5,high,CRS,0
INSTRUMENT CABLE BLOCK DIAGRAM -  SB-170 WELL,6569-20-200-D1378-152-01,14-71-49-1647,,INST,Drawings,Drawings,package b schdule.xls,INST,8,4,medium,CRS,0
INSTRUMENT DEMOLITION LAYOUT -  SB-170 WELL,6569-20-200-D1378-153-01,14-71-44-1622,,INST,Drawings,Drawings,package b schdule.xls,INST,5,5,high,CRS,0
FIRE AND GAS DETECTOR LAYOUT SINGLE COMPLETION GAS LIFT WELL -  SB-170 WELL,6569-20-200-D1378-154-01,14-71-45-1622,,INST,Drawings,Drawings,package b schdule.xls,HSE,5,5,high,CRS,0
INSTRUMENT LOOP DRAWINGS-  SB-395 WELL,6569-20-200-D1378-155-01,14-71-41-1623,,INST,Drawings,Drawings,package b schdule.xls,INST,4,4,medium,CRS,0
INSTRUMENT JB INTERCONNECTION / TERMINATION DRAWINGS-  SB-395 WELL,6569-20-200-D1378-157-01,14-71-47-1623,,INST,Drawings,Drawings,package b schdule.xls,INST,4,4,medium,CRS,0
INSTRUMENT AND TELECOM CABLE ROUTING / TRENCH LAYOUT -  SB-395 WELL,6569-20-200-D1378-158-01,14-71-49-1793,,INST,Drawings,Drawings,package b schdule.xls,INST,9,5,high,CRS,0
INSTRUMENT CABLE BLOCK DIAGRAM-  SB-395 WELL,6569-20-200-D1378-159-01,14-71-49-1648,,INST,Drawings,Drawings,package b schdule.xls,INST,8,4,medium,CRS,0
INSTRUMENT DEMOLITION LAYOUT-  SB-395 WELL,6569-20-200-D1378-160-01,14-71-44-1623,,INST,Drawings,Drawings,package b schdule.xls,INST,5,5,high,CRS,0
FIRE AND GAS DETECTOR LAYOUT SINGLE COMPLETION GAS LIFT WELL-  SB-395 WELL,6569-20-200-D1378-161-01,14-71-45-1623,,INST,Drawings,Drawings,package b schdule.xls,HSE,5,5,high,CRS,0
INSTRUMENT LOOP DRAWINGS -  SB-489 WELL,6569-20-200-D1378-162-01,14-71-41-1624,,INST,Drawings,Drawings,package b schdule.xls,INST,4,4,medium,CRS,0
INSTRUMENT JB INTERCONNECTION / TERMINATION DRAWINGS -  SB-489 WELL,6569-20-200-D1378-164-01,14-71-47-1624,,INST,Drawings,Drawings,package b schdule.xls,INST,4,4,medium,CRS,0
INSTRUMENT AND TELECOM CABLE ROUTING / TRENCH LAYOUT  -  SB-489 WELL,6569-20-200-D1378-165-01,14-71-49-1794,,INST,Drawings,Drawings,package b schdule.xls,INST,9,5,high,CRS,0
INSTRUMENT CABLE BLOCK DIAGRAM -  SB-489 WELL,6569-20-200-D1378-166-01,14-71-49-1649,,INST,Drawings,Drawings,package b schdule.xls,INST,8,4,medium,CRS,0
INSTRUMENT DEMOLITION LAYOUT -  SB-489 WELL,6569-20-200-D1378-167-01,14-71-44-1624,,INST,Drawings,Drawings,package b schdule.xls,INST,5,5,high,CRS,0
FIRE AND GAS DETECTOR LAYOUT SINGLE COMPLETION GAS LIFT WELL -  SB-489 WELL,6569-20-200-D1378-168-01,14-71-45-1624,,INST,Drawings,Drawings,package b schdule.xls,HSE,5,5,high,CRS,0
INSTRUMENT LOOP DRAWINGS -  SB-327 WELL,6569-20-200-D1378-169-01,14-71-41-1625,,INST,Drawings,Drawings,package b schdule.xls,INST,4,4,medium,CRS,0
INSTRUMENT JB INTERCONNECTION / TERMINATION DRAWINGS -  SB-327 WELL,6569-20-200-D1378-171-01,14-71-47-1625,,INST,Drawings,Drawings,package b schdule.xls,INST,4,4,medium,CRS,0
INSTRUMENT AND TELECOM CABLE ROUTING / TRENCH LAYOUT  -  SB-327 WELL,6569-20-200-D1378-172-01,14-71-49-1795,,INST,Drawings,Drawings,package b schdule.xls,INST,9,5,high,CRS,0
INSTRUMENT CABLE BLOCK DIAGRAM -  SB-327 WELL,6569-20-200-D1378-173-01,14-71-49-1650,,INST,Drawings,Drawings,package b schdule.xls,INST,8,4,medium,CRS,0
INSTRUMENT DEMOLITION LAYOUT -  SB-327 WELL,6569-20-200-D1378-174-01,14-71-44-1625,,INST,Drawings,Drawings,package b schdule.xls,INST,5,5,high,CRS,0
FIRE AND GAS DETECTOR LAYOUT SINGLE COMPLETION GAS LIFT WELL -  SB-327 WELL,6569-20-200-D1378-175-01,14-71-45-1625,,INST,Drawings,Drawings,package b schdule.xls,HSE,5,5,high,CRS,0
INSTRUMENT LOCATION LAYOUT - SB-159 WELL,6569-20-200-D1378-176-01,14-71-44-1751,1,INST,Drawings,Drawings,package b schdule.xls,INST,5,5,high,CRS,0
INSTRUMENT LOCATION LAYOUT - SB-413 WELL,6569-20-200-D1378-177-01,14-71-44-1752,1,INST,Drawings,Drawings,package b schdule.xls,INST,5,5,high,CRS,0
INSTRUMENT LOCATION LAYOUT - SB-415 WELL,6569-20-200-D1378-178-01,14-71-44-1753,1,INST,Drawings,Drawings,package b schdule.xls,INST,5,5,high,CRS,0
INSTRUMENT LOCATION LAYOUT - SB-403 WELL,6569-20-200-D1378-179-01,14-71-44-1754,,INST,Drawings,Drawings,package b schdule.xls,INST,5,5,high,CRS,0
INSTRUMENT LOCATION LAYOUT - SB-394 WELL,6569-20-200-D1378-180-01,14-71-44-1755,A,INST,Drawings,Drawings,package b schdule.xls,INST,5,5,high,CRS,0
INSTRUMENT LOCATION LAYOUT - SB-410 WELL,6569-20-200-D1378-181-01,14-71-44-1756,1,INST,Drawings,Drawings,package b schdule.xls,INST,5,5,high,CRS,0
INSTRUMENT LOCATION LAYOUT - SB-381 WELL,6569-20-200-D1378-182-01,14-71-44-1757,B,INST,Drawings,Drawings,package b schdule.xls,INST,5,5,high,CRS,0
INSTRUMENT LOCATION LAYOUT - SB-269 WELL,6569-20-200-D1378-183-01,14-71-44-1758,A,INST,Drawings,Drawings,package b schdule.xls,INST,5,5,high,CRS,0
INSTRUMENT LOCATION LAYOUT SB-352 WELL,6569-20-200-D1378-184-01,14-71-44-1759,1,INST,Drawings,Drawings,package b schdule.xls,INST,5,5,high,CRS,0
INSTRUMENT LOCATION LAYOUT - SB-016 WELL,6569-20-200-D1378-185-01,14-71-44-1760,B,INST,Drawings,Drawings,package b schdule.xls,INST,5,5,high,CRS,0
INSTRUMENT LOCATION LAYOUT SB-376 WELL,6569-20-200-D1378-186-01,14-71-44-1761,A,INST,Drawings,Drawings,package b schdule.xls,INST,5,5,high,CRS,0
INSTRUMENT LOCATION LAYOUT - SB-386 WELL,6569-20-200-D1378-187-01,14-71-44-1762,,INST,Drawings,Drawings,package b schdule.xls,INST,5,5,high,CRS,0
INSTRUMENT LOCATION LAYOUT - SB-380 WELL,6569-20-200-D1378-188-01,14-71-44-1763,,INST,Drawings,Drawings,package b schdule.xls,INST,5,5,high,CRS,0
INSTRUMENT LOCATION LAYOUT - SB-324 WELL,6569-20-200-D1378-189-01,14-71-44-1764,,INST,Drawings,Drawings,package b schdule.xls,INST,5,5,high,CRS,0
INSTRUMENT LOCATION LAYOUT - SB-365 WELL,6569-20-200-D1378-190-01,14-71-44-1765,A,INST,Drawings,Drawings,package b schdule.xls,INST,5,5,high,CRS,0
INSTRUMENT LOCATION LAYOUT SB-383 WELL,6569-20-200-D1378-191-01,14-71-44-1766,A,INST,Drawings,Drawings,package b schdule.xls,INST,5,5,high,CRS,0
INSTRUMENT LOCATION LAYOUT - SB-382 WELL,6569-20-200-D1378-192-01,14-71-44-1767,,INST,Drawings,Drawings,package b schdule.xls,INST,5,5,high,CRS,0
INSTRUMENT LOCATION LAYOUT - SB-384 WELL,6569-20-200-D1378-193-01,14-71-44-1768,A,INST,Drawings,Drawings,package b schdule.xls,INST,5,5,high,CRS,0
INSTRUMENT LOCATION  LAYOUT SB-330 WELL,6569-20-200-D1378-194-01,14-71-44-1769,A,INST,Drawings,Drawings,package b schdule.xls,INST,5,5,high,CRS,0
INSTRUMENT LOCATION LAYOUT - SB-310 WELL,6569-20-200-D1378-195-01,14-71-44-1770,,INST,Drawings,Drawings,package b schdule.xls,INST,5,5,high,CRS,0
INSTRUMENT LOCATION LAYOUT - SB-302 WELL,6569-20-200-D1378-196-01,14-71-44-1771,,INST,Drawings,Drawings,package b schdule.xls,INST,5,5,high,CRS,0
INSTRUMENT LOCATION LAYOUT - SB-170 WELL,6569-20-200-D1378-197-01,14-71-44-1772,,INST,Drawings,Drawings,package b schdule.xls,INST,5,5,high,CRS,0
INSTRUMENT LOCATION LAYOUT - SB-395 WELL,6569-20-200-D1378-198-01,14-71-44-1773,,INST,Drawings,Drawings,package b schdule.xls,INST,5,5,high,CRS,0
INSTRUMENT LOCATION LAYOUT SB-489 WELL,6569-20-200-D1378-199-01,14-71-44-1774,A,INST,Drawings,Drawings,package b schdule.xls,INST,5,5,high,CRS,0
INSTRUMENT LOCATION LAYOUT - SB-327 WELL,6569-20-200-D1378-200-01,14-71-44-1775,,INST,Drawings,Drawings,package b schdule.xls,INST,5,5,high,CRS,0
INSTRUMENT CABLE ROUTING / TRENCH LAYOUT  -  RDS-2,6569-20-200-D1378-201-01,14-12-49-1630,,INST,Drawings,Drawings,package b schdule.xls,INST,9,5,high,CRS,0
INSTRUMENT DEMOLITION LAYOUT SB-098 WELL,6569-20-200-D1378-202-01,14-71-44-1626,2,INST,Drawings,Drawings,package b schdule.xls,INST,5,5,high,CRS,0
INSTRUMENT LOCATION LAYOU SB-098 WELL,6569-20-200-D1378-203-01,14-71-44-1776,2,INST,Drawings,Drawings,package b schdule.xls,INST,5,5,high,CRS,0
FIRE & GAS DETECTOR LAYOUT SB-098 WELL,6569-20-200-D1378-204-01,14-71-45-1626,1,INST,Drawings,Drawings,package b schdule.xls,HSE,5,5,high,CRS,0
INSTRUMENT AND TELECOM CABLE ROUTING / TRENCH LAYOUT SB-098 WELL,6569-20-200-D1378-205-01,14-71-49-1796,2,INST,Drawings,Drawings,package b schdule.xls,INST,9,5,high,CRS,0
INSTRUMENT DEMOLITION LAYOUT SB-018 WELL,6569-20-200-D1378-206-01,14-71-44-1627,2,INST,Drawings,Drawings,package b schdule.xls,INST,5,5,high,CRS,0
INSTRUMENT AND TELECOM CABLE ROUTING/TRENCH LAYOUT SB-018 WELL,6569-20-200-D1378-207-01,14-71-49-1797,2,INST,Drawings,Drawings,package b schdule.xls,INST,9,5,high,CRS,0
INSTRUMENT DEMOLITION LAYOUT SB-179 WELL,6569-20-200-D1378-208-01,14-71-44-1628,1,INST,Drawings,Drawings,package b schdule.xls,INST,5,5,high,CRS,0
INSTRUMENT LOCATION LAYOUT SB-179 WELL,6569-20-200-D1378-209-01,14-71-44-1778,1,INST,Drawings,Drawings,package b schdule.xls,INST,5,5,high,CRS,0
FIRE AND GAS DETECTOR LAYOUT SB-018 WELL,6569-20-200-D1378-210-01,14-71-45-1627,1,INST,Drawings,Drawings,package b schdule.xls,HSE,5,5,high,CRS,0
INSTRUMENT AND TELECOM CABLE ROUTING / TRENCH LAYOUT SB-179 WELL,6569-20-200-D1378-211-01,14-71-49-1798,1,INST,Drawings,Drawings,package b schdule.xls,INST,9,5,high,CRS,0
FIRE & GAS DETECTOR LAYOUT SB-179 WELL,6569-20-200-D1378-212-01,14-71-45-1628,1,INST,Drawings,Drawings,package b schdule.xls,HSE,5,5,high,CRS,0
INSTRUMENT CABLE SCHEDULE  (ASAB AREA SB-179 WELL),6569-20-200-D1378-213-01,14-71-48-1753,1,INST,Documents,Lists_MTOs_BOMs,package b schdule.xls,INST,2,2,low,CRS,0
TYPICAL INSTRUMENT INSTALLATION DETAILS,6569-20-200-D1378-214-01,30-99-46-1601,1,INST,Drawings,Drawings,package b schdule.xls,INST,4,2,low,CRS,0
INSTRUMENT CABLE BLOCK DIAGRAM (ASAB AREA SB- 159 WELL),6569-20-200-D1378-215-01,14-71-49-1626,1,INST,Drawings,Drawings,package b schdule.xls,INST,8,4,medium,CRS,0
INSTRUMENT LOCATION LAYOUT SB-018 WELL,6569-20-200-D1378-216-01,14-71-44-1777,2,INST,Drawings,Drawings,package b schdule.xls,INST,5,5,high,CRS,0
INSTRUMENT AND TELECOM CABLE ROUTING/ TRENCH LAYOUT SB-413 WELL,6569-20-200-D1378-217-01,14-71-49-1772,1,INST,Drawings,Drawings,package b schdule.xls,INST,9,5,high,CRS,0
INSTRUMENT CABLE SCHEDULE (SHAH AREA SY-091 WELL),6569-20-200-D1378-218-01,29-71-49-1727,,INST,Documents,Lists_MTOs_BOMs,package b schdule.xls,INST,2,2,low,CRS,0
INSTRUMENT CABLE SCHEDULE (SHAH AREA SY-094 WELL),6569-20-200-D1378-219-01,29-71-49-1732,,INST,Documents,Lists_MTOs_BOMs,package b schdule.xls,INST,2,2,low,CRS,0
INSTRUMENT CABLE SCHEDULE (SHAH AREA SY-096 WELL),6569-20-200-D1378-220-01,29-71-49-1735,,INST,Documents,Lists_MTOs_BOMs,package b schdule.xls,INST,2,2,low,CRS,0
GENERAL ARRANGEMENT PIPING SECTION – B SINGLE COMPLETION PRODUCTION OIL WELL QW-044 QUSAHWIRA FIELD,6569-20-200-D1378-221-01,58-71-21-1622,,PIPNG,Drawings,Drawings,package b schdule.xls,PIPNG,9,5,high,CRS,0
HAZARDOUS AREA LAYOUT- GAS LIFT WELLS (TYPICAL),6569-20-200-D1380-001-01,14-71-01-1602,,ELEC,Drawings,Drawings,package b schdule.xls,,10,5,high,CRS,0
SOLAR SYSTEM SIZING - GAS LIFT WELL,6569-20-200-D1381-001-01,14-71-67-1602,,ELEC,Documents,Calculations,package b schdule.xls,,3,3,medium,CRS,0
SINGLE LINE DIAGRAM OF SOLAR POWER SYSTEM GAS LIFT WELL,6569-20-200-D1381-002-01,14-71-56-1601,,ELEC,Drawings,Drawings,package b schdule.xls,,8,4,medium,CRS,0
RESIDUAL ENGINEERING GAS LIFT WELL,6569-20-200-D1381-003-01,,,ELEC,Documents,Documents,package b schdule.xls,,4,4,medium,CRS,0
RESIDUAL ENGINEERING WD WELL,6569-20-200-D1381-004-01,,,ELEC,Documents,Documents,package b schdule.xls,,4,4,medium,CRS,0
RESIDUAL ENGINEERING ACTIVITY FOR GL WELLS CONSTRUCTION ONLY,6569-20-200-D1381-005-01,,,ELEC,Documents,Documents,package b schdule.xls,,4,4,medium,CRS,0
RESIDUAL ENGINEERING ACTIVITY FOR WDW WELLS CONSTRUCTION ONLY,6569-20-200-D1381-006-01,,,ELEC,Documents,Documents,package b schdule.xls,,4,4,medium,CRS,0
ELECTRICAL CABLE ROUTING / TRENCH LAYOUT WELLHEAD GAS LIFT SINGLE COMPLETION OIL WELL SB-159,6569-20-200-D1382-001-01,14-71-59-1601,,ELEC,Drawings,Drawings,package b schdule.xls,,9,5,high,CRS,0
ELECTRICAL CABLE ROUTING / TRENCH LAYOUT WELLHEAD GAS LIFT SINGLE COMPLETION OIL WELL SB-413,6569-20-200-D1382-002-01,14-71-59-1602,,ELEC,Drawings,Drawings,package b schdule.xls,,9,5,high,CRS,0
ELECTRICAL CABLE ROUTING / TRENCH LAYOUT WELLHEAD GAS LIFT SINGLE COMPLETION OIL WELL SB-415,6569-20-200-D1382-003-01,14-71-59-1603,,ELEC,Drawings,Drawings,package b schdule.xls,,9,5,high,CRS,0
ELECTRICAL CABLE ROUTING / TRENCH LAYOUT WELLHEAD GAS LIFT SINGLE COMPLETION OIL WELL SB-403,6569-20-200-D1382-004-01,14-71-59-1604,,ELEC,Drawings,Drawings,package b schdule.xls,,9,5,high,CRS,0
ELECTRICAL CABLE ROUTING / TRENCH LAYOUT WELLHEAD GAS LIFT SINGLE COMPLETION OIL WELL SB-394,6569-20-200-D1382-005-01,14-71-59-1605,,ELEC,Drawings,Drawings,package b schdule.xls,,9,5,high,CRS,0
ELECTRICAL CABLE ROUTING / TRENCH LAYOUT WELLHEAD GAS LIFT SINGLE COMPLETION OIL WELL SB-410,6569-20-200-D1382-006-01,14-71-59-1606,,ELEC,Drawings,Drawings,package b schdule.xls,,9,5,high,CRS,0
ELECTRICAL CABLE ROUTING / TRENCH LAYOUT WELLHEAD GAS LIFT SINGLE COMPLETION OIL WELL SB-381,6569-20-200-D1382-007-01,14-71-59-1607,B,ELEC,Drawings,Drawings,package b schdule.xls,,9,5,high,CRS,0
ELECTRICAL CABLE ROUTING / TRENCH LAYOUT WELLHEAD GAS LIFT SINGLE COMPLETION OIL WELL SB-269,6569-20-200-D1382-008-01,14-71-59-1608,,ELEC,Drawings,Drawings,package b schdule.xls,,9,5,high,CRS,0
ELECTRICAL CABLE ROUTING / TRENCH LAYOUT WELLHEAD GAS LIFT SINGLE COMPLETION OIL WELL SB-352,6569-20-200-D1382-009-01,14-71-59-1609,,ELEC,Drawings,Drawings,package b schdule.xls,,9,5,high,CRS,0
ELECTRICAL CABLE ROUTING / TRENCH LAYOUT WELLHEAD GAS LIFT SINGLE COMPLETION OIL WELL SB-016,6569-20-200-D1382-010-01,14-71-59-1610,B,ELEC,Drawings,Drawings,package b schdule.xls,,9,5,high,CRS,0
ELECTRICAL CABLE ROUTING / TRENCH LAYOUT WELLHEAD GAS LIFT SINGLE COMPLETION OIL WELL SB-333,6569-20-200-D1382-011-01,14-71-59-1611,,ELEC,Drawings,Drawings,package b schdule.xls,,9,5,high,CRS,0
ELECTRICAL CABLE ROUTING / TRENCH LAYOUT WELLHEAD GAS LIFT SINGLE COMPLETION OIL WELL SB-376,6569-20-200-D1382-012-01,14-71-59-1612,,ELEC,Drawings,Drawings,package b schdule.xls,,9,5,high,CRS,0
ELECTRICAL CABLE ROUTING / TRENCH LAYOUT WELLHEAD GAS LIFT SINGLE COMPLETION OIL WELL SB-386,6569-20-200-D1382-013-01,14-71-59-1613,,ELEC,Drawings,Drawings,package b schdule.xls,,9,5,high,CRS,0
ELECTRICAL CABLE ROUTING / TRENCH LAYOUT WELLHEAD GAS LIFT SINGLE COMPLETION OIL WELL SB-365,6569-20-200-D1382-014-01,14-71-59-1614,,ELEC,Drawings,Drawings,package b schdule.xls,,9,5,high,CRS,0
ELECTRICAL CABLE ROUTING / TRENCH LAYOUT WELLHEAD GAS LIFT SINGLE COMPLETION OIL WELL SB-324,6569-20-200-D1382-015-01,14-71-59-1615,,ELEC,Drawings,Drawings,package b schdule.xls,,9,5,high,CRS,0
ELECTRICAL CABLE ROUTING / TRENCH LAYOUT WELLHEAD GAS LIFT SINGLE COMPLETION OIL WELL SB-363,6569-20-200-D1382-016-01,14-71-59-1616,,ELEC,Drawings,Drawings,package b schdule.xls,,9,5,high,CRS,0
ELECTRICAL CABLE ROUTING / TRENCH LAYOUT WELLHEAD GAS LIFT SINGLE COMPLETION OIL WELL SB-382,6569-20-200-D1382-017-01,14-71-59-1617,,ELEC,Drawings,Drawings,package b schdule.xls,,9,5,high,CRS,0
ELECTRICAL CABLE ROUTING / TRENCH LAYOUT WELLHEAD GAS LIFT SINGLE COMPLETION OIL WELL SB-384,6569-20-200-D1382-018-01,14-71-59-1618,,ELEC,Drawings,Drawings,package b schdule.xls,,9,5,high,CRS,0
ELECTRICAL CABLE ROUTING / TRENCH LAYOUT WELLHEAD GAS LIFT SINGLE COMPLETION OIL WELL SB-330,6569-20-200-D1382-019-01,14-71-59-1619,A,ELEC,Drawings,Drawings,package b schdule.xls,,9,5,high,CRS,0
ELECTRICAL CABLE ROUTING / TRENCH LAYOUT WELLHEAD GAS LIFT SINGLE COMPLETION OIL WELL SB-310,6569-20-200-D1382-020-01,14-71-59-1620,,ELEC,Drawings,Drawings,package b schdule.xls,,9,5,high,CRS,0
ELECTRICAL CABLE ROUTING / TRENCH LAYOUT WELLHEAD GAS LIFT SINGLE COMPLETION OIL WELL SB-302,6569-20-200-D1382-021-01,14-71-59-1621,,ELEC,Drawings,Drawings,package b schdule.xls,,9,5,high,CRS,0
ELECTRICAL CABLE ROUTING / TRENCH LAYOUT WELLHEAD GAS LIFT SINGLE COMPLETION OIL WELL SB-170,6569-20-200-D1382-022-01,14-71-59-1622,,ELEC,Drawings,Drawings,package b schdule.xls,,9,5,high,CRS,0
ELECTRICAL CABLE ROUTING / TRENCH LAYOUT WELLHEAD GAS LIFT SINGLE COMPLETION OIL WELL SB-395,6569-20-200-D1382-023-01,14-71-59-1623,,ELEC,Drawings,Drawings,package b schdule.xls,,9,5,high,CRS,0
ELECTRICAL CABLE ROUTING / TRENCH LAYOUT WELLHEAD GAS LIFT SINGLE COMPLETION OIL WELL SB-489,6569-20-200-D1382-024-01,14-71-59-1624,,ELEC,Drawings,Drawings,package b schdule.xls,,9,5,high,CRS,0
ELECTRICAL CABLE ROUTING / TRENCH LAYOUT WELLHEAD GAS LIFT SINGLE COMPLETION OIL WELL SB-327,6569-20-200-D1382-025-01,14-71-59-1625,,ELEC,Drawings,Drawings,package b schdule.xls,,9,5,high,CRS,0
ELECTRICAL ROUTING / TRENCH LAYOUT WELLHEAD GAS LIFT :  SINGLE COMPLETION OIL WELL SB-179,6569-20-200-D1382-026-01,14-71-59-1651,1,ELEC,Drawings,Drawings,package b schdule.xls,,5,5,high,CRS,0
ELECTRICAL CABLE ROUTING / TRENCH LAYOUT WELLHEAD GAS LIFT : SINGLE COMPLETION OIL WELL SB-018,6569-20-200-D1382-027-01,14-71-59-1653,1,ELEC,Drawings,Drawings,package b schdule.xls,,9,5,high,CRS,0
EARTHING LAYOUT WELLHEAD GAS LIFT SINGLE COMPLETION OIL WELL SB-159,6569-20-200-D1384-001-01,14-71-59-1626,,ELEC,Drawings,Drawings,package b schdule.xls,ELEC,5,5,high,CRS,0
EARTHING LAYOUT WELLHEAD GAS LIFT SINGLE COMPLETION OIL WELL SB-413,6569-20-200-D1384-002-01,14-71-59-1627,,ELEC,Drawings,Drawings,package b schdule.xls,ELEC,5,5,high,CRS,0
EARTHING LAYOUT WELLHEAD GAS LIFT SINGLE COMPLETION OIL WELL SB-415,6569-20-200-D1384-003-01,14-71-59-1628,,ELEC,Drawings,Drawings,package b schdule.xls,ELEC,5,5,high,CRS,0
EARTHING LAYOUT WELLHEAD GAS LIFT SINGLE COMPLETION OIL WELL SB-415,6569-20-200-D1384-003-02,14-71-59-1628,,ELEC,Drawings,Drawings,package b schdule.xls,ELEC,5,5,high,CRS,0
EARTHING LAYOUT WELLHEAD GAS LIFT SINGLE COMPLETION OIL WELL SB-415,6569-20-200-D1384-003-03,14-71-59-1628,,ELEC,Drawings,Drawings,package b schdule.xls,ELEC,5,5,high,CRS,0
EARTHING LAYOUT WELLHEAD GAS LIFT SINGLE COMPLETION OIL WELL SB-403,6569-20-200-D1384-004-01,14-71-59-1629,,ELEC,Drawings,Drawings,package b schdule.xls,ELEC,5,5,high,CRS,0
EARTHING LAYOUT WELLHEAD GAS LIFT SINGLE COMPLETION OIL WELL SB-394,6569-20-200-D1384-005-01,14-71-59-1630,,ELEC,Drawings,Drawings,package b schdule.xls,ELEC,5,5,high,CRS,0
EARTHING LAYOUT WELLHEAD GAS LIFT SINGLE COMPLETION OIL WELL SB-410,6569-20-200-D1384-006-01,14-71-59-1631,,ELEC,Drawings,Drawings,package b schdule.xls,ELEC,5,5,high,CRS,0
EARTHING LAYOUT WELLHEAD GAS LIFT SINGLE COMPLETION OIL WELL SB-381,6569-20-200-D1384-007-01,14-71-59-1632,B,ELEC,Drawings,Drawings,package b schdule.xls,ELEC,5,5,high,CRS,0
EARTHING LAYOUT WELLHEAD FOR GAS LIFT SINGLE COMPLETION OIL WELL SB-381,6569-20-200-D1384-007-02,14-71-59-1632,B,ELEC,Drawings,Drawings,package b schdule.xls,ELEC,5,5,high,CRS,0
EARTHING LAYOUT WELLHEAD GAS LIFT SINGLE COMPLETION OIL WELL SB-269,6569-20-200-D1384-008-01,14-71-59-1633,,ELEC,Drawings,Drawings,package b schdule.xls,ELEC,5,5,high,CRS,0
EARTHING LAYOUT WELLHEAD GAS LIFT SINGLE COMPLETION OIL WELL SB-352,6569-20-200-D1384-009-01,14-71-59-1634,,ELEC,Drawings,Drawings,package b schdule.xls,ELEC,5,5,high,CRS,0
EARTHING LAYOUT WELLHEAD GAS LIFT SINGLE COMPLETION OIL WELL SB-016,6569-20-200-D1384-010-01,14-71-59-1635,B,ELEC,Drawings,Drawings,package b schdule.xls,ELEC,5,5,high,CRS,0
EARTHING LAYOUT WELLHEAD GAS LIFT SINGLE COMPLETION OIL WELL SB-016,6569-20-200-D1384-010-02,14-71-59-1635,B,ELEC,Drawings,Drawings,package b schdule.xls,ELEC,5,5,high,CRS,0
EARTHING LAYOUT WELLHEAD GAS LIFT SINGLE COMPLETION OIL WELL SB-333,6569-20-200-D1384-011-01,14-71-59-1636,,ELEC,Drawings,Drawings,package b schdule.xls,ELEC,5,5,high,CRS,0
EARTHING LAYOUT WELLHEAD GAS LIFT SINGLE COMPLETION OIL WELL SB-376,6569-20-200-D1384-012-01,14-71-59-1637,,ELEC,Drawings,Drawings,package b schdule.xls,ELEC,5,5,high,CRS,0
EARTHING LAYOUT WELLHEAD GAS LIFT SINGLE COMPLETION OIL WELL SB-386,6569-20-200-D1384-013-01,14-71-59-1638,,ELEC,Drawings,Drawings,package b schdule.xls,ELEC,5,5,high,CRS,0
EARTHING LAYOUT WELLHEAD GAS LIFT SINGLE COMPLETION OIL WELL SB-365,6569-20-200-D1384-014-01,14-71-59-1639,,ELEC,Drawings,Drawings,package b schdule.xls,ELEC,5,5,high,CRS,0
EARTHING LAYOUT WELLHEAD GAS LIFT SINGLE COMPLETION OIL WELL SB-324,6569-20-200-D1384-015-01,14-71-59-1640,,ELEC,Drawings,Drawings,package b schdule.xls,ELEC,5,5,high,CRS,0
EARTHING LAYOUT WELLHEAD GAS LIFT SINGLE COMPLETION OIL WELL SB-363,6569-20-200-D1384-016-01,14-71-59-1641,,ELEC,Drawings,Drawings,package b schdule.xls,ELEC,5,5,high,CRS,0
EARTHING LAYOUT WELLHEAD GAS LIFT SINGLE COMPLETION OIL WELL SB-382,6569-20-200-D1384-017-01,14-71-59-1642,,ELEC,Drawings,Drawings,package b schdule.xls,ELEC,5,5,high,CRS,0
EARTHING LAYOUT WELLHEAD GAS LIFT SINGLE COMPLETION OIL WELL SB-384,6569-20-200-D1384-018-01,14-71-59-1643,,ELEC,Drawings,Drawings,package b schdule.xls,ELEC,5,5,high,CRS,0
EARTHING LAYOUT WELLHEAD GAS LIFT SINGLE COMPLETION OIL WELL SB-330,6569-20-200-D1384-019-01,14-71-59-1644,A,ELEC,Drawings,Drawings,package b schdule.xls,ELEC,5,5,high,CRS,0
EARTHING LAYOUT WELLHEAD GAS LIFT SINGLE COMPLETION OIL WELL SB-310,6569-20-200-D1384-020-01,14-71-59-1645,,ELEC,Drawings,Drawings,package b schdule.xls,ELEC,5,5,high,CRS,0
EARTHING LAYOUT WELLHEAD GAS LIFT SINGLE COMPLETION OIL WELL SB-302,6569-20-200-D1384-021-01,14-71-59-1646,,ELEC,Drawings,Drawings,package b schdule.xls,ELEC,5,5,high,CRS,0
EARTHING LAYOUT WELLHEAD GAS LIFT SINGLE COMPLETION OIL WELL SB-170,6569-20-200-D1384-022-01,14-71-59-1647,,ELEC,Drawings,Drawings,package b schdule.xls,ELEC,5,5,high,CRS,0
EARTHING LAYOUT WELLHEAD GAS LIFT SINGLE COMPLETION OIL WELL SB-395,6569-20-200-D1384-023-01,14-71-59-1648,,ELEC,Drawings,Drawings,package b schdule.xls,ELEC,5,5,high,CRS,0
EARTHING LAYOUT WELLHEAD GAS LIFT SINGLE COMPLETION OIL WELL SB-489,6569-20-200-D1384-024-01,14-71-59-1649,,ELEC,Drawings,Drawings,package b schdule.xls,ELEC,5,5,high,CRS,0
EARTHING LAYOUT WELLHEAD GAS LIFT SINGLE COMPLETION OIL WELL SB-327,6569-20-200-D1384-025-01,14-71-59-1650,,ELEC,Drawings,Drawings,package b schdule.xls,ELEC,5,5,high,CRS,0
ELECTRICAL LAYOUT WELLHEAD GAS LIFT : SINGLE COMPLETION OIL WELL SB-179,6569-20-200-D1384-026-01,14-71-59-1652,1,ELEC,Drawings,Drawings,package b schdule.xls,,5,5,high,CRS,0
ELECTRICAL LAYOUT WELLHEAD GAS LIFT : SINGLE COMPLETION OIL WELL SB-179,6569-20-200-D1384-026-02,14-71-59-1652,1,ELEC,Drawings,Drawings,package b schdule.xls,,5,5,high,CRS,0
ELECTRICAL LAYOUT WELLHEAD GAS LIFT : SINGLE COMPLETION OIL WELL SB-179,6569-20-200-D1384-026-03,14-71-59-1652,1,ELEC,Drawings,Drawings,package b schdule.xls,,5,5,high,CRS,0
ELECTRICAL LAYOUT WELLHEAD GAS LIFT : SINGLE COMPLETION OIL WELL SB-179,6569-20-200-D1384-026-04,14-71-59-1652,1,ELEC,Drawings,Drawings,package b schdule.xls,,5,5,high,CRS,0
ELECTRICAL LAYOUT WELLHEAD GAS LIFT : SINGLE COMPLETION OIL WELL SB-098,6569-20-200-D1384-027-01,14-71-59-1656,1,ELEC,Drawings,Drawings,package b schdule.xls,,5,5,high,CRS,0
ELECTRICAL LAYOUT WELLHEAD GAS LIFT : SINGLE COMPLETION OIL WELL SB-098,6569-20-200-D1384-027-02,14-71-59-1656,1,ELEC,Drawings,Drawings,package b schdule.xls,,5,5,high,CRS,0
ELECTRICAL LAYOUT WELLHEAD GAS LIFT : SINGLE COMPLETION OIL WELL SB-098,6569-20-200-D1384-027-03,14-71-59-1656,1,ELEC,Drawings,Drawings,package b schdule.xls,,5,5,high,CRS,0
ELECTRICAL LAYOUT WELLHEAD GAS LIFT : SINGLE COMPLETION OIL WELL SB-098,6569-20-200-D1384-027-04,14-71-59-1656,1,ELEC,Drawings,Drawings,package b schdule.xls,,5,5,high,CRS,0
WELL SITE COMMUNICATION BLOCK DIAGRAM (ASAB),6569-20-200-D1386-001-01,14-71-70-1601,,ELEC,Drawings,Drawings,package b schdule.xls,,8,4,medium,CRS,0
WELL SITE COMMUNICATION TERMINATION DIAGRAM (ASAB),6569-20-200-D1386-002-01,14-71-70-1602,B,ELEC,Drawings,Drawings,package b schdule.xls,,4,4,medium,CRS,0
TELECOM CABLE ROUTING LAYOUT WELLHEAD GAS LIFT SINGLE COMPLETION OIL WELL SB-159,6569-20-200-D1386-003-01,14-71-71-1601,,ELEC,Drawings,Drawings,package b schdule.xls,,9,5,high,CRS,0
TELECOM CABLE ROUTING LAYOUT WELLHEAD GAS LIFT SINGLE COMPLETION OIL WELL SB-413,6569-20-200-D1386-004-01,14-71-71-1602,,ELEC,Drawings,Drawings,package b schdule.xls,,9,5,high,CRS,0
TELECOM CABLE ROUTING LAYOUT WELLHEAD GAS LIFT SINGLE COMPLETION OIL WELL SB-415,6569-20-200-D1386-005-01,14-71-71-1603,,ELEC,Drawings,Drawings,package b schdule.xls,,9,5,high,CRS,0
TELECOM CABLE ROUTING LAYOUT WELLHEAD GAS LIFT SINGLE COMPLETION OIL WELL SB-403,6569-20-200-D1386-006-01,14-71-71-1604,,ELEC,Drawings,Drawings,package b schdule.xls,,9,5,high,CRS,0
TELECOM CABLE ROUTING LAYOUT WELLHEAD GAS LIFT SINGLE COMPLETION OIL WELL SB-394,6569-20-200-D1386-007-01,14-71-71-1605,,ELEC,Drawings,Drawings,package b schdule.xls,,9,5,high,CRS,0
TELECOM CABLE ROUTING LAYOUT WELLHEAD GAS LIFT SINGLE COMPLETION OIL WELL SB-410,6569-20-200-D1386-008-01,14-71-71-1606,,ELEC,Drawings,Drawings,package b schdule.xls,,9,5,high,CRS,0
TELECOM CABLE ROUTING LAYOUT WELLHEAD GAS LIFT SINGLE COMPLETION OIL WELL SB-381,6569-20-200-D1386-009-01,14-71-71-1607,,ELEC,Drawings,Drawings,package b schdule.xls,,9,5,high,CRS,0
TELECOM CABLE ROUTING LAYOUT WELLHEAD GAS LIFT SINGLE COMPLETION OIL WELL SB-269,6569-20-200-D1386-010-01,14-71-71-1608,,ELEC,Drawings,Drawings,package b schdule.xls,,9,5,high,CRS,0
TELECOM CABLE ROUTING LAYOUT WELLHEAD GAS LIFT SINGLE COMPLETION OIL WELL SB-352,6569-20-200-D1386-011-01,14-71-71-1609,,ELEC,Drawings,Drawings,package b schdule.xls,,9,5,high,CRS,0
TELECOM CABLE ROUTING LAYOUT WELLHEAD GAS LIFT SINGLE COMPLETION OIL WELL SB-016,6569-20-200-D1386-012-01,14-71-71-1610,,ELEC,Drawings,Drawings,package b schdule.xls,,9,5,high,CRS,0
TELECOM CABLE ROUTING LAYOUT WELLHEAD GAS LIFT SINGLE COMPLETION OIL WELL SB-333,6569-20-200-D1386-013-01,14-71-71-1611,,ELEC,Drawings,Drawings,package b schdule.xls,,9,5,high,CRS,0
TELECOM CABLE ROUTING LAYOUT WELLHEAD GAS LIFT SINGLE COMPLETION OIL WELL SB-376,6569-20-200-D1386-014-01,14-71-71-1612,,ELEC,Drawings,Drawings,package b schdule.xls,,9,5,high,CRS,0
TELECOM CABLE ROUTING LAYOUT WELLHEAD GAS LIFT SINGLE COMPLETION OIL WELL SB-386,6569-20-200-D1386-015-01,14-71-71-1613,,ELEC,Drawings,Drawings,package b schdule.xls,,9,5,high,CRS,0
TELECOM CABLE ROUTING LAYOUT WELLHEAD GAS LIFT SINGLE COMPLETION OIL WELL SB-365,6569-20-200-D1386-016-01,14-71-71-1614,,ELEC,Drawings,Drawings,package b schdule.xls,,9,5,high,CRS,0
TELECOM CABLE ROUTING LAYOUT WELLHEAD GAS LIFT SINGLE COMPLETION OIL WELL SB-324,6569-20-200-D1386-017-01,14-71-71-1615,,ELEC,Drawings,Drawings,package b schdule.xls,,9,5,high,CRS,0
TELECOM CABLE ROUTING LAYOUT WELLHEAD GAS LIFT SINGLE COMPLETION OIL WELL SB-363,6569-20-200-D1386-018-01,14-71-71-1616,,ELEC,Drawings,Drawings,package b schdule.xls,,9,5,high,CRS,0
TELECOM CABLE ROUTING LAYOUT WELLHEAD GAS LIFT SINGLE COMPLETION OIL WELL SB-382,6569-20-200-D1386-019-01,14-71-71-1617,,ELEC,Drawings,Drawings,package b schdule.xls,,9,5,high,CRS,0
TELECOM CABLE ROUTING LAYOUT WELLHEAD GAS LIFT SINGLE COMPLETION OIL WELL SB-384,6569-20-200-D1386-020-01,14-71-71-1618,,ELEC,Drawings,Drawings,package b schdule.xls,,9,5,high,CRS,0
TELECOM CABLE ROUTING LAYOUT WELLHEAD GAS LIFT SINGLE COMPLETION OIL WELL SB-330,6569-20-200-D1386-021-01,14-71-71-1619,,ELEC,Drawings,Drawings,package b schdule.xls,,9,5,high,CRS,0
TELECOM CABLE ROUTING LAYOUT WELLHEAD GAS LIFT SINGLE COMPLETION OIL WELL SB-310,6569-20-200-D1386-022-01,14-71-71-1620,,ELEC,Drawings,Drawings,package b schdule.xls,,9,5,high,CRS,0
TELECOM CABLE ROUTING LAYOUT WELLHEAD GAS LIFT SINGLE COMPLETION OIL WELL SB-302,6569-20-200-D1386-023-01,14-71-71-1621,,ELEC,Drawings,Drawings,package b schdule.xls,,9,5,high,CRS,0
TELECOM CABLE ROUTING LAYOUT WELLHEAD GAS LIFT SINGLE COMPLETION OIL WELL SB-170,6569-20-200-D1386-024-01,14-71-71-1622,,ELEC,Drawings,Drawings,package b schdule.xls,,9,5,high,CRS,0
TELECOM CABLE ROUTING LAYOUT WELLHEAD GAS LIFT SINGLE COMPLETION OIL WELL SB-395,6569-20-200-D1386-025-01,14-71-71-1623,,ELEC,Drawings,Drawings,package b schdule.xls,,9,5,high,CRS,0
TELECOM CABLE ROUTING LAYOUT WELLHEAD GAS LIFT SINGLE COMPLETION OIL WELL SB-489,6569-20-200-D1386-026-01,14-71-71-1624,,ELEC,Drawings,Drawings,package b schdule.xls,,9,5,high,CRS,0
TELECOM CABLE ROUTING LAYOUT WELLHEAD GAS LIFT SINGLE COMPLETION OIL WELL SB-327,6569-20-200-D1386-027-01,14-71-71-1625,,ELEC,Drawings,Drawings,package b schdule.xls,,9,5,high,CRS,0
CONTROL ROOM LAYOUT ASAB RDS-2,6569-20-200-D1386-028-01,14-71-70-1603,,ELEC,Drawings,Drawings,package b schdule.xls,,5,5,high,CRS,0
CONTROL ROOM EARTHING DETAILS ASAB RDS-2,6569-20-200-D1386-029-01,14-71-70-1604,,ELEC,Drawings,Drawings,package b schdule.xls,ELEC,2,2,low,CRS,0
TELECOM EQUIPMENT LAYOUT CONTROL ROOM BUILDING ASAB RDS-6,6569-20-200-D1386-030-01,14-71-70-1605,,ELEC,Drawings,Drawings,package b schdule.xls,,5,5,high,CRS,0
TELECOM JUNCTION BOX SCHEDULE LOCATION : ASAB,6569-20-200-D1386-031-01,14-71-73-1603,,ELEC,Drawings,Drawings,package b schdule.xls,INST,3,3,medium,Lists_MTOs_BOMs,2
ELECTRICAL CABLE ROUTING / TRENCH LAYOUT WELLHEAD GAS LIFT : SINGLE COMPLETION OIL WELL SB-089,6569-20-200-E1382-001-01,14-71-59-1655,1,ELEC,Drawings,Drawings,package b schdule.xls,,9,5,high,CRS,0
EARTHING LAYOUT WELLHEAD GAS LIFT : SINGLE COMPLETION OIL WELL SB-018,6569-20-200-E1384-001-01,14-71-59-1654,1,ELEC,Drawings,Drawings,package b schdule.xls,ELEC,5,5,high,CRS,0
EARTHING LAYOUT WELLHEAD GAS LIFT : SINGLE COMPLETION OIL WELL SB-018,6569-20-200-E1384-001-02,14-71-59-1654,1,ELEC,Drawings,Drawings,package b schdule.xls,ELEC,5,5,high,CRS,0
EARTHING LAYOUT WELLHEAD GAS LIFT : SINGLE COMPLETION OIL WELL SB-018,6569-20-200-E1384-001-03,14-71-59-1654,1,ELEC,Drawings,Drawings,package b schdule.xls,ELEC,5,5,high,CRS,0
EARTHING LAYOUT WELLHEAD GAS LIFT : SINGLE COMPLETION OIL WELL SB-018,6569-20-200-E1384-001-04,14-71-59-1654,1,ELEC,Drawings,Drawings,package b schdule.xls,ELEC,5,5,high,CRS,0
PIPING ISOMETRICS FOR SB-159 INCLUDING IVC COMPOUND FOR ASAB FIELD,6569-20-200-J1362-001-01,14-71-15-1601,,PIPNG,Drawings,Isometrics,package b schdule.xls,PIPNG,5,5,high,CRS,0
PIPING ISOMETRICS FOR SB-489 INCLUDING IVC COMPOUND FOR ASAB FIELD,6569-20-200-J1362-002-01,14-71-15-1946,,PIPNG,Drawings,Isometrics,package b schdule.xls,PIPNG,5,5,high,CRS,0
PIPING ISOMETRICS FOR SB-413 INCLUDING IVC COMPOUND FOR ASAB FIELD,6569-20-200-J1362-003-01,14-71-15-1616,,PIPNG,Drawings,Isometrics,package b schdule.xls,PIPNG,5,5,high,CRS,0
PIPING ISOMETRICS FOR SB-415 INCLUDING IVC COMPOUND FOR ASAB FIELD,6569-20-200-J1362-004-01,14-71-15-1631,,PIPNG,Drawings,Isometrics,package b schdule.xls,PIPNG,5,5,high,CRS,0
PIPING ISOMETRICS INDEX FOR GAS LIFT WELL Sb-403 & Sb-324,6569-20-200-J1362-005-01,14-70-15-1604,,PIPNG,Drawings,Isometrics,package b schdule.xls,PIPNG,5,5,high,Lists_MTOs_BOMs,3
PIPING ISOMETRICS FOR SB-327 INCLUDING IVC COMPOUND FOR ASAB FIELD,6569-20-200-J1362-006-01,14-71-15-1961,,PIPNG,Drawings,Isometrics,package b schdule.xls,PIPNG,5,5,high,CRS,0
PIPING ISOMETRICS FOR SB-394 INCLUDING IVC COMPOUND FOR ASAB FIELD,6569-20-200-J1362-007-01,14-71-15-1661,,PIPNG,Drawings,Isometrics,package b schdule.xls,PIPNG,5,5,high,CRS,0
PIPING ISOMETRICS FOR SB-410 INCLUDING IVC COMPOUND FOR ASAB FIELD,6569-20-200-J1362-008-01,14-71-15-1676,,PIPNG,Drawings,Isometrics,package b schdule.xls,PIPNG,5,5,high,CRS,0
PIPING ISOMETRICS FOR SB-381 INCLUDING IVC COMPOUND FOR ASAB FIELD,6569-20-200-J1362-009-01,14-71-15-1691,,PIPNG,Drawings,Isometrics,package b schdule.xls,PIPNG,5,5,high,CRS,0
PIPING ISOMETRICS FOR SB-269 INCLUDING IVC COMPOUND FOR ASAB FIELD,6569-20-200-J1362-010-01,14-71-15-1706,,PIPNG,Drawings,Isometrics,package b schdule.xls,PIPNG,5,5,high,CRS,0
PIPING ISOMETRICS FOR SB-352 INCLUDING IVC COMPOUND FOR ASAB FIELD,6569-20-200-J1362-011-01,14-71-15-1721,,PIPNG,Drawings,Isometrics,package b schdule.xls,PIPNG,5,5,high,CRS,0
PIPING ISOMETRICS FOR SB-016 INCLUDING IVC COMPOUND FOR ASAB FIELD,6569-20-200-J1362-012-01,14-71-15-1736,,PIPNG,Drawings,Isometrics,package b schdule.xls,PIPNG,5,5,high,CRS,0
PIPING ISOMETRICS FOR SB-380 INCLUDING IVC COMPOUND FOR ASAB FIELD,6569-20-200-J1362-013-01,14-71-15-1781,,PIPNG,Drawings,Isometrics,package b schdule.xls,PIPNG,5,5,high,CRS,0
PIPING ISOMETRICS FOR SB-376 INCLUDING IVC COMPOUND FOR ASAB FIELD,6569-20-200-J1362-014-01,14-71-15-1751,,PIPNG,Drawings,Isometrics,package b schdule.xls,PIPNG,5,5,high,CRS,0
PIPING ISOMETRICS FOR SB-386 INCLUDING IVC COMPOUND FOR ASAB FIELD,6569-20-200-J1362-015-01,14-71-15-1766,,PIPNG,Drawings,Isometrics,package b schdule.xls,PIPNG,5,5,high,CRS,0
PIPING ISOMETRICS FOR SB-365 INCLUDING IVC COMPOUND FOR ASAB FIELD,6569-20-200-J1362-016-01,14-71-15-1811,,PIPNG,Drawings,Isometrics,package b schdule.xls,PIPNG,5,5,high,CRS,0
PIPING ISOMETRICS FOR SB-324 INCLUDING IVC COMPOUND FOR ASAB FIELD,6569-20-200-J1362-017-01,14-71-15-1796,,PIPNG,Drawings,Isometrics,package b schdule.xls,PIPNG,5,5,high,CRS,0
PIPING ISOMETRICS FOR SB-363 INCLUDING IVC COMPOUND FOR ASAB FIELD,6569-20-200-J1362-018-01,14-71-15-1826,,PIPNG,Drawings,Isometrics,package b schdule.xls,PIPNG,5,5,high,CRS,0
PIPING ISOMETRICS FOR SB-382 INCLUDING IVC COMPOUND FOR ASAB FIELD,6569-20-200-J1362-019-01,14-71-15-1841,,PIPNG,Drawings,Isometrics,package b schdule.xls,PIPNG,5,5,high,CRS,0
PIPING ISOMETRICS FOR SB-384 INCLUDING IVC COMPOUND FOR ASAB FIELD,6569-20-200-J1362-020-01,14-71-15-1856,,PIPNG,Drawings,Isometrics,package b schdule.xls,PIPNG,5,5,high,CRS,0
PIPING ISOMETRICS FOR SB-330 INCLUDING IVC COMPOUND FOR ASAB FIELD,6569-20-200-J1362-021-01,14-71-15-1871,,PIPNG,Drawings,Isometrics,package b schdule.xls,PIPNG,5,5,high,CRS,0
PIPING ISOMETRICS FOR SB-310 INCLUDING IVC COMPOUND FOR ASAB FIELD,6569-20-200-J1362-022-01,14-71-15-1886,,PIPNG,Drawings,Isometrics,package b schdule.xls,PIPNG,5,5,high,CRS,0
PIPING ISOMETRICS FOR SB-302 INCLUDING IVC COMPOUND FOR ASAB FIELD,6569-20-200-J1362-023-01,14-71-15-1901,,PIPNG,Drawings,Isometrics,package b schdule.xls,PIPNG,5,5,high,CRS,0
PIPING ISOMETRICS FOR SB-170 INCLUDING IVC COMPOUND FOR ASAB FIELD,6569-20-200-J1362-024-01,14-71-15-1916,,PIPNG,Drawings,Isometrics,package b schdule.xls,PIPNG,5,5,high,CRS,0
PIPING ISOMETRICS FOR SB-395 INCLUDING IVC COMPOUND FOR ASAB FIELD,6569-20-200-J1362-025-01,14-71-15-1931,,PIPNG,Drawings,Isometrics,package b schdule.xls,PIPNG,5,5,high,CRS,0
PIPING ISOMETRICS FOR WELL SB-179,6569-20-200-J1362-052-01,14-70-15-1633,2,PIPNG,Drawings,Isometrics,package b schdule.xls,PIPNG,5,5,high,CRS,0
PIPING ISOMETRICS FOR WELL SB-018,6569-20-200-J1362-053-01,14-70-15-1632,2,PIPNG,Drawings,Isometrics,package b schdule.xls,PIPNG,5,5,high,CRS,0
PIPING ISOMETRICS FOR WELL SB-098,6569-20-200-J1362-054-01,14-70-15-1631,2,PIPNG,Drawings,Isometrics,package b schdule.xls,PIPNG,5,5,high,CRS,0
PIPING ISOMETRICS INDEX FOR GAS LIFT WELL Sb-159,6569-20-200-J1362-055-01,14-70-15-1601,1,PIPNG,Drawings,Isometrics,package b schdule.xls,PIPNG,5,5,high,Lists_MTOs_BOMs,3
PIPING ISOMETRICS INDEX FOR GAS LIFT WELL Sb-413,6569-20-200-J1362-056-01,14-70-15-1602,1,PIPNG,Drawings,Isometrics,package b schdule.xls,PIPNG,5,5,high,Lists_MTOs_BOMs,3
PIPING ISOMETRICS INDEX FOR GAS LIFT WELL Sb-352,6569-20-200-J1362-057-01,14-70-15-1623,1,PIPNG,Drawings,Isometrics,package b schdule.xls,PIPNG,5,5,high,Lists_MTOs_BOMs,3
PIPING ISOMETRICS INDEX FOR GAS LIFT WELL Sb-381,6569-20-200-J1362-058-01,14-70-15-1606,1,PIPNG,Drawings,Isometrics,package b schdule.xls,PIPNG,5,5,high,Lists_MTOs_BOMs,3
PIPING ISOMETRICS INDEX FOR GAS LIFT WELL Sb-394,6569-20-200-J1362-059-01,14-70-15-1605,1,PIPNG,Drawings,Isometrics,package b schdule.xls,PIPNG,5,5,high,Lists_MTOs_BOMs,3
PIPING ISOMETRICS INDEX FOR GAS LIFT WELL Sb-269,6569-20-200-J1362-060-01,14-70-15-1607,1,PIPNG,Drawings,Isometrics,package b schdule.xls,PIPNG,5,5,high,Lists_MTOs_BOMs,3
PIPING ISOMETRICS INDEX FOR GAS LIFT WELL Sb-410 & Sb-415,6569-20-200-J1362-061-01,14-70-15-1603,1,PIPNG,Drawings,Isometrics,package b schdule.xls,PIPNG,5,5,high,Lists_MTOs_BOMs,3
PIPING ISOMETRICS INDEX FOR ESP WELL Sy-087,6569-20-200-J1362-062-01,29-70-15-1602,,PIPNG,Drawings,Isometrics,package b schdule.xls,PIPNG,5,5,high,Lists_MTOs_BOMs,3
PIPING ISOMETRICS INDEX FOR ESP WELL Sy-093,6569-20-200-J1362-063-01,29-70-15-1603,,PIPNG,Drawings,Isometrics,package b schdule.xls,PIPNG,5,5,high,Lists_MTOs_BOMs,3
PIPING ISOMETRICS INDEX FOR ESP WELL Sy-088,6569-20-200-J1362-064-01,29-70-15-1604,,PIPNG,Drawings,Isometrics,package b schdule.xls,PIPNG,5,5,high,Lists_MTOs_BOMs,3
PIPING ISOMETRICS INDEX FOR ESP WELL Sy-089,6569-20-200-J1362-065-01,29-70-15-1605,,PIPNG,Drawings,Isometrics,package b schdule.xls,PIPNG,5,5,high,Lists_MTOs_BOMs,3
PIPING ISOMETRICS INDEX FOR ESP WELL Sy-090,6569-20-200-J1362-066-01,29-70-15-1606,,PIPNG,Drawings,Isometrics,package b schdule.xls,PIPNG,5,5,high,Lists_MTOs_BOMs,3
PIPING ISOMETRICS INDEX FOR ESP WELL Sy-107,6569-20-200-J1362-067-01,29-70-15-1608,,PIPNG,Drawings,Isometrics,package b schdule.xls,PIPNG,5,5,high,Lists_MTOs_BOMs,3
PIPING ISOMETRICS INDEX FOR ESP WELL Sy-085,6569-20-200-J1362-068-01,29-70-15-1609,,PIPNG,Drawings,Isometrics,package b schdule.xls,PIPNG,5,5,high,Lists_MTOs_BOMs,3
PIPING ISOMETRICS INDEX FOR ESP WELL Sy-102,6569-20-200-J1362-069-01,29-70-15-1610,,PIPNG,Drawings,Isometrics,package b schdule.xls,PIPNG,5,5,high,Lists_MTOs_BOMs,3
PIPING ISOMETRICS INDEX FOR ESP WELL Sy-105,6569-20-200-J1362-070-01,29-70-15-1611,,PIPNG,Drawings,Isometrics,package b schdule.xls,PIPNG,5,5,high,Lists_MTOs_BOMs,3
PIPING ISOMETRICS INDEX FOR ESP WELL Sy-100,6569-20-200-J1362-071-01,29-70-15-1614,,PIPNG,Drawings,Isometrics,package b schdule.xls,PIPNG,5,5,high,Lists_MTOs_BOMs,3
PIPING BULK MTO - ASAB FIELD,6569-20-200-M1360-001-01,14-99-23-1601,1,PIPNG,Documents,Lists_MTOs_BOMs,package b schdule.xls,PIPNG,5,5,high,CRS,0
PIPE SUPPORT SCHEDULE FOR WELLS ASAB,6569-20-200-M1360-002-01,14-99-17-1603,,PIPNG,Drawings,Drawings,package b schdule.xls,,4,4,medium,Lists_MTOs_BOMs,2
PIPE SUPPORT SCHEDULE FOR RDS-2 ASAB,6569-20-200-M1360-003-01,14-12-17-1602,,PIPNG,Drawings,Drawings,package b schdule.xls,,4,4,medium,Lists_MTOs_BOMs,2
PIPE SUPPORT SCHEDULE FOR RDS-5 ASAB,6569-20-200-M1360-004-01,14-15-17-1602,,PIPNG,Drawings,Drawings,package b schdule.xls,,4,4,medium,Lists_MTOs_BOMs,2
PIPE SUPPORT SCHEDULE FOR RDS-6 ASAB,6569-20-200-M1360-005-01,14-16-17-1602,,PIPNG,Drawings,Drawings,package b schdule.xls,,4,4,medium,Lists_MTOs_BOMs,2
CRITICAL LINE LIST FOR ASAB FIELD,6569-20-200-M1362-001-01,14-99-17-1602,A,PIPNG,Documents,Lists_MTOs_BOMs,package b schdule.xls,,8,5,high,CRS,0
PIPING SPECIALITY ITEM LIST FOR ASAB FIELD,6569-20-200-M1362-002-01,14-99-23-1602,1,PIPNG,Documents,Lists_MTOs_BOMs,package b schdule.xls,PIPNG,3,3,medium,CRS,0
TIE-INS SCHEDULE AND DETAILED DRAWING FOR WELL ASAB,6569-20-200-M1362-003-01,14-99-19-1602,,PIPNG,Documents,Lists_MTOs_BOMs,package b schdule.xls,,6,4,medium,Drawings,4
TIE-INS SCHEDULE AND DETAILED DRAWING FOR RDS-2 ASAB,6569-20-200-M1362-004-01,14-12-19-1601,,PIPNG,Documents,Lists_MTOs_BOMs,package b schdule.xls,,6,4,medium,Drawings,4
TIE-INS SCHEDULE AND DETAILED DRAWING FOR RDS-5 ASAB,6569-20-200-M1362-005-01,14-15-19-1601,,PIPNG,Documents,Lists_MTOs_BOMs,package b schdule.xls,,6,4,medium,Drawings,4
TIE-INS SCHEDULE AND DETAILED DRAWING FOR RDS-6 ASAB,6569-20-200-M1362-006-01,14-16-19-1601,,PIPNG,Documents,Lists_MTOs_BOMs,package b schdule.xls,,6,4,medium,Drawings,4
PLOT PLAN WELLHEAD FOR GAS LIFT SINGLE COMPLETION OIL WELL SB-384,6569-20-200-M1362-007-01,14-71-04-1615,,PIPNG,Drawings,Drawings,package b schdule.xls,PROJECTS,4,4,medium,Procedures_Plans,3
PLOT PLAN WELLHEAD FOR GAS LIFT SINGLE COMPLETION OIL WELL SB-384,6569-20-200-M1362-008-01,,,PIPNG,Drawings,Drawings,package b schdule.xls,PROJECTS,4,4,medium,Procedures_Plans,3
PIPELINE ALIGNMENT SHEET 4’’ GAS LIFT FLOWLINE FROM  RDS-5 TO SB-159 CHAINAGE FROM KM 0+000.00 TO KM 1+000.00,6569-20-200-M1366-001-01,14-76-22-1601,1,PIPNG,Drawings,Drawings,package b schdule.xls,,10,5,high,CRS,0
PIPELINE ALIGNMENT SHEET 4” GAS LIFT FLOWLINE FROM TIE-IN (SB-302) TO SB-489  CHANGE FROM KM 0+000.00 TO KM 0+300.68,6569-20-200-M1366-002-01,14-76-22-1621,A,PIPNG,Drawings,Drawings,package b schdule.xls,,10,5,high,Lists_MTOs_BOMs,4
PIPELINE ALIGNMENT SHEETS OF FLOWLINE FOR SB-413  FOR ASAB FIELD,6569-20-200-M1366-003-01,14-76-22-1602,1,PIPNG,Drawings,Drawings,package b schdule.xls,,10,5,high,CRS,0
PIPELINE ALIGNMENT SHEETS OF FLOWLINE FOR SB-415  FOR ASAB FIELD,6569-20-200-M1366-004-01,14-76-22-1603,1,PIPNG,Drawings,Drawings,package b schdule.xls,,10,5,high,CRS,0
PIPELINE ALIGNMENT SHEET 4’’ GAS LIFT FLOWLINE FROM TIE-IN (SB-012) TO SB-324 & SB-403 CHAINAGE FROM KM 0+000.00 TO KM 0+670.,6569-20-200-M1366-005-01,14-76-22-1604,A,PIPNG,Drawings,Drawings,package b schdule.xls,,10,5,high,Lists_MTOs_BOMs,4
PIPELINE ALIGNMENT SHEET 4” GAS LIFT FLOWLINE FROM TIE IN – (SB-387) TO SB-327 CHAINAGE FORM KM 0+000.00 TO KM 1+000.00,6569-20-200-M1366-006-01,14-76-22-1622,A,PIPNG,Drawings,Drawings,package b schdule.xls,,10,5,high,Lists_MTOs_BOMs,4
PIPELINE ALIGNMENT SHEETS OF FLOWLINE FOR SB-394  FOR ASAB FIELD,6569-20-200-M1366-007-01,14-76-22-1605,1,PIPNG,Drawings,Drawings,package b schdule.xls,,10,5,high,CRS,0
PIPELINE ALIGNMENT SHEETS OF FLOWLINE FOR SB-410  FOR ASAB FIELD,6569-20-200-M1366-008-01,14-76-22-1603-,1,PIPNG,Drawings,Drawings,package b schdule.xls,,10,5,high,CRS,0
PIPELINE ALIGNMENT SHEET 4’’ GAS LIFT FLOWLINE FROM TIE-IN (SB-018) TO SB-381 CHAINAGE FROM KM 0+000.00 TO KM 1+000.00,6569-20-200-M1366-009-01,14-76-22-1606,A,PIPNG,Drawings,Drawings,package b schdule.xls,,10,5,high,Lists_MTOs_BOMs,4
PIPELINE ALIGNMENT SHEET 4’’ GAS LIFT FLOWLINE FROM TIE-IN (SB-018) TO SB-381 CHAINAGE FROM KM 0+000.00 TO KM 1+000.00,6569-20-200-M1366-010-01,14-76-22-1606-,A,PIPNG,Drawings,Drawings,package b schdule.xls,,10,5,high,Lists_MTOs_BOMs,4
PIPELINE ALIGNMENT SHEET 4” GAS LIFT FLOWLINE FROM TIE IN (SB-325) TO SB-352 CHAINAGE FROM KM 0+000.00 TO KM 1+000.00,6569-20-200-M1366-011-01,14-76-22-1607,1,PIPNG,Drawings,Drawings,package b schdule.xls,,10,5,high,Lists_MTOs_BOMs,4
PIPELINE ALIGNMENT SHEETS OF FLOWLINE FOR SB-016  FOR ASAB FIELD,6569-20-200-M1366-012-01,14-76-22-1608,1,PIPNG,Drawings,Drawings,package b schdule.xls,,10,5,high,CRS,0
PIPELINE ALIGNMENT SHEET 4’’ GAS LIFT FLOWLINE FROM TIE-IN (SB-306) TO SB-333 CHAINAGE FROM KM 0+000.00 TO KM 1+000.00,6569-20-200-M1366-013-01,14-76-22-1609,A,PIPNG,Drawings,Drawings,package b schdule.xls,,10,5,high,Lists_MTOs_BOMs,4
PIPELINE ALIGNMENT SHEETS OF FLOWLINE FOR SB-376  FOR ASAB FIELD,6569-20-200-M1366-014-01,14-76-22-1610,A,PIPNG,Drawings,Drawings,package b schdule.xls,,10,5,high,CRS,0
PIPELINE ALIGNMENT SHEETS OF FLOWLINE FOR SB-386  FOR ASAB FIELD,6569-20-200-M1366-015-01,14-76-22-1611,,PIPNG,Drawings,Drawings,package b schdule.xls,,10,5,high,CRS,0
PIPELINE ALIGNMENT SHEET 4” GAS LIFT FLOWLINE FROM TIE-IN (SB-155) TO SB-365  CHANGE FROM KM 0+000.00 TO KM 0+884.01,6569-20-200-M1366-016-01,14-76-22-1612,A,PIPNG,Drawings,Drawings,package b schdule.xls,,10,5,high,Lists_MTOs_BOMs,4
PIPELINE ALIGNMENT SHEET 4’’ GAS LIFT FLOWLINE FROM TIE-IN (SB-012) TO SB-324 & SB-403 CHAINAGE FROM KM 0+000.00 TO KM 0+670.,6569-20-200-M1366-017-01,14-76-22-1604-,A,PIPNG,Drawings,Drawings,package b schdule.xls,,10,5,high,Lists_MTOs_BOMs,4
PIPELINE ALIGNMENT SHEET 4” GAS LIFT FLOWLINE FROM TIE-IN (SB-339) TO SB-363  CHANGE FROM KM 0+000.00 TO KM 1+000.00,6569-20-200-M1366-018-01,14-76-22-1613,A,PIPNG,Drawings,Drawings,package b schdule.xls,,10,5,high,Lists_MTOs_BOMs,4
PIPELINE ALIGNMENT SHEET 4” GAS LIFT FLOWLINE FROM TIE-IN (SB-159) TO SB-382  CHANGE FROM KM 0+000.00 TO KM 0+911.19,6569-20-200-M1366-019-01,14-76-22-1614,A,PIPNG,Drawings,Drawings,package b schdule.xls,,10,5,high,Lists_MTOs_BOMs,4
PIPELINE ALIGNMENT SHEET 4’’ GAS LIFT FLOWLINE FROM TIE IN (SB-014) TO SB-384 CHAINAGE FROM KM 0+000.00 TO KM 1+000.00,6569-20-200-M1366-020-01,14-76-22-1615,A,PIPNG,Drawings,Drawings,package b schdule.xls,,10,5,high,Lists_MTOs_BOMs,4
PIPELINE ALIGNMENT SHEET 4’’ GAS LIFT FLOWLINE FROM TIE IN (SB-341) TO SB-330 CHAINAGE FROM KM 0+000.00 TO KM 0+524.73,6569-20-200-M1366-021-01,14-76-22-1616,A,PIPNG,Drawings,Drawings,package b schdule.xls,,10,5,high,Lists_MTOs_BOMs,4
PIPELINE ALIGNMENT SHEET 4” GAS LIFT FLOWLINE FROM TIE IN – (SB-154) TO SB-310 CHAINAGE FORM KM 0+000.00 TO KM 0+0349.28,6569-20-200-M1366-022-01,14-76-22-1617,A,PIPNG,Drawings,Drawings,package b schdule.xls,,10,5,high,Lists_MTOs_BOMs,4
PIPELINE ALIGNMENT SHEET 4” GAS LIFT FLOWLINE FORM TIE – IN (SB-179) TO SB-302 CHAINAGE FROM KM 0+000.00 TO KM 1+000.00,6569-20-200-M1366-023-01,14-76-22-1618,A,PIPNG,Drawings,Drawings,package b schdule.xls,,10,5,high,CRS,0
PIPELINE ALIGNMENT SHEET 4” GAS LIFT FLOWLINE FROM TIE IN – (SB-384) TO SB-170 CHAINAGE FORM KM 0+000.00 TO KM 0+524.35,6569-20-200-M1366-024-01,14-76-22-1619,A,PIPNG,Drawings,Drawings,package b schdule.xls,,10,5,high,Lists_MTOs_BOMs,4
PIPELINE ALIGNMENT SHEET 4” GAS LIFT FLOWLINE FORM TIE – IN (SB-363) TO SB-395 CHAINAGE FROM KM 0+000.00 TO KM 0+079.95,6569-20-200-M1366-025-01,14-76-22-1620,A,PIPNG,Drawings,Drawings,package b schdule.xls,,10,5,high,CRS,0
PROPOSED ROUT PLAN FOR SB-98 GAS LIFT FLOWLINE FROM SB-098 TO RDS-6,6569-20-200-M1366-032-01,14-76-22-1631,1,PIPNG,Documents,Procedures_Plans,package b schdule.xls,PROJECTS,3,3,medium,CRS,0
PROPOSED ROUT PLAN FOR GAS LIFT FLOWLINE FROM SB-179 TO RDS-2,6569-20-200-M1366-033-01,14-76-22-1632,1,PIPNG,Documents,Procedures_Plans,package b schdule.xls,PROJECTS,3,3,medium,CRS,0
PROPOSED ROUT PLAN FOR GAS LIFT FLOWLINE FROM SB-018 TO RDS-2,6569-20-200-M1366-034-01,14-76-22-1633,2,PIPNG,Documents,Procedures_Plans,package b schdule.xls,PROJECTS,3,3,medium,CRS,0
PIPELINE ALIGNMENT SHEET 4’’ GAS LIFT FLOWLINE RDS-2 TO SB-325 CHAINAGE FROM KM 0+000.00 TO KM 1+300.00,6569-20-200-M1366-035-01,14-76-22-1634,2,PIPNG,Drawings,Drawings,package b schdule.xls,,10,5,high,CRS,0
PIPELINE APPROCH DRAWINGS/LAYOUTS FOR RDS-2 FOR ASAB FIELD,6569-20-200-M1366-051-01,14-12-23-1602,,PIPNG,Drawings,Drawings,package b schdule.xls,,9,5,high,CRS,0
PIPELINE APPROCH DRAWINGS/LAYOUTS FOR RDS-5 FOR ASAB FIELD,6569-20-200-M1366-052-01,14-15-23-1602,A,PIPNG,Drawings,Drawings,package b schdule.xls,,9,5,high,CRS,0
PIPELINE APPROCH DRAWINGS/LAYOUTS FOR RDS-6 FOR ASAB FIELD,6569-20-200-M1366-053-01,14-16-23-1601,,PIPNG,Drawings,Drawings,package b schdule.xls,,9,5,high,CRS,0
CROSSING DRAWINGS FOR ASAB FIELD,6569-20-200-M1366-056-01,14-99-23-1605,,PIPNG,Drawings,Drawings,package b schdule.xls,,4,4,medium,CRS,0
PIPELINE SCHEDULE,6569-20-200-M1366-058-01,30-76-91-1602,,PIPNG,Documents,Lists_MTOs_BOMs,package b schdule.xls,,2,2,low,CRS,0
ELECTRICAL LOAD LIST - GAS LIFT WELL (SHARED),6569-20-200-M1381-001-01,14-71-55-1602,1,ELEC,Documents,Lists_MTOs_BOMs,package b schdule.xls,,7,4,medium,CRS,0
MR FOR FO EQUIPMENT,6569-20-200-R1386-001-01,30-99-73-1602,,ELEC,Documents,Documents,package b schdule.xls,,4,4,medium,CRS,0
PIPELINE MATERIAL SPECIFICATION,6569-20-200-S1366-001-01,30-99-12-1611,1,PIPNG,Documents,Specifications,package b schdule.xls,,5,5,high,CRS,0
INSTRUMENT INDEX -  SB-159 WELL,6569-20-200-S1371-001-01,14-71-48-1626,1,INST,Documents,Lists_MTOs_BOMs,package b schdule.xls,INST,3,3,medium,CRS,0
INSTRUMENT I/O LIST- SB-159,6569-20-200-S1371-002-01,14-71-48-1651,1,INST,Documents,Lists_MTOs_BOMs,package b schdule.xls,INST,8,5,high,CRS,0
I/O LIST (F&G) -  SB-159 WELL,6569-20-200-S1371-003-01,14-71-48-1676,,INST,Documents,Lists_MTOs_BOMs,package b schdule.xls,HSE,8,5,high,CRS,0
INSTRUMENT INDEX -   ASAB GAS LIFT WELL SB-413,6569-20-200-S1371-004-01,14-71-48-1627,1,INST,Documents,Lists_MTOs_BOMs,package b schdule.xls,INST,3,3,medium,CRS,0
INSTRUMENT I/O LIST- ASAB GAS LIFT WELL  SB-413,6569-20-200-S1371-005-01,14-71-48-1652,1,INST,Documents,Lists_MTOs_BOMs,package b schdule.xls,INST,8,5,high,CRS,0
I/O LIST (F&G) -   SB-413 WELL,6569-20-200-S1371-006-01,14-71-48-1677,,INST,Documents,Lists_MTOs_BOMs,package b schdule.xls,HSE,8,5,high,CRS,0
INSTRUMENT INDEX - ASAB GAS LIFT WELL  SB-415 & SB-410 (SHARED IVC),6569-20-200-S1371-007-01,14-71-48-1628,1,INST,Documents,Lists_MTOs_BOMs,package b schdule.xls,INST,3,3,medium,CRS,0
INSTRUMENT I/O LIST ASAB GAS LIFT WELLS SB-415 & SB-410 (SHARED IVC),6569-20-200-S1371-008-01,14-71-48-1653,1,INST,Documents,Lists_MTOs_BOMs,package b schdule.xls,INST,8,5,high,CRS,0
I/O LIST (F&G) -  SB-415 WELL,6569-20-200-S1371-009-01,14-71-48-1678,,INST,Documents,Lists_MTOs_BOMs,package b schdule.xls,HSE,8,5,high,CRS,0
INSTRUMENT INDEX -  ASAB GAS LIFT WELLS SB-403 & SB-324 (SHARED IVC),6569-20-200-S1371-010-01,14-71-48-1629,1,INST,Documents,Lists_MTOs_BOMs,package b schdule.xls,INST,3,3,medium,CRS,0
INSTRUMENT I/O LIST - SB-403  & SB-324 (SHARED IVC),6569-20-200-S1371-011-01,14-71-48-1654,1,INST,Documents,Lists_MTOs_BOMs,package b schdule.xls,INST,8,5,high,CRS,0
I/O LIST (F&G) -  SB-403 WELL,6569-20-200-S1371-012-01,14-71-48-1679,,INST,Documents,Lists_MTOs_BOMs,package b schdule.xls,HSE,8,5,high,CRS,0
INSTRUMENT INDEX -  SB-394 WELL,6569-20-200-S1371-013-01,14-71-48-1630,1,INST,Documents,Lists_MTOs_BOMs,package b schdule.xls,INST,3,3,medium,CRS,0
I/O LIST (WELL HEAD AREA)-  SB-394 WELL,6569-20-200-S1371-014-01,14-71-48-1655,1,INST,Documents,Lists_MTOs_BOMs,package b schdule.xls,,8,5,high,CRS,0
I/O LIST (F&G)-  SB-394 WELL,6569-20-200-S1371-015-01,14-71-48-1680,,INST,Documents,Lists_MTOs_BOMs,package b schdule.xls,HSE,8,5,high,CRS,0
INSTRUMENT INDEX -  SB-410 WELL,6569-20-200-S1371-016-01,14-71-48-1631,,INST,Documents,Lists_MTOs_BOMs,package b schdule.xls,INST,3,3,medium,CRS,0
I/O LIST (WELL HEAD AREA)-  SB-410 WELL,6569-20-200-S1371-017-01,14-71-48-1656,,INST,Documents,Lists_MTOs_BOMs,package b schdule.xls,,8,5,high,CRS,0
I/O LIST (F&G)-  SB-410 WELL,6569-20-200-S1371-018-01,14-71-48-1681,,INST,Documents,Lists_MTOs_BOMs,package b schdule.xls,HSE,8,5,high,CRS,0
INSTRUMENT INDEX -  SB-381 WELL,6569-20-200-S1371-019-01,14-71-48-1632,,INST,Documents,Lists_MTOs_BOMs,package b schdule.xls,INST,3,3,medium,CRS,0
I/O LIST (WELL HEAD AREA) -  SB-381 WELL,6569-20-200-S1371-020-01,14-71-48-1657,,INST,Documents,Lists_MTOs_BOMs,package b schdule.xls,,8,5,high,CRS,0
I/O LIST (F&G) -  SB-381 WELL,6569-20-200-S1371-021-01,14-71-48-1682,,INST,Documents,Lists_MTOs_BOMs,package b schdule.xls,HSE,8,5,high,CRS,0
INSTRUMENT INDEX ASAB GAS LIFT WELLS SB-269 & SB-381 (SHARED IVC),6569-20-200-S1371-022-01,14-71-48-1633,1,INST,Documents,Lists_MTOs_BOMs,package b schdule.xls,INST,3,3,medium,CRS,0
INSTRUMENT I/O LIST ASAB GAS LIFT WELLS  SB-269,6569-20-200-S1371-023-01,14-71-48-1658,1,INST,Documents,Lists_MTOs_BOMs,package b schdule.xls,INST,8,5,high,CRS,0
I/O LIST (F&G) -  SB-269 WELL,6569-20-200-S1371-024-01,14-71-48-1683,,INST,Documents,Lists_MTOs_BOMs,package b schdule.xls,HSE,8,5,high,CRS,0
INSTRUMENT INDEX  - SB-352 WELL,6569-20-200-S1371-025-01,14-71-48-1634,1,INST,Documents,Lists_MTOs_BOMs,package b schdule.xls,INST,3,3,medium,CRS,0
I/O LIST (WELL HEAD AREA)  - SB-352 WELL,6569-20-200-S1371-026-01,14-71-48-1659,1,INST,Documents,Lists_MTOs_BOMs,package b schdule.xls,,8,5,high,CRS,0
I/O LIST (F&G)  - SB-352 WELL,6569-20-200-S1371-027-01,14-71-48-1684,,INST,Documents,Lists_MTOs_BOMs,package b schdule.xls,HSE,8,5,high,CRS,0
INSTRUMENT INDEX  ASAB GAS LIFT WELL SB-016,6569-20-200-S1371-028-01,14-71-48-1635,1,INST,Documents,Lists_MTOs_BOMs,package b schdule.xls,INST,3,3,medium,CRS,0
I/O LIST (WELL HEAD AREA) - SB-016 WELL,6569-20-200-S1371-029-01,14-71-48-1660,1,INST,Documents,Lists_MTOs_BOMs,package b schdule.xls,,8,5,high,CRS,0
I/O LIST (F&G)- SB-016 WELL,6569-20-200-S1371-030-01,14-71-48-1685,,INST,Documents,Lists_MTOs_BOMs,package b schdule.xls,HSE,8,5,high,CRS,0
INSTRUMENT INDEX -  ASAB GAS LIFT WELL SB-376,6569-20-200-S1371-031-01,14-71-48-1636,1,INST,Documents,Lists_MTOs_BOMs,package b schdule.xls,INST,3,3,medium,CRS,0
INSTRUMENT I/O LIST- ASAB GS LIFT WELL  SB-376,6569-20-200-S1371-032-01,14-71-48-1661,1,INST,Documents,Lists_MTOs_BOMs,package b schdule.xls,INST,8,5,high,CRS,0
I/O LIST (F&G) -  SB-376 WELL,6569-20-200-S1371-033-01,14-71-48-1686,,INST,Documents,Lists_MTOs_BOMs,package b schdule.xls,HSE,8,5,high,CRS,0
INSTRUMENT INDEX -  SB-386 WELL,6569-20-200-S1371-034-01,14-71-48-1637,1,INST,Documents,Lists_MTOs_BOMs,package b schdule.xls,INST,3,3,medium,CRS,0
I/O LIST (WELL HEAD AREA) SB-386 WELL,6569-20-200-S1371-035-01,14-71-48-1662,B,INST,Documents,Lists_MTOs_BOMs,package b schdule.xls,,8,5,high,CRS,0
I/O LIST (F&G) SB-386 WELL,6569-20-200-S1371-036-01,14-71-48-1687,,INST,Documents,Lists_MTOs_BOMs,package b schdule.xls,HSE,8,5,high,CRS,0
INSTRUMENT INDEX -  SB-380 WELL,6569-20-200-S1371-037-01,14-71-48-1638,,INST,Documents,Lists_MTOs_BOMs,package b schdule.xls,INST,3,3,medium,CRS,0
I/O LIST (WELL HEAD AREA)-  SB-380 WELL,6569-20-200-S1371-038-01,14-71-48-1663,,INST,Documents,Lists_MTOs_BOMs,package b schdule.xls,,8,5,high,CRS,0
I/O LIST (F&G)-  SB-380 WELL,6569-20-200-S1371-039-01,14-71-48-1688,,INST,Documents,Lists_MTOs_BOMs,package b schdule.xls,HSE,8,5,high,CRS,0
INSTRUMENT INDEX -  SB-324 WELL,6569-20-200-S1371-040-01,14-71-48-1639,,INST,Documents,Lists_MTOs_BOMs,package b schdule.xls,INST,3,3,medium,CRS,0
I/O LIST (WELL HEAD AREA) -  SB-324 WELL,6569-20-200-S1371-041-01,14-71-48-1664,,INST,Documents,Lists_MTOs_BOMs,package b schdule.xls,,8,5,high,CRS,0
I/O LIST (F&G)-  SB-324 WELL,6569-20-200-S1371-042-01,14-71-48-1689,,INST,Documents,Lists_MTOs_BOMs,package b schdule.xls,HSE,8,5,high,CRS,0
INSTRUMENT INDEX -  SB-365 WELL,6569-20-200-S1371-043-01,14-71-48-1640,1,INST,Documents,Lists_MTOs_BOMs,package b schdule.xls,INST,3,3,medium,CRS,0
I/O LIST (WELL HEAD AREA) -  SB-365 WELL,6569-20-200-S1371-044-01,14-71-48-1665,B,INST,Documents,Lists_MTOs_BOMs,package b schdule.xls,,8,5,high,CRS,0
I/O LIST (F&G) -  SB-365 WELL,6569-20-200-S1371-045-01,14-71-48-1690,,INST,Documents,Lists_MTOs_BOMs,package b schdule.xls,HSE,8,5,high,CRS,0
INSTRUMENT INDEX  ASAB GAS LIFT WELL SB-063,6569-20-200-S1371-046-01,14-71-48-1641,1,INST,Documents,Lists_MTOs_BOMs,package b schdule.xls,INST,3,3,medium,CRS,0
INSTRUMENT I/O LIST ASAB GAS LIFT WELL SB-363,6569-20-200-S1371-047-01,14-71-48-1666,1,INST,Documents,Lists_MTOs_BOMs,package b schdule.xls,INST,8,5,high,CRS,0
I/O LIST (F&G) -  SB-363 WELL,6569-20-200-S1371-048-01,14-71-48-1691,,INST,Documents,Lists_MTOs_BOMs,package b schdule.xls,HSE,8,5,high,CRS,0
INSTRUMENT INDEX ASAB GAS LIFT WELL SB-382,6569-20-200-S1371-049-01,14-71-48-1642,1,INST,Documents,Lists_MTOs_BOMs,package b schdule.xls,INST,3,3,medium,CRS,0
INSTRUMENT I/O LIST ASAB GAS LIFT WELL SB-382,6569-20-200-S1371-050-01,14-71-48-1667,1,INST,Documents,Lists_MTOs_BOMs,package b schdule.xls,INST,8,5,high,CRS,0
I/O LIST (F&G) -  SB-382 WELL,6569-20-200-S1371-051-01,14-71-48-1692,,INST,Documents,Lists_MTOs_BOMs,package b schdule.xls,HSE,8,5,high,CRS,0
INSTRUMENT INDEX -  SB-384 WELL,6569-20-200-S1371-052-01,14-71-48-1643,1,INST,Documents,Lists_MTOs_BOMs,package b schdule.xls,INST,3,3,medium,CRS,0
I/O LIST (WELL HEAD AREA) -  SB-384 WELL,6569-20-200-S1371-053-01,14-71-48-1668,1,INST,Documents,Lists_MTOs_BOMs,package b schdule.xls,,8,5,high,CRS,0
I/O LIST (F&G) -  SB-384 WELL,6569-20-200-S1371-054-01,14-71-48-1693,,INST,Documents,Lists_MTOs_BOMs,package b schdule.xls,HSE,8,5,high,CRS,0
INSTRUMENT INDEX -  SB-330 WELL,6569-20-200-S1371-055-01,14-71-48-1644,1,INST,Documents,Lists_MTOs_BOMs,package b schdule.xls,INST,3,3,medium,CRS,0
I/O LIST (WELL HEAD AREA)-  SB-330 WELL,6569-20-200-S1371-056-01,14-71-48-1669,B,INST,Documents,Lists_MTOs_BOMs,package b schdule.xls,,8,5,high,CRS,0
I/O LIST (F&G)-  SB-330 WELL,6569-20-200-S1371-057-01,14-71-48-1694,,INST,Documents,Lists_MTOs_BOMs,package b schdule.xls,HSE,8,5,high,CRS,0
INSTRUMENT INDEX -  SB-310 WELL,6569-20-200-S1371-058-01,14-71-48-1645,1,INST,Documents,Lists_MTOs_BOMs,package b schdule.xls,INST,3,3,medium,CRS,0
I/O LIST (WELL HEAD AREA)-  SB-310 WELL,6569-20-200-S1371-059-01,14-71-48-1670,1,INST,Documents,Lists_MTOs_BOMs,package b schdule.xls,,8,5,high,CRS,0
I/O LIST (F&G)-  SB-310 WELL,6569-20-200-S1371-060-01,14-71-48-1695,,INST,Documents,Lists_MTOs_BOMs,package b schdule.xls,HSE,8,5,high,CRS,0
INSTRUMENT INDEX -  SB-302 WELL,6569-20-200-S1371-061-01,14-71-48-1646,1,INST,Documents,Lists_MTOs_BOMs,package b schdule.xls,INST,3,3,medium,CRS,0
I/O LIST (WELL HEAD AREA) -  SB-302 WELL,6569-20-200-S1371-062-01,14-71-48-1671,1,INST,Documents,Lists_MTOs_BOMs,package b schdule.xls,,8,5,high,CRS,0
I/O LIST (F&G) -  SB-302 WELL,6569-20-200-S1371-063-01,14-71-48-1696,,INST,Documents,Lists_MTOs_BOMs,package b schdule.xls,HSE,8,5,high,CRS,0
INSTRUMENT INDEX -  SB-170 WELL,6569-20-200-S1371-064-01,14-71-48-1647,1,INST,Documents,Lists_MTOs_BOMs,package b schdule.xls,INST,3,3,medium,CRS,0
I/O LIST (WELL HEAD AREA) -  SB-170 WELL,6569-20-200-S1371-065-01,14-71-48-1672,1,INST,Documents,Lists_MTOs_BOMs,package b schdule.xls,,8,5,high,CRS,0
I/O LIST (F&G) -  SB-170 WELL,6569-20-200-S1371-066-01,14-71-48-1697,,INST,Documents,Lists_MTOs_BOMs,package b schdule.xls,HSE,8,5,high,CRS,0
INSTRUMENT INDEX -  SB-395 WELL,6569-20-200-S1371-067-01,14-71-48-1648,1,INST,Documents,Lists_MTOs_BOMs,package b schdule.xls,INST,3,3,medium,CRS,0
I/O LIST (WELL HEAD AREA)-  SB-395 WELL,6569-20-200-S1371-068-01,14-71-48-1673,1,INST,Documents,Lists_MTOs_BOMs,package b schdule.xls,,8,5,high,CRS,0
I/O LIST (F&G)-  SB-395 WELL,6569-20-200-S1371-069-01,14-71-48-1698,,INST,Documents,Lists_MTOs_BOMs,package b schdule.xls,HSE,8,5,high,CRS,0
INSTRUMENT INDEX -  SB-489 WELL,6569-20-200-S1371-070-01,14-71-48-1649,1,INST,Documents,Lists_MTOs_BOMs,package b schdule.xls,INST,3,3,medium,CRS,0
I/O LIST (WELL HEAD AREA) -  SB-489 WELL,6569-20-200-S1371-071-01,14-71-48-1674,1,INST,Documents,Lists_MTOs_BOMs,package b schdule.xls,,8,5,high,CRS,0
I/O LIST (F&G) -  SB-489 WELL,6569-20-200-S1371-072-01,14-71-48-1699,,INST,Documents,Lists_MTOs_BOMs,package b schdule.xls,HSE,8,5,high,CRS,0
INSTRUMENT INDEX -  SB-327 WELL,6569-20-200-S1371-073-01,14-71-48-1650,1,INST,Documents,Lists_MTOs_BOMs,package b schdule.xls,INST,3,3,medium,CRS,0
I/O LIST (WELL HEAD AREA) -  SB-327 WELL,6569-20-200-S1371-074-01,14-71-48-1675,B,INST,Documents,Lists_MTOs_BOMs,package b schdule.xls,,8,5,high,CRS,0
I/O LIST (F&G) -  SB-327 WELL,6569-20-200-S1371-075-01,14-71-48-1700,,INST,Documents,Lists_MTOs_BOMs,package b schdule.xls,HSE,8,5,high,CRS,0
INSTRUMENT INDEX SHAH RDS-1 MSM M-0103,6569-20-200-S1371-076-01,29-11-48-1649,A,INST,Documents,Lists_MTOs_BOMs,package b schdule.xls,INST,3,3,medium,CRS,0
DATA SHEET FOR EMERGENCY SHUT DOWN PUSH BUTTONS - QUSAHWIRA AREA,6569-20-200-S1373-001-01,58-99-40-1616,1,INST,Documents,Datasheets,package b schdule.xls,,5,5,high,CRS,0
INSTRUMENT JUNCTION BOX SCHEDULE -  SB-159 WELL,6569-20-200-S1378-001-01,14-71-48-1701,1,INST,Drawings,Drawings,package b schdule.xls,INST,3,3,medium,Lists_MTOs_BOMs,2
INSTRUMENT CABLE SCHEDULE -  SB-159 WELL,6569-20-200-S1378-002-01,14-71-48-1726,1,INST,Documents,Lists_MTOs_BOMs,package b schdule.xls,INST,2,2,low,CRS,0
INSTRUMENT JUNCTION BOX SCHEDULE -   SB-413 WELL,6569-20-200-S1378-003-01,14-71-48-1702,A,INST,Drawings,Drawings,package b schdule.xls,INST,3,3,medium,Lists_MTOs_BOMs,2
INSTRUMENT CABLE SCHEDULE -   SB-413 WELL,6569-20-200-S1378-004-01,14-71-48-1727,1,INST,Documents,Lists_MTOs_BOMs,package b schdule.xls,INST,2,2,low,CRS,0
INSTRUMENT JUNCTION BOX SCHEDULE -  SB-415 WELL,6569-20-200-S1378-005-01,14-71-48-1703,1,INST,Drawings,Drawings,package b schdule.xls,INST,3,3,medium,Lists_MTOs_BOMs,2
INSTRUMENT CABLE SCHEDULE (ASAB AREA SB-415 WELL) (IVC SHARING WITH SB-410 WELL),6569-20-200-S1378-006-01,14-71-48-1728,1,INST,Documents,Lists_MTOs_BOMs,package b schdule.xls,INST,2,2,low,CRS,0
INSTRUMENT JUNCTION BOX SCHEDULE (ASAB AREA SB-403 WELL),6569-20-200-S1378-007-01,14-71-48-1704,1,INST,Drawings,Drawings,package b schdule.xls,INST,3,3,medium,Lists_MTOs_BOMs,2
INSTRUMENT CABLE SCHEDULE (ASAB AREA SB-403 WELL) (IVC SHARING WITH SB-324 WELL),6569-20-200-S1378-008-01,14-71-48-1729,1,INST,Documents,Lists_MTOs_BOMs,package b schdule.xls,INST,2,2,low,CRS,0
INSTRUMENT JUNCTION BOX SCHEDULE (ASAB AREA SB-394 WELL),6569-20-200-S1378-009-01,14-71-48-1705,1,INST,Drawings,Drawings,package b schdule.xls,INST,3,3,medium,Lists_MTOs_BOMs,2
INSTRUMENT CABLE SCHEDULE (ASAB AREA SB-394 WELL),6569-20-200-S1378-010-01,14-71-48-1730,1,INST,Documents,Lists_MTOs_BOMs,package b schdule.xls,INST,2,2,low,CRS,0
INSTRUMENT JUNCTION BOX SCHEDULE-  SB-410 WELL,6569-20-200-S1378-011-01,14-71-48-1706,A,INST,Drawings,Drawings,package b schdule.xls,INST,3,3,medium,Lists_MTOs_BOMs,2
INSTRU MENT CABLE SCHEDULE (ASAB AREA SB-410 WELL) (IVC SHARING WITH SB-415 WELL),6569-20-200-S1378-012-01,14-71-48-1731,1,INST,Documents,Lists_MTOs_BOMs,package b schdule.xls,,2,2,low,CRS,0
INSTRUMENT JUNCTION BOX SCHEDULE -  SB-381 WELL,6569-20-200-S1378-013-01,14-71-48-1707,1,INST,Drawings,Drawings,package b schdule.xls,INST,3,3,medium,Lists_MTOs_BOMs,2
INSTRUMENT CABLE SCHEDULE -  SB-381 WELL,6569-20-200-S1378-014-01,14-71-48-1732,1,INST,Documents,Lists_MTOs_BOMs,package b schdule.xls,INST,2,2,low,CRS,0
INSTRUMENT JUNCTION BOX SCHEDULE -  SB-269 WELL,6569-20-200-S1378-015-01,14-71-48-1708,1,INST,Drawings,Drawings,package b schdule.xls,INST,3,3,medium,Lists_MTOs_BOMs,2
INSTRUMENT CABLE SCHEDULE -  SB-269 WELL,6569-20-200-S1378-016-01,14-71-48-1733,1,INST,Documents,Lists_MTOs_BOMs,package b schdule.xls,INST,2,2,low,CRS,0
INSTRUMENT JUNCTION BOX SCHEDULE  - SB-352 WELL,6569-20-200-S1378-017-01,14-71-48-1709,1,INST,Drawings,Drawings,package b schdule.xls,INST,3,3,medium,Lists_MTOs_BOMs,2
INSTRUMENT CABLE SCHEDULE  - SB-352 WELL,6569-20-200-S1378-018-01,14-71-48-1734,1,INST,Documents,Lists_MTOs_BOMs,package b schdule.xls,INST,2,2,low,CRS,0
INSTRUMENT JUNCTION BOX SCHEDULE- SB-016 WELL,6569-20-200-S1378-019-01,14-71-48-1710,1,INST,Drawings,Drawings,package b schdule.xls,INST,3,3,medium,Lists_MTOs_BOMs,2
INSTRUMENT CABLE SCHEDULE (ASAB AREA SB-016 WELL),6569-20-200-S1378-020-01,14-71-48-1735,1,INST,Documents,Lists_MTOs_BOMs,package b schdule.xls,INST,2,2,low,CRS,0
INSTRUMENT JUNCTION BOX SCHEDULE -  SB-376 WELL,6569-20-200-S1378-021-01,14-71-48-1711,A,INST,Drawings,Drawings,package b schdule.xls,INST,3,3,medium,Lists_MTOs_BOMs,2
INSTRUMENT CABLE SCHEDULE -  SB-376 WELL,6569-20-200-S1378-022-01,14-71-48-1736,A,INST,Documents,Lists_MTOs_BOMs,package b schdule.xls,INST,2,2,low,CRS,0
INSTRUMENT JUNCTION BOX SCHEDULE SB-386 WELL,6569-20-200-S1378-023-01,14-71-48-1712,A,INST,Drawings,Drawings,package b schdule.xls,INST,3,3,medium,Lists_MTOs_BOMs,2
INSTRUMENT CABLE SCHEDULE SB-386 WELL,6569-20-200-S1378-024-01,14-71-48-1737,A,INST,Documents,Lists_MTOs_BOMs,package b schdule.xls,INST,2,2,low,CRS,0
INSTRUMENT JUNCTION BOX SCHEDULE-  SB-380 WELL,6569-20-200-S1378-025-01,14-71-48-1713,A,INST,Drawings,Drawings,package b schdule.xls,INST,3,3,medium,Lists_MTOs_BOMs,2
INSTRUMENT CABLE SCHEDULE-  SB-380 WELL,6569-20-200-S1378-026-01,14-71-48-1738,A,INST,Documents,Lists_MTOs_BOMs,package b schdule.xls,INST,2,2,low,CRS,0
INSTRUMENT JUNCTION BOX SCHEDULE-  SB-324 WELL,6569-20-200-S1378-027-01,14-71-48-1714,1,INST,Drawings,Drawings,package b schdule.xls,INST,3,3,medium,Lists_MTOs_BOMs,2
INSTRUMENT CABLE SCHEDULE (ASAB AREA SB-324 WELL) (IVC SHARING WITH SB-403 WELL),6569-20-200-S1378-028-01,14-71-48-1739,1,INST,Documents,Lists_MTOs_BOMs,package b schdule.xls,INST,2,2,low,CRS,0
INSTRUMENT JUNCTION BOX SCHEDULE -  SB-365 WELL,6569-20-200-S1378-029-01,14-71-48-1715,A,INST,Drawings,Drawings,package b schdule.xls,INST,3,3,medium,Lists_MTOs_BOMs,2
INSTRUMENT CABLE SCHEDULE -  SB-365 WELL,6569-20-200-S1378-030-01,14-71-48-1740,A,INST,Documents,Lists_MTOs_BOMs,package b schdule.xls,INST,2,2,low,CRS,0
INSTRUMENT JUNCTION BOX SCHEDULE -  SB-363 WELL,6569-20-200-S1378-031-01,14-71-48-1716,A,INST,Drawings,Drawings,package b schdule.xls,INST,3,3,medium,Lists_MTOs_BOMs,2
INSTRUMENT CABLE SCHEDULE -  SB-363 WELL,6569-20-200-S1378-032-01,14-71-48-1741,A,INST,Documents,Lists_MTOs_BOMs,package b schdule.xls,INST,2,2,low,CRS,0
INSTRUMENT JUNCTION BOX SCHEDULE -  SB-382 WELL,6569-20-200-S1378-033-01,14-71-48-1717,A,INST,Drawings,Drawings,package b schdule.xls,INST,3,3,medium,Lists_MTOs_BOMs,2
INSTRUMENT CABLE SCHEDULE -  SB-382 WELL,6569-20-200-S1378-034-01,14-71-48-1742,A,INST,Documents,Lists_MTOs_BOMs,package b schdule.xls,INST,2,2,low,CRS,0
INSTRUMENT JUNCTION BOX SCHEDULE -  SB-384 WELL,6569-20-200-S1378-035-01,14-71-48-1718,A,INST,Drawings,Drawings,package b schdule.xls,INST,3,3,medium,Lists_MTOs_BOMs,2
INSTRUMENT CABLE SCHEDULE -  SB-384 WELL,6569-20-200-S1378-036-01,14-71-48-1743,A,INST,Documents,Lists_MTOs_BOMs,package b schdule.xls,INST,2,2,low,CRS,0
INSTRUMENT JUNCTION BOX SCHEDULE-  SB-330 WELL,6569-20-200-S1378-037-01,14-71-48-1719,A,INST,Drawings,Drawings,package b schdule.xls,INST,3,3,medium,Lists_MTOs_BOMs,2
INSTRUMENT CABLE SCHEDULE-  SB-330 WELL,6569-20-200-S1378-038-01,14-71-48-1744,A,INST,Documents,Lists_MTOs_BOMs,package b schdule.xls,INST,2,2,low,CRS,0
INSTRUMENT JUNCTION BOX SCHEDULE-  SB-310 WELL,6569-20-200-S1378-039-01,14-71-48-1720,A,INST,Drawings,Drawings,package b schdule.xls,INST,3,3,medium,Lists_MTOs_BOMs,2
INSTRUMENT CABLE SCHEDULE-  SB-310 WELL,6569-20-200-S1378-040-01,14-71-48-1745,A,INST,Documents,Lists_MTOs_BOMs,package b schdule.xls,INST,2,2,low,CRS,0
INSTRUMENT JUNCTION BOX SCHEDULE -  SB-302 WELL,6569-20-200-S1378-041-01,14-71-48-1721,,INST,Drawings,Drawings,package b schdule.xls,INST,3,3,medium,Lists_MTOs_BOMs,2
INSTRUMENT CABLE SCHEDULE -  SB-302 WELL,6569-20-200-S1378-042-01,14-71-48-1746,,INST,Documents,Lists_MTOs_BOMs,package b schdule.xls,INST,2,2,low,CRS,0
INSTRUMENT JUNCTION BOX SCHEDULE -  SB-170 WELL,6569-20-200-S1378-043-01,14-71-48-1722,,INST,Drawings,Drawings,package b schdule.xls,INST,3,3,medium,Lists_MTOs_BOMs,2
INSTRUMENT CABLE SCHEDULE -  SB-170 WELL,6569-20-200-S1378-044-01,14-71-48-1747,,INST,Documents,Lists_MTOs_BOMs,package b schdule.xls,INST,2,2,low,CRS,0
INSTRUMENT JUNCTION BOX SCHEDULE-  SB-395 WELL,6569-20-200-S1378-045-01,14-71-48-1723,,INST,Drawings,Drawings,package b schdule.xls,INST,3,3,medium,Lists_MTOs_BOMs,2
INSTRUMENT CABLE SCHEDULE-  SB-395 WELL,6569-20-200-S1378-046-01,14-71-48-1748,,INST,Documents,Lists_MTOs_BOMs,package b schdule.xls,INST,2,2,low,CRS,0
INSTRUMENT JUNCTION BOX SCHEDULE -  SB-489 WELL,6569-20-200-S1378-047-01,14-71-48-1724,,INST,Drawings,Drawings,package b schdule.xls,INST,3,3,medium,Lists_MTOs_BOMs,2
INSTRUMENT CABLE SCHEDULE -  SB-489 WELL,6569-20-200-S1378-048-01,14-71-48-1749,,INST,Documents,Lists_MTOs_BOMs,package b schdule.xls,INST,2,2,low,CRS,0
INSTRUMENT JUNCTION BOX SCHEDULE -  SB-327 WELL,6569-20-200-S1378-049-01,14-71-48-1725,,INST,Drawings,Drawings,package b schdule.xls,INST,3,3,medium,Lists_MTOs_BOMs,2
INSTRUMENT CABLE SCHEDULE -  SB-327 WELL,6569-20-200-S1378-050-01,14-71-48-1750,,INST,Documents,Lists_MTOs_BOMs,package b schdule.xls,INST,2,2,low,CRS,0
INSTRUMENT CABLE SCHEDULE (ASAB AREA SB-098 WELL),6569-20-200-S1378-051-01,14-71-48-1751,2,INST,Documents,Lists_MTOs_BOMs,package b schdule.xls,INST,2,2,low,CRS,0
INSTRUMENT CABLE SCHEDULE (ASAB AREA SB-018 WELL),6569-20-200-S1378-052-01,14-71-48-1752,1,INST,Documents,Lists_MTOs_BOMs,package b schdule.xls,INST,2,2,low,CRS,0
INSTRUMENT LOCATION LAYOUT - SB-304 WELL,6569-20-200-S1378-053-01,14-71-44-1781,,INST,Drawings,Drawings,package b schdule.xls,INST,5,5,high,CRS,0
INSTRUMENT LOCATION LAYOUT - SB-012 WELL,6569-20-200-S1378-054-01,14-71-44-1782,,INST,Drawings,Drawings,package b schdule.xls,INST,5,5,high,CRS,0
INSTRUMENT LOCATION LAYOUT - SB-154 WELL,6569-20-200-S1378-055-01,14-71-44-1783,,INST,Drawings,Drawings,package b schdule.xls,INST,5,5,high,CRS,0
INSTRUMENT LOCATION LAYOUT - SB-325 WELL,6569-20-200-S1378-056-01,14-71-44-1784,,INST,Drawings,Drawings,package b schdule.xls,INST,5,5,high,CRS,0
INSTRUMENT LOCATION LAYOUT - SB-306 WELL,6569-20-200-S1378-057-01,14-71-44-1785,,INST,Drawings,Drawings,package b schdule.xls,INST,5,5,high,CRS,0
INSTRUMENT LOCATION LAYOUT - SB-387 WELL,6569-20-200-S1378-058-01,14-71-44-1786,,INST,Drawings,Drawings,package b schdule.xls,INST,5,5,high,CRS,0
INSTRUMENT LOCATION LAYOUT - SB-155 WELL,6569-20-200-S1378-059-01,14-71-44-1787,,INST,Drawings,Drawings,package b schdule.xls,INST,5,5,high,CRS,0
INSTRUMENT LOCATION LAYOUT - SB-339 WELL,6569-20-200-S1378-060-01,14-71-44-1788,,INST,Drawings,Drawings,package b schdule.xls,INST,5,5,high,CRS,0
INSTRUMENT LOCATION LAYOUT - SB-014 WELL,6569-20-200-S1378-061-01,14-71-44-1789,,INST,Drawings,Drawings,package b schdule.xls,INST,5,5,high,CRS,0
INSTRUMENT LOCATION LAYOUT - SB-341 WELL,6569-20-200-S1378-062-01,14-71-44-1790,,INST,Drawings,Drawings,package b schdule.xls,INST,5,5,high,CRS,0
INSTRUMENT LOCATION LAYOUT - SB-311 WELL,6569-20-200-S1378-063-01,14-71-44-1791,,INST,Drawings,Drawings,package b schdule.xls,INST,5,5,high,CRS,0
INSTRUMENT CABLE SCHEDULE - SB-304 WELL,6569-20-200-S1378-064-01,14-71-48-1755,,INST,Documents,Lists_MTOs_BOMs,package b schdule.xls,INST,2,2,low,CRS,0
INSTRUMENT CABLE SCHEDULE - SB-012 WELL,6569-20-200-S1378-065-01,14-71-48-1756,,INST,Documents,Lists_MTOs_BOMs,package b schdule.xls,INST,2,2,low,CRS,0
INSTRUMENT CABLE SCHEDULE - SB-154 WELL,6569-20-200-S1378-066-01,14-71-48-1757,,INST,Documents,Lists_MTOs_BOMs,package b schdule.xls,INST,2,2,low,CRS,0
INSTRUMENT CABLE SCHEDULE - SB-325 WELL,6569-20-200-S1378-067-01,14-71-48-1758,,INST,Documents,Lists_MTOs_BOMs,package b schdule.xls,INST,2,2,low,CRS,0
INSTRUMENT CABLE SCHEDULE - SB-306 WELL,6569-20-200-S1378-068-01,14-71-48-1759,,INST,Documents,Lists_MTOs_BOMs,package b schdule.xls,INST,2,2,low,CRS,0
INSTRUMENT CABLE SCHEDULE - SB-387 WELL,6569-20-200-S1378-069-01,14-71-48-1760,,INST,Documents,Lists_MTOs_BOMs,package b schdule.xls,INST,2,2,low,CRS,0
INSTRUMENT CABLE SCHEDULE - SB-155 WELL,6569-20-200-S1378-070-01,14-71-48-1761,,INST,Documents,Lists_MTOs_BOMs,package b schdule.xls,INST,2,2,low,CRS,0
INSTRUMENT CABLE SCHEDULE - SB-339 WELL,6569-20-200-S1378-071-01,14-71-48-1762,,INST,Documents,Lists_MTOs_BOMs,package b schdule.xls,INST,2,2,low,CRS,0
INSTRUMENT CABLE SCHEDULE - SB-014 WELL,6569-20-200-S1378-072-01,14-71-48-1763,,INST,Documents,Lists_MTOs_BOMs,package b schdule.xls,INST,2,2,low,CRS,0
INSTRUMENT CABLE SCHEDULE - SB-341 WELL,6569-20-200-S1378-073-01,14-71-48-1764,,INST,Documents,Lists_MTOs_BOMs,package b schdule.xls,INST,2,2,low,CRS,0
INSTRUMENT CABLE SCHEDULE - SB-311 WELL,6569-20-200-S1378-074-01,14-71-48-1765,,INST,Documents,Lists_MTOs_BOMs,package b schdule.xls,INST,2,2,low,CRS,0
INSTRUMENT JB INTERCONNECTION / TERMINATION DRAWINGS - SB-304 WELL,6569-20-200-S1378-075-01,14-71-47-1631,,INST,Drawings,Drawings,package b schdule.xls,INST,4,4,medium,CRS,0
INSTRUMENT JB INTERCONNECTION / TERMINATION DRAWINGS - SB-012 WELL,6569-20-200-S1378-076-01,14-71-47-1632,,INST,Drawings,Drawings,package b schdule.xls,INST,4,4,medium,CRS,0
INSTRUMENT JB INTERCONNECTION / TERMINATION DRAWINGS - SB-154 WELL,6569-20-200-S1378-077-01,14-71-47-1633,,INST,Drawings,Drawings,package b schdule.xls,INST,4,4,medium,CRS,0
INSTRUMENT JB INTERCONNECTION / TERMINATION DRAWINGS - SB-325 WELL,6569-20-200-S1378-078-01,14-71-47-1634,,INST,Drawings,Drawings,package b schdule.xls,INST,4,4,medium,CRS,0
INSTRUMENT JB INTERCONNECTION / TERMINATION DRAWINGS - SB-306 WELL,6569-20-200-S1378-079-01,14-71-47-1635,,INST,Drawings,Drawings,package b schdule.xls,INST,4,4,medium,CRS,0
INSTRUMENT JB INTERCONNECTION / TERMINATION DRAWINGS - SB-387 WELL,6569-20-200-S1378-080-01,14-71-47-1636,,INST,Drawings,Drawings,package b schdule.xls,INST,4,4,medium,CRS,0
INSTRUMENT JB INTERCONNECTION / TERMINATION DRAWINGS - SB-155 WELL,6569-20-200-S1378-081-01,14-71-47-1637,,INST,Drawings,Drawings,package b schdule.xls,INST,4,4,medium,CRS,0
INSTRUMENT JB INTERCONNECTION / TERMINATION DRAWINGS - SB-339 WELL,6569-20-200-S1378-082-01,14-71-47-1638,,INST,Drawings,Drawings,package b schdule.xls,INST,4,4,medium,CRS,0
INSTRUMENT JB INTERCONNECTION / TERMINATION DRAWINGS - SB-014 WELL,6569-20-200-S1378-083-01,14-71-47-1639,,INST,Drawings,Drawings,package b schdule.xls,INST,4,4,medium,CRS,0
INSTRUMENT JB INTERCONNECTION / TERMINATION DRAWINGS - SB-341 WELL,6569-20-200-S1378-084-01,14-71-47-1640,,INST,Drawings,Drawings,package b schdule.xls,INST,4,4,medium,CRS,0
INSTRUMENT JB INTERCONNECTION / TERMINATION DRAWINGS - SB-311 WELL,6569-20-200-S1378-085-01,14-71-47-1641,,INST,Drawings,Drawings,package b schdule.xls,INST,4,4,medium,CRS,0
INSTRUMENT JB INTERCONNECTION / TERMINATION DRAWINGS - SB-018 WELL,6569-20-200-S1378-086-01,14-71-47-1642,,INST,Drawings,Drawings,package b schdule.xls,INST,4,4,medium,CRS,0
INSTRUMENT JB INTERCONNECTION / TERMINATION DRAWINGS - SB-179 WELL,6569-20-200-S1378-087-01,14-71-47-1643,,INST,Drawings,Drawings,package b schdule.xls,INST,4,4,medium,CRS,0
INSTRUMENT LOOP DRAWINGS - SB-304 WELL,6569-20-200-S1378-088-01,14-71-41-1659,,INST,Drawings,Drawings,package b schdule.xls,INST,4,4,medium,CRS,0
INSTRUMENT LOOP DRAWINGS - SB-012 WELL,6569-20-200-S1378-089-01,14-71-41-1660,,INST,Drawings,Drawings,package b schdule.xls,INST,4,4,medium,CRS,0
INSTRUMENT LOOP DRAWINGS - SB-154 WELL,6569-20-200-S1378-090-01,14-71-41-1661,,INST,Drawings,Drawings,package b schdule.xls,INST,4,4,medium,CRS,0
INSTRUMENT LOOP DRAWINGS - SB-325 WELL,6569-20-200-S1378-091-01,14-71-41-1662,,INST,Drawings,Drawings,package b schdule.xls,INST,4,4,medium,CRS,0
INSTRUMENT LOOP DRAWINGS - SB-306 WELL,6569-20-200-S1378-092-01,14-71-41-1663,,INST,Drawings,Drawings,package b schdule.xls,INST,4,4,medium,CRS,0
INSTRUMENT LOOP DRAWINGS - SB-387 WELL,6569-20-200-S1378-093-01,14-71-41-1651,,INST,Drawings,Drawings,package b schdule.xls,INST,4,4,medium,CRS,0
INSTRUMENT LOOP DRAWINGS - SB-155 WELL,6569-20-200-S1378-094-01,14-71-41-1652,,INST,Drawings,Drawings,package b schdule.xls,INST,4,4,medium,CRS,0
INSTRUMENT LOOP DRAWINGS - SB-339 WELL,6569-20-200-S1378-095-01,14-71-41-1653,,INST,Drawings,Drawings,package b schdule.xls,INST,4,4,medium,CRS,0
INSTRUMENT LOOP DRAWINGS - SB-014 WELL,6569-20-200-S1378-096-01,14-71-41-1654,,INST,Drawings,Drawings,package b schdule.xls,INST,4,4,medium,CRS,0
INSTRUMENT LOOP DRAWINGS - SB-341 WELL,6569-20-200-S1378-097-01,14-71-41-1655,,INST,Drawings,Drawings,package b schdule.xls,INST,4,4,medium,CRS,0
INSTRUMENT LOOP DRAWINGS - SB-311 WELL,6569-20-200-S1378-098-01,14-71-41-1656,,INST,Drawings,Drawings,package b schdule.xls,INST,4,4,medium,CRS,0
INSTRUMENT LOOP DRAWINGS - SB-018 WELL,6569-20-200-S1378-099-01,14-71-41-1657,,INST,Drawings,Drawings,package b schdule.xls,INST,4,4,medium,CRS,0
INSTRUMENT LOOP DRAWINGS - SB-179 WELL,6569-20-200-S1378-100-01,14-71-41-1658,,INST,Drawings,Drawings,package b schdule.xls,INST,4,4,medium,CRS,0
ELECTRICAL LOAD LIST - GAS LIFT WELL (SINGLE),6569-20-200-S1381-001-01,14-71-55-1601,1,ELEC,Documents,Lists_MTOs_BOMs,package b schdule.xls,,7,4,medium,CRS,0
DATASHEET FOR SOLAR POWER SYSTEM OF GAS LIFT WELL,6569-20-200-S1381-002-01,14-71-54-1601,,ELEC,Documents,Datasheets,package b schdule.xls,,5,5,high,CRS,0
ELECTRICAL CABLE SCHEDULE - GAS LIFT WELLS,6569-20-200-S1382-001-01,14-71-63-1601,,ELEC,Documents,Lists_MTOs_BOMs,package b schdule.xls,,2,2,low,CRS,0
TELECOM CABLE SCHEDULE - GAS LIFT WELLS (ASAB AREA),6569-20-200-S1386-001-01,14-71-73-1601,B,ELEC,Documents,Lists_MTOs_BOMs,package b schdule.xls,,2,2,low,CRS,0
TELECOM EQUIPMENT SCHEDULE- ASAB AREA,6569-20-200-S1386-002-01,14-71-73-1602,,ELEC,Documents,Lists_MTOs_BOMs,package b schdule.xls,,2,2,low,CRS,0
TELECOM EQUIPMENT SCHEDULE- ASAB AREA,6569-20-200-S1386-003-01,,,ELEC,Documents,Lists_MTOs_BOMs,package b schdule.xls,,2,2,low,CRS,0
OVERALL FO CABLE LAYOUT - ASAB AREA,6569-20-200-S1386-004-01,14-99-71-1605,,ELEC,Drawings,Drawings,package b schdule.xls,,5,5,high,CRS,0
HYDRAULIC STUDY REPORT,6569-20-200-T1227-001-01,14-99-91-1603,,PROC,Documents,Reports,package b schdule.xls,PIPNG,8,5,high,CRS,0
PIPING AND PIPELINE STRESS ANALYSIS REPORT GAS LIFT WELL HEAD (SB-159),6569-20-200-T1362-001-01,14-71-23-1601,1,PIPNG,Documents,Reports,package b schdule.xls,PIPNG,5,5,high,Calculations,4
STRESS ANALYSIS REPORT GAS LIFT WELLHEAD SB-413,6569-20-200-T1362-002-01,14-71-23-1602,1,PIPNG,Documents,Reports,package b schdule.xls,PIPNG,5,5,high,Calculations,4
STRESS ANALYSIS REPORT GAS LIFT WELLHEAD SB-415,6569-20-200-T1362-003-01,14-71-23-1603,1,PIPNG,Documents,Reports,package b schdule.xls,PIPNG,5,5,high,Calculations,4
STRESS ANALYSIS REPORT GAS LIFT WELLHEAD SB-403,6569-20-200-T1362-004-01,14-71-23-1604,,PIPNG,Documents,Reports,package b schdule.xls,PIPNG,5,5,high,Calculations,4
STRESS ANALYSIS REPORT GAS LIFT WELLHEAD SB-394,6569-20-200-T1362-005-01,14-71-23-1605,1,PIPNG,Documents,Reports,package b schdule.xls,PIPNG,5,5,high,Calculations,4
STRESS ANALYSIS REPORT GAS LIFT WELLHEAD SB-410,6569-20-200-T1362-006-01,14-71-23-1623,,PIPNG,Documents,Reports,package b schdule.xls,PIPNG,5,5,high,Calculations,4
PIPING AND PIPELINE STRESS ANALYSIS REPORT GAS LIFT WELLHEADS (SB-269 AND SB-381),6569-20-200-T1362-007-01,14-71-23-1606,1,PIPNG,Documents,Reports,package b schdule.xls,PIPNG,5,5,high,Calculations,4
STRESS ANALYSIS REPORT GAS LIFT WELLHEAD SB-269,6569-20-200-T1362-008-01,14-71-23-1624,,PIPNG,Documents,Reports,package b schdule.xls,PIPNG,5,5,high,Calculations,4
STRESS ANALYSIS REPORT GAS LIFT WELLHEAD SB-352,6569-20-200-T1362-009-01,14-71-23-1607,1,PIPNG,Documents,Reports,package b schdule.xls,PIPNG,5,5,high,Calculations,4
STRESS ANALYSIS REPORT GAS LIFT WELLHEAD SB-016,6569-20-200-T1362-010-01,14-71-23-1608,,PIPNG,Documents,Reports,package b schdule.xls,PIPNG,5,5,high,Calculations,4
STRESS ANALYSIS REPORT GAS LIFT WELLHEAD SB-376,6569-20-200-T1362-011-01,14-71-23-1610,,PIPNG,Documents,Reports,package b schdule.xls,PIPNG,5,5,high,Calculations,4
STRESS ANALYSIS REPORT GAS LIFT WELLHEAD SB-386,6569-20-200-T1362-012-01,14-71-23-1611,,PIPNG,Documents,Reports,package b schdule.xls,PIPNG,5,5,high,Calculations,4
STRESS ANALYSIS REPORT GAS LIFT WELLHEAD SB-380,6569-20-200-T1362-013-01,14-71-23-1609,,PIPNG,Documents,Reports,package b schdule.xls,PIPNG,5,5,high,Calculations,4
STRESS ANALYSIS REPORT GAS LIFT WELLHEAD SB-324,6569-20-200-T1362-014-01,14-71-23-1625,,PIPNG,Documents,Reports,package b schdule.xls,PIPNG,5,5,high,Calculations,4
STRESS ANALYSIS REPORT GAS LIFT WELLHEAD SB-365,6569-20-200-T1362-015-01,14-71-23-1612,,PIPNG,Documents,Reports,package b schdule.xls,PIPNG,5,5,high,Calculations,4
STRESS ANALYSIS REPORT GAS LIFT WELLHEAD SB-363,6569-20-200-T1362-016-01,14-71-23-1613,,PIPNG,Documents,Reports,package b schdule.xls,PIPNG,5,5,high,Calculations,4
STRESS ANALYSIS REPORT GAS LIFT WELLHEAD SB-382,6569-20-200-T1362-017-01,14-71-23-1614,,PIPNG,Documents,Reports,package b schdule.xls,PIPNG,5,5,high,Calculations,4
STRESS ANALYSIS REPORT GAS LIFT WELLHEAD SB-384,6569-20-200-T1362-018-01,14-71-23-1615,,PIPNG,Documents,Reports,package b schdule.xls,PIPNG,5,5,high,Calculations,4
STRESS ANALYSIS REPORT GAS LIFT WELLHEAD SB-330,6569-20-200-T1362-019-01,14-71-23-1616,,PIPNG,Documents,Reports,package b schdule.xls,PIPNG,5,5,high,Calculations,4
STRESS ANALYSIS REPORT GAS LIFT WELLHEAD SB-310,6569-20-200-T1362-020-01,14-71-23-1617,,PIPNG,Documents,Reports,package b schdule.xls,PIPNG,5,5,high,Calculations,4
STRESS ANALYSIS REPORT GAS LIFT WELLHEAD SB-302,6569-20-200-T1362-021-01,14-71-23-1618,,PIPNG,Documents,Reports,package b schdule.xls,PIPNG,5,5,high,Calculations,4
STRESS ANALYSIS REPORT GAS LIFT WELLHEAD SB-170,6569-20-200-T1362-022-01,14-71-23-1619,,PIPNG,Documents,Reports,package b schdule.xls,PIPNG,5,5,high,Calculations,4
STRESS ANALYSIS REPORT GAS LIFT WELLHEAD SB-395,6569-20-200-T1362-023-01,14-71-23-1620,,PIPNG,Documents,Reports,package b schdule.xls,PIPNG,5,5,high,Calculations,4
STRESS ANALYSIS REPORT GAS LIFT WELLHEAD SB-489,6569-20-200-T1362-024-01,14-71-23-1621,,PIPNG,Documents,Reports,package b schdule.xls,PIPNG,5,5,high,Calculations,4
STRESS ANALYSIS REPORT GAS LIFT WELLHEAD SB-327,6569-20-200-T1362-025-01,14-71-23-1622,,PIPNG,Documents,Reports,package b schdule.xls,PIPNG,5,5,high,Calculations,4
STRESS ANALYSIS REPORT ASAB RDS-2,6569-20-200-T1362-026-01,14-12-23-1601,,PIPNG,Documents,Reports,package b schdule.xls,PIPNG,5,5,high,Calculations,4
STRESS ANALYSIS REPORT ASAB RDS-5,6569-20-200-T1362-027-01,14-15-23-1601,,PIPNG,Documents,Reports,package b schdule.xls,PIPNG,5,5,high,Calculations,4
STRESS ANALYSIS REPORT ASAB RDS-6,6569-20-200-T1362-028-01,15-16-23-1601,,PIPNG,Documents,Reports,package b schdule.xls,PIPNG,5,5,high,Calculations,4
PIPING STRESS ANALYSIS REPORT- GAS LIFT WELL HEAD (SB-179),6569-20-200-T1362-029-01,14-71-23-1633,1,PIPNG,Documents,Reports,package b schdule.xls,PIPNG,5,5,high,Calculations,4
PIPING STRESS ANALYSIS REPORT- GAS LIFT WELL HEAD (SB-018),6569-20-200-T1362-030-01,14-71-23-1631,1,PIPNG,Documents,Reports,package b schdule.xls,PIPNG,5,5,high,Calculations,4
PIPING STRESS ANALYSIS REPORT- GAS LIFT WELL HEAD (SB-098,6569-20-200-T1362-031-01,14-71-23-1632,2,PIPNG,Documents,Reports,package b schdule.xls,PIPNG,5,5,high,Calculations,4
PIPING STRESS ANALYSIS REPORT GAS LIFT WELLHEAD SB-415,6569-20-200-T1362-032-01,14-71-23-1634,,PIPNG,Documents,Reports,package b schdule.xls,PIPNG,5,5,high,Calculations,4
PIPING STRESS ANALYSIS REPORT GAS LIFT WELLHEAD SB-403,6569-20-200-T1362-033-01,14-71-23-1635,,PIPNG,Documents,Reports,package b schdule.xls,PIPNG,5,5,high,Calculations,4
PIPING STRESS ANALYSIS REPORT GAS LIFT WELLHEAD SB-394,6569-20-200-T1362-034-01,14-71-23-1636,,PIPNG,Documents,Reports,package b schdule.xls,PIPNG,5,5,high,Calculations,4
PIPING STRESS ANALYSIS REPORT GAS LIFT WELLHEAD SB-410,6569-20-200-T1362-035-01,14-71-23-1637,,PIPNG,Documents,Reports,package b schdule.xls,PIPNG,5,5,high,Calculations,4
PIPING STRESS ANALYSIS REPORT GAS LIFT WELLHEAD SB-381,6569-20-200-T1362-036-01,14-71-23-1638,,PIPNG,Documents,Reports,package b schdule.xls,PIPNG,5,5,high,Calculations,4
PIPING STRESS ANALYSIS REPORT GAS LIFT WELLHEAD SB-269,6569-20-200-T1362-037-01,14-71-23-1639,,PIPNG,Documents,Reports,package b schdule.xls,PIPNG,5,5,high,Calculations,4
PIPING STRESS ANALYSIS REPORT GAS LIFT WELLHEAD SB-352,6569-20-200-T1362-038-01,14-71-23-1640,,PIPNG,Documents,Reports,package b schdule.xls,PIPNG,5,5,high,Calculations,4
PIPING STRESS ANALYSIS REPORT GAS LIFT WELLHEAD SB-016,6569-20-200-T1362-039-01,14-71-23-1641,,PIPNG,Documents,Reports,package b schdule.xls,PIPNG,5,5,high,Calculations,4
PIPING STRESS ANALYSIS REPORT GAS LIFT WELLHEAD SB-376,6569-20-200-T1362-040-01,14-71-23-1642,,PIPNG,Documents,Reports,package b schdule.xls,PIPNG,5,5,high,Calculations,4
PIPING STRESS ANALYSIS REPORT GAS LIFT WELLHEAD SB-386,6569-20-200-T1362-041-01,14-71-23-1643,,PIPNG,Documents,Reports,package b schdule.xls,PIPNG,5,5,high,Calculations,4
PIPING STRESS ANALYSIS REPORT GAS LIFT WELLHEAD SB-380,6569-20-200-T1362-042-01,14-71-23-1644,,PIPNG,Documents,Reports,package b schdule.xls,PIPNG,5,5,high,Calculations,4
PIPING STRESS ANALYSIS REPORT GAS LIFT WELLHEAD SB-324,6569-20-200-T1362-043-01,14-71-23-1645,,PIPNG,Documents,Reports,package b schdule.xls,PIPNG,5,5,high,Calculations,4
PIPING STRESS ANALYSIS REPORT GAS LIFT WELLHEAD SB-365,6569-20-200-T1362-044-01,14-71-23-1646,,PIPNG,Documents,Reports,package b schdule.xls,PIPNG,5,5,high,Calculations,4
PIPING STRESS ANALYSIS REPORT GAS LIFT WELLHEAD SB-363,6569-20-200-T1362-045-01,14-71-23-1647,,PIPNG,Documents,Reports,package b schdule.xls,PIPNG,5,5,high,Calculations,4
PIPING STRESS ANALYSIS REPORT GAS LIFT WELLHEAD SB-382,6569-20-200-T1362-046-01,14-71-23-1648,,PIPNG,Documents,Reports,package b schdule.xls,PIPNG,5,5,high,Calculations,4
PIPING STRESS ANALYSIS REPORT GAS LIFT WELLHEAD SB-384,6569-20-200-T1362-047-01,14-71-23-1649,,PIPNG,Documents,Reports,package b schdule.xls,PIPNG,5,5,high,Calculations,4
PIPING STRESS ANALYSIS REPORT GAS LIFT WELLHEAD SB-330,6569-20-200-T1362-048-01,14-71-23-1650,,PIPNG,Documents,Reports,package b schdule.xls,PIPNG,5,5,high,Calculations,4
PIPING STRESS ANALYSIS REPORT GAS LIFT WELLHEAD SB-310,6569-20-200-T1362-049-01,14-71-23-1651,,PIPNG,Documents,Reports,package b schdule.xls,PIPNG,5,5,high,Calculations,4
PIPING STRESS ANALYSIS REPORT GAS LIFT WELLHEAD SB-302,6569-20-200-T1362-050-01,14-71-23-1652,,PIPNG,Documents,Reports,package b schdule.xls,PIPNG,5,5,high,Calculations,4
PIPING STRESS ANALYSIS REPORT GAS LIFT WELLHEAD SB-170,6569-20-200-T1362-051-01,14-71-23-1653,,PIPNG,Documents,Reports,package b schdule.xls,PIPNG,5,5,high,Calculations,4
PIPING STRESS ANALYSIS REPORT GAS LIFT WELLHEAD SB-395,6569-20-200-T1362-052-01,14-71-23-1654,,PIPNG,Documents,Reports,package b schdule.xls,PIPNG,5,5,high,Calculations,4
PIPING STRESS ANALYSIS REPORT GAS LIFT WELLHEAD SB-489,6569-20-200-T1362-053-01,14-71-23-1655,,PIPNG,Documents,Reports,package b schdule.xls,PIPNG,5,5,high,Calculations,4
PIPING STRESS ANALYSIS REPORT GAS LIFT WELLHEAD SB-327,6569-20-200-T1362-054-01,14-71-23-1656,,PIPNG,Documents,Reports,package b schdule.xls,PIPNG,5,5,high,Calculations,4
PIPING STRESS ANALYSIS REPORT ASAB RDS-2,6569-20-200-T1362-055-01,14-71-23-1657,,PIPNG,Documents,Reports,package b schdule.xls,PIPNG,5,5,high,Calculations,4
PIPING STRESS ANALYSIS REPORT ASAB RDS-5,6569-20-200-T1362-056-01,14-71-23-1658,,PIPNG,Documents,Reports,package b schdule.xls,PIPNG,5,5,high,Calculations,4
PIPING STRESS ANALYSIS REPORT ASAB RDS-6,6569-20-200-T1362-057-01,14-71-23-1659,,PIPNG,Documents,Reports,package b schdule.xls,PIPNG,5,5,high,Calculations,4
PIPING STRESS ANALYSIS REPORT FOR  ESP WELL SY-86 SHAH,6569-20-200-T1362-058-01,14-71-23-1660,,PIPNG,Documents,Reports,package b schdule.xls,PIPNG,5,5,high,Calculations,4
PIPING STRESS ANALYSIS REPORT FOR  ESP WELL SY-87 SHAH,6569-20-200-T1362-059-01,14-71-23-1661,,PIPNG,Documents,Reports,package b schdule.xls,PIPNG,5,5,high,Calculations,4
PIPING STRESS ANALYSIS REPORT FOR  ESP WELL Sy-93 SHAH,6569-20-200-T1362-060-01,14-71-23-1662,,PIPNG,Documents,Reports,package b schdule.xls,PIPNG,5,5,high,Calculations,4
PIPING STRESS ANALYSIS REPORT FOR  ESP WELL SY-88 SHAH,6569-20-200-T1362-061-01,14-71-23-1663,,PIPNG,Documents,Reports,package b schdule.xls,PIPNG,5,5,high,Calculations,4
PIPING STRESS ANALYSIS REPORT FOR  ESP WELL SY-89 SHAH,6569-20-200-T1362-062-01,14-71-23-1664,,PIPNG,Documents,Reports,package b schdule.xls,PIPNG,5,5,high,Calculations,4
PIPING STRESS ANALYSIS REPORT FOR  ESP WELL SY-90 SHAH,6569-20-200-T1362-063-01,14-71-23-1665,,PIPNG,Documents,Reports,package b schdule.xls,PIPNG,5,5,high,Calculations,4
PIPING STRESS ANALYSIS REPORT FOR  ESP WELL SY-91 SHAH,6569-20-200-T1362-064-01,14-71-23-1666,,PIPNG,Documents,Reports,package b schdule.xls,PIPNG,5,5,high,Calculations,4
PIPING STRESS ANALYSIS REPORT FOR  ESP WELL SY-92 SHAH,6569-20-200-T1362-065-01,14-71-23-1667,,PIPNG,Documents,Reports,package b schdule.xls,PIPNG,5,5,high,Calculations,4
PIPING STRESS ANALYSIS REPORT FOR  ESP WELL SY-85 SHAH,6569-20-200-T1362-066-01,14-71-23-1668,,PIPNG,Documents,Reports,package b schdule.xls,PIPNG,5,5,high,Calculations,4
PIPING STRESS ANALYSIS REPORT FOR  ESP WELL Sy-102 SHAH,6569-20-200-T1362-067-01,14-71-23-1669,,PIPNG,Documents,Reports,package b schdule.xls,PIPNG,5,5,high,Calculations,4
PIPING STRESS ANALYSIS REPORT FOR  ESP WELL Sy-105 SHAH,6569-20-200-T1362-068-01,14-71-23-1670,,PIPNG,Documents,Reports,package b schdule.xls,PIPNG,5,5,high,Calculations,4
PIPING STRESS ANALYSIS REPORT FOR  ESP WELL Sy-94 SHAH,6569-20-200-T1362-069-01,14-71-23-1671,,PIPNG,Documents,Reports,package b schdule.xls,PIPNG,5,5,high,Calculations,4
PIPING STRESS ANALYSIS REPORT FOR  ESP WELL P61LH SHAH,6569-20-200-T1362-070-01,14-71-23-1672,,PIPNG,Documents,Reports,package b schdule.xls,PIPNG,5,5,high,Calculations,4
PIPING STRESS ANALYSIS REPORT FOR  ESP WELL Sy-100 SHAH,6569-20-200-T1362-071-01,14-71-23-1673,,PIPNG,Documents,Reports,package b schdule.xls,PIPNG,5,5,high,Calculations,4
PIPING STRESS ANALYSIS REPORT FOR  ESP WELL Sy-96 SHAH,6569-20-200-T1362-072-01,14-71-23-1674,,PIPNG,Documents,Reports,package b schdule.xls,PIPNG,5,5,high,Calculations,4
PIPING STRESS ANALYSIS REPORT FOR  ESP WELL Sy-99 SHAH,6569-20-200-T1362-073-01,14-71-23-1675,,PIPNG,Documents,Reports,package b schdule.xls,PIPNG,5,5,high,Calculations,4
PIPING STRESS ANALYSIS REPORT FOR  ESP WELL PSy-104 SHAH,6569-20-200-T1362-074-01,14-71-23-1676,,PIPNG,Documents,Reports,package b schdule.xls,PIPNG,5,5,high,Calculations,4
PIPING STRESS ANALYSIS REPORT FOR  ESP WELL PSy-101 SHAH,6569-20-200-T1362-075-01,14-71-23-1677,,PIPNG,Documents,Reports,package b schdule.xls,PIPNG,5,5,high,Calculations,4
PIPING STRESS ANALYSIS REPORT FOR  ESP WELL Sy-95 SHAH,6569-20-200-T1362-076-01,14-71-23-1678,,PIPNG,Documents,Reports,package b schdule.xls,PIPNG,5,5,high,Calculations,4
PIPING STRESS ANALYSIS REPORT FOR  ESP WELL Sy-103 SHAH,6569-20-200-T1362-077-01,14-71-23-1679,,PIPNG,Documents,Reports,package b schdule.xls,PIPNG,5,5,high,Calculations,4
PIPING STRESS ANALYSIS REPORT FOR  RDS-1 SHAH,6569-20-200-T1362-078-01,14-71-23-1680,,PIPNG,Documents,Reports,package b schdule.xls,PIPNG,5,5,high,Calculations,4
PIPING STRESS ANALYSIS REPORT FOR  RDS-2 SHAH,6569-20-200-T1362-079-01,14-71-23-1681,,PIPNG,Documents,Reports,package b schdule.xls,PIPNG,5,5,high,Calculations,4
PIPING STRESS ANALYSIS REPORT FOR  CDS SHAH,6569-20-200-T1362-080-01,14-71-23-1682,,PIPNG,Documents,Reports,package b schdule.xls,PIPNG,5,5,high,Calculations,4
PIPING STRESS ANALYSIS REPORT FOR NATURAL OIL PRODUCER WELL QW-80  - QUSAHWIRA,6569-20-200-T1362-081-01,14-71-23-1683,,PIPNG,Documents,Reports,package b schdule.xls,PIPNG,5,5,high,Calculations,4
PIPING STRESS ANALYSIS REPORT FOR NATURAL OIL PRODUCER WELL QW-85  - QUSAHWIRA,6569-20-200-T1362-082-01,14-71-23-1684,,PIPNG,Documents,Reports,package b schdule.xls,PIPNG,5,5,high,Calculations,4
PIPING STRESS ANALYSIS REPORT FOR NATURAL OIL PRODUCER WELL QW-82  - QUSAHWIRA,6569-20-200-T1362-083-01,14-71-23-1685,,PIPNG,Documents,Reports,package b schdule.xls,PIPNG,5,5,high,Calculations,4
PIPING STRESS ANALYSIS REPORT FOR NATURAL OIL PRODUCER WELL QW-90  - QUSAHWIRA,6569-20-200-T1362-084-01,14-71-23-1686,,PIPNG,Documents,Reports,package b schdule.xls,PIPNG,5,5,high,Calculations,4
PIPING STRESS ANALYSIS REPORT FOR NATURAL OIL PRODUCER WELL QW-61  - QUSAHWIRA,6569-20-200-T1362-085-01,14-71-23-1687,,PIPNG,Documents,Reports,package b schdule.xls,PIPNG,5,5,high,Calculations,4
PIPING STRESS ANALYSIS REPORT FOR NATURAL OIL PRODUCER WELL QW-88  - QUSAHWIRA,6569-20-200-T1362-086-01,14-71-23-1688,,PIPNG,Documents,Reports,package b schdule.xls,PIPNG,5,5,high,Calculations,4
PIPING STRESS ANALYSIS REPORT FOR NATURAL OIL PRODUCER WELL QW-87  - QUSAHWIRA,6569-20-200-T1362-087-01,14-71-23-1689,,PIPNG,Documents,Reports,package b schdule.xls,PIPNG,5,5,high,Calculations,4
PIPING STRESS ANALYSIS REPORT FOR NATURAL OIL PRODUCER WELL QW-89  - QUSAHWIRA,6569-20-200-T1362-088-01,14-71-23-1690,,PIPNG,Documents,Reports,package b schdule.xls,PIPNG,5,5,high,Calculations,4
PIPING STRESS ANALYSIS REPORT FOR NATURAL OIL PRODUCER WELL QW-77  - QUSAHWIRA,6569-20-200-T1362-089-01,14-71-23-1691,,PIPNG,Documents,Reports,package b schdule.xls,PIPNG,5,5,high,Calculations,4
PIPING STRESS ANALYSIS REPORT FOR NATURAL OIL PRODUCER WELL QW-XX  - QUSAHWIRA,6569-20-200-T1362-090-01,14-71-23-1692,,PIPNG,Documents,Reports,package b schdule.xls,PIPNG,5,5,high,Calculations,4
PIPING STRESS ANALYSIS REPORT FOR NATURAL OIL PRODUCER WELL QW-XX-1  - QUSAHWIRA,6569-20-200-T1362-091-01,14-71-23-1693,,PIPNG,Documents,Reports,package b schdule.xls,PIPNG,5,5,high,Calculations,4
PIPING STRESS ANALYSIS REPORT FOR WATER INJECTION WELL QW-57  - QUSAHWIRA,6569-20-200-T1362-092-01,14-71-23-1694,,PIPNG,Documents,Reports,package b schdule.xls,PIPNG,5,5,high,Calculations,4
PIPING STRESS ANALYSIS REPORT FOR WATER INJECTION WELL QW-91  - QUSAHWIRA,6569-20-200-T1362-093-01,14-71-23-1695,,PIPNG,Documents,Reports,package b schdule.xls,PIPNG,5,5,high,Calculations,4
PIPING STRESS ANALYSIS REPORT FOR WATER INJECTION WELL QW-59  - QUSAHWIRA,6569-20-200-T1362-094-01,14-71-23-1696,,PIPNG,Documents,Reports,package b schdule.xls,PIPNG,5,5,high,Calculations,4
PIPING STRESS ANALYSIS REPORT FOR GAS INJECTION WELL QW-83 - QUSAHWIRA,6569-20-200-T1362-095-01,14-71-23-1697,,PIPNG,Documents,Reports,package b schdule.xls,PIPNG,5,5,high,Calculations,4
PIPING STRESS ANALYSIS REPORT FOR CDS - QUSAHWIRA,6569-20-200-T1362-096-01,14-71-23-1698,,PIPNG,Documents,Reports,package b schdule.xls,PIPNG,5,5,high,Calculations,4
FIBER OPTIC CABLE LINK BUDGET STUDY,6569-20-200-T1386-001-01,14-71-74-1601,,ELEC,Documents,Reports,package b schdule.xls,,3,3,medium,CRS,0
PIPING & INSTRUEMENT DIAGRAM - OIL PRODUCER WELLHEAD SY-100 SHAH,6569-20-210-D1225-001-01,29-71-08-1611,,PROC,Drawings,Drawings,package b schdule.xls,PIPNG,4,4,medium,CRS,0
PIPING & INSTRUEMENT DIAGRAM - OIL PRODUCER WELLHEAD SY-085 SHAH,6569-20-210-D1225-002-01,29-71-08-1612,,PROC,Drawings,Drawings,package b schdule.xls,PIPNG,4,4,medium,CRS,0
P&ID - OIL PRODUCER WELLHEAD SY-093 SHAH,6569-20-210-D1225-003-01,29-71-08-1606,,PROC,Drawings,Drawings,package b schdule.xls,PROC,5,5,high,CRS,0
LAYOUT OF ESCAPE ROUTES & SAFETY SIGNS SY-091 SHAH FIELD,6569-20-210-D1241-001-01,29-71-87-1628,,ENGG HSE,Drawings,Drawings,package b schdule.xls,HSE,5,5,high,CRS,0
LAYOUT OF ESCAPE ROUTES & SAFETY SIGNS SY-095 SHAH FIELD,6569-20-210-D1241-002-01,29-71-87-1629,,ENGG HSE,Drawings,Drawings,package b schdule.xls,HSE,5,5,high,CRS,0
LAYOUT OF ESCAPE ROUTES & SAFETY SIGNS SY-094 SHAH FIELD,6569-20-210-D1241-003-01,29-71-87-1632,,ENGG HSE,Drawings,Drawings,package b schdule.xls,HSE,5,5,high,CRS,0
LAYOUT OF ESCAPE ROUTES & SAFETY SIGNS SY-096 SHAH FIELD,6569-20-210-D1241-004-01,29-71-87-1636,,ENGG HSE,Drawings,Drawings,package b schdule.xls,HSE,5,5,high,CRS,0
LAYOUT OF ESCAPE ROUTES & SAFETY SIGNS SY-099 SHAH FIELD,6569-20-210-D1241-005-01,29-71-87-1637,,ENGG HSE,Drawings,Drawings,package b schdule.xls,HSE,5,5,high,CRS,0
LAYOUT OF ESCAPE ROUTE & SAFETY SIGNS SY-098 SHAH FIELD,6569-20-210-D1241-006-01,29-71-87-1639,,ENGG HSE,Drawings,Drawings,package b schdule.xls,HSE,5,5,high,CRS,0
LAYOUT OF ESCAPE ROUTE & SAFETY SIGNS SY-108- SHAH FIELD,6569-20-210-D1241-007-01,29-71-87-1623,,ENGG HSE,Drawings,Drawings,package b schdule.xls,HSE,5,5,high,CRS,0
LAYOUT OF ESCAPE ROUTE & SAFETY SIGNS SY-104- SHAH FIELD,6569-20-210-D1241-008-01,29-71-87-1638,,ENGG HSE,Drawings,Drawings,package b schdule.xls,HSE,5,5,high,CRS,0
LAYOUT OF ESCAPE ROUTE & SAFETY SIGNS SY-103- SHAH FIELD,6569-20-210-D1241-009-01,29-71-87-1641,,ENGG HSE,Drawings,Drawings,package b schdule.xls,HSE,5,5,high,CRS,0
LAYOUT OF ESCAPE ROUTE  & SAFETY SIGNS SINGLE COMPLETION OIL WELL SB-384,6569-20-210-D1241-010-01,14-71-87-1615,,ENGG HSE,Drawings,Drawings,package b schdule.xls,HSE,5,5,high,CRS,0
LAYOUT OF ESCAPE ROUTE & SAFETY SIGNS SINGLE COMPLETION OIL WELL SB-333,6569-20-210-D1241-011-01,14-71-87-1623,,ENGG HSE,Drawings,Drawings,package b schdule.xls,HSE,5,5,high,CRS,0
LAYOUT OF ESCAPE ROUTE AND SAFETY SIGNS SINGLE COMPLETION OIL WELL SB-386 & 387,6569-20-210-D1241-012-01,14-71-87-1611,,ENGG HSE,Drawings,Drawings,package b schdule.xls,HSE,5,5,high,CRS,0
CAUSE & EFFECT DIAGRAM (F&G SHAH ARITFICIAL OIL WELL SY-093,6569-20-220-D1226-001-01,29-71-42-1623,,ENGG HSE,Drawings,Drawings,package b schdule.xls,HSE,9,5,high,CRS,0
CAUSE & EFFECT DIAGRAM (F&G) SHAH ARTIFICIAL OIL WELL SY-100,6569-20-220-D1226-002-01,29-71-42-1628,,ENGG HSE,Drawings,Drawings,package b schdule.xls,HSE,9,5,high,CRS,0
CAUSE & EFFECT DIAGRAM (F&G) SHAH ARTIFICIAL OIL WELL SY-102,6569-20-220-D1226-003-01,29-71-42-1630,,ENGG HSE,Drawings,Drawings,package b schdule.xls,HSE,9,5,high,CRS,0
CAUSE & EFFECT DIAGRAM (F&G) SHAH ARTIFICIAL OIL WELL SY-105,6569-20-220-D1226-004-01,29-71-42-1631,,ENGG HSE,Drawings,Drawings,package b schdule.xls,HSE,9,5,high,CRS,0
CAUSE & EFFECT DIAGRAM (F&G) SHAH ARTIFICIAL OIL WELL SY-107,6569-20-220-D1226-005-01,29-71-42-1634,,ENGG HSE,Drawings,Drawings,package b schdule.xls,HSE,9,5,high,CRS,0
WELL TELECOM EQUIPMENT SCHEDULE LOCATION : SHAH,6569-20-230-D1386-001-01,29-71-73-1601,,ELEC,Documents,Lists_MTOs_BOMs,package b schdule.xls,,2,2,low,CRS,0
MTO FOR CATHODIC PROTECTION SYSTEM OF BURRIED PIPELINES - GAS LIFT WELLS,6569-20-300-B1387-001-01,14-71-63-1602,,ELEC,Documents,Lists_MTOs_BOMs,package b schdule.xls,ELEC,5,5,high,CRS,0
PIPING & INSTRUMENT DIAGRAM -LIFT GAS FLOWLINE (FROM LG MANIFOLD M-2601) ASAB RDS-2,6569-20-300-D1225-001-01,14-76-08-1601,C,PROC,Drawings,Drawings,package b schdule.xls,INST,9,5,high,CRS,0
PIPING & INSTRUMENT DIAGRAM LIFT GAS FLOWLINES (FROM LG MANIFOLD M-2601) ASAB RDS-5,6569-20-300-D1225-002-01,14-76-08-1602,C,PROC,Drawings,Drawings,package b schdule.xls,INST,9,5,high,CRS,0
P&ID - LIFT GAS FLOWLINES ( FORM LG MANIFOLD M-2601 RDS-6),6569-20-300-D1225-003-01,14-76-08-1603,A,PROC,Drawings,Drawings,package b schdule.xls,PROC,5,5,high,CRS,0
P&ID (TYP) LIFT GAS FLOWLINE (FROM LG M-2601 TO GL WELLS SB-339 & SB-159) ASAB RDS-5,6569-20-300-D1225-004-01,14-76-08-1627,1,PROC,Drawings,Drawings,package b schdule.xls,PROC,5,5,high,CRS,0
SITE LAYOUTS OF RDS-2 ASAB FIELD,6569-20-300-D1360-001-01,14-12-03-1601,,PIPNG,Drawings,Drawings,package b schdule.xls,,5,5,high,CRS,0
SITE LAYOUTS OF RDS-5 ASAB FIELD,6569-20-300-D1360-002-01,14-15-03-1601,,PIPNG,Drawings,Drawings,package b schdule.xls,,5,5,high,CRS,0
SITE LAYOUTS OF RDS-6 ASAB FIELD,6569-20-300-D1360-003-01,14-16-03-1601,,PIPNG,Drawings,Drawings,package b schdule.xls,,5,5,high,CRS,0
UPDATION OF FIELD LAYOUT NO. 244 FOR ASAB FIELD,6569-20-300-D1360-004-01,14-99-03-1619,A,PIPNG,Drawings,Drawings,package b schdule.xls,,5,5,high,CRS,0
UPDATION OF FIELD LAYOUT NO. 245 FOR ASAB FIELD,6569-20-300-D1360-005-01,14-99-03-1620,A,PIPNG,Drawings,Drawings,package b schdule.xls,,5,5,high,CRS,0
UPDATION OF FIELD LAYOUT NO. 258 FOR ASAB FIELD,6569-20-300-D1360-006-01,14-99-03-1624,A,PIPNG,Drawings,Drawings,package b schdule.xls,,5,5,high,CRS,0
UPDATION OF FIELD LAYOUT NO. 259 FOR ASAB FIELD,6569-20-300-D1360-007-01,14-99-03-1625,A,PIPNG,Drawings,Drawings,package b schdule.xls,,5,5,high,CRS,0
UPDATION OF FIELD LAYOUT NO. 260 FOR ASAB FIELD,6569-20-300-D1360-008-01,14-99-03-1626,A,PIPNG,Drawings,Drawings,package b schdule.xls,,5,5,high,CRS,0
UPDATION OF FIELD LAYOUT NO. 314 FOR ASAB FIELD,6569-20-300-D1360-009-01,14-99-03-1646,A,PIPNG,Drawings,Drawings,package b schdule.xls,,5,5,high,CRS,0
UPDATION OF FIELD LAYOUT NO. 285 FOR ASAB FIELD,6569-20-300-D1360-010-01,14-99-03-1634,A,PIPNG,Drawings,Drawings,package b schdule.xls,,5,5,high,CRS,0
UPDATION OF FIELD LAYOUT NO. 286 FOR ASAB FIELD,6569-20-300-D1360-011-01,14-99-03-1635,A,PIPNG,Drawings,Drawings,package b schdule.xls,,5,5,high,CRS,0
UPDATION OF FIELD LAYOUT NO. 287 FOR ASAB FIELD,6569-20-300-D1360-012-01,14-99-03-1636,A,PIPNG,Drawings,Drawings,package b schdule.xls,,5,5,high,CRS,0
UPDATION OF FIELD LAYOUT NO. 288 FOR ASAB FIELD,6569-20-300-D1360-013-01,14-99-03-1637,A,PIPNG,Drawings,Drawings,package b schdule.xls,,5,5,high,CRS,0
UPDATION OF FIELD LAYOUT NO. 289 FOR ASAB FIELD,6569-20-300-D1360-014-01,14-99-03-1638,A,PIPNG,Drawings,Drawings,package b schdule.xls,,5,5,high,CRS,0
UPDATION OF FIELD LAYOUT NO. 299 FOR ASAB FIELD,6569-20-300-D1360-015-01,14-99-03-1640,A,PIPNG,Drawings,Drawings,package b schdule.xls,,5,5,high,CRS,0
UPDATION OF FIELD LAYOUT NO. 300 FOR ASAB FIELD,6569-20-300-D1360-016-01,14-99-03-1641,A,PIPNG,Drawings,Drawings,package b schdule.xls,,5,5,high,CRS,0
UPDATION OF FIELD LAYOUT NO. 301 FOR ASAB FIELD,6569-20-300-D1360-017-01,14-99-03-1642,A,PIPNG,Drawings,Drawings,package b schdule.xls,,5,5,high,CRS,0
UPDATION OF FIELD LAYOUT NO. 302 FOR ASAB FIELD,6569-20-300-D1360-018-01,14-99-03-1643,A,PIPNG,Drawings,Drawings,package b schdule.xls,,5,5,high,CRS,0
UPDATION OF FIELD LAYOUT NO. 303 FOR ASAB FIELD,6569-20-300-D1360-019-01,14-99-03-1644,A,PIPNG,Drawings,Drawings,package b schdule.xls,,5,5,high,CRS,0
UPDATION OF FIELD LAYOUT NO. 315 FOR ASAB FIELD,6569-20-300-D1360-020-01,14-99-03-1647,A,PIPNG,Drawings,Drawings,package b schdule.xls,,5,5,high,CRS,0
UPDATION OF FIELD LAYOUT NO. 316 FOR ASAB FIELD,6569-20-300-D1360-021-01,14-99-03-1648,A,PIPNG,Drawings,Drawings,package b schdule.xls,,5,5,high,CRS,0
UPDATION OF FIELD LAYOUT NO. 317 FOR ASAB FIELD,6569-20-300-D1360-022-01,14-99-03-1649,A,PIPNG,Drawings,Drawings,package b schdule.xls,,5,5,high,CRS,0
FIELD AREA LAYOUT AREA -274 ASAB,6569-20-300-D1360-023-01,14-99-03-1632,A,PIPNG,Drawings,Drawings,package b schdule.xls,,5,5,high,CRS,0
OVERALL FIELD LAYOUT ASAB,6569-20-300-D1360-024-01,14-99-02-1601,A,PIPNG,Drawings,Drawings,package b schdule.xls,,5,5,high,CRS,0
FIELD LAYOUT AREA -284  ASAB,6569-20-300-D1360-025-01,14-99-03-1633,A,PIPNG,Drawings,Drawings,package b schdule.xls,,5,5,high,CRS,0
PIPLINE ALIGNMENT SHEET 4” GAS LIFT FLOWLINE FROM TIE IN (SB-381) TO SB-269 CHAINAGE FROM KM 0+000.00 TO KM 0+316.49,6569-20-300-D1360-026-01,14-76-22-1623,A,PIPNG,Drawings,Drawings,package b schdule.xls,,5,5,high,Lists_MTOs_BOMs,4
PIPELINE CROSSING SCHEDULE FOR ASAB FIELD,6569-20-300-M1360-001-01,14-99-23-1603,A,PIPNG,Documents,Lists_MTOs_BOMs,package b schdule.xls,,2,2,low,CRS,0
TYPICAL CALCULATION REPORT OF FOUNDATION FOR GAS LIFT MANIFOLD,6569-20-400-C1323-001-01,14-10-83-1601,,CIVIL,Drawings,Drawings,package b schdule.xls,CIVIL,6,4,medium,Calculations,5
TYPICAL CALCULATION REPORT OF STRUCUTRAL STEEL SHED FOUNDATION FOR GAS LIFT MANIFOLD,6569-20-400-C1323-002-01,14-10-83-1603,,CIVIL,Drawings,Drawings,package b schdule.xls,CIVIL,10,4,medium,Calculations,5
TYPICAL CALCULATION REPORT OF STRUCUTRAL STEEL PLATFORM FOUNDATION FOR MANIFOLD,6569-20-400-C1323-003-01,14-10-83-1605,,CIVIL,Drawings,Drawings,package b schdule.xls,CIVIL,10,4,medium,Calculations,5
CALCULATION REPORT OF EXTENSION OF EXISTING PIPERACK (XX-PR-XX)FOUNDATION,6569-20-400-C1323-004-01,14-15-83-1602,,CIVIL,Documents,Calculations,package b schdule.xls,CIVIL,5,5,high,Reports,5
CALCULATION REPORT OF EXTENSION OF EXISTING PIPERACK (XX-PRXX)FOUNDATION,6569-20-400-C1323-005-01,14-12-83-1602,,CIVIL,Documents,Calculations,package b schdule.xls,CIVIL,5,5,high,Reports,5
TYPICAL CALCULATION REPORT OF PIPE SLEEPERS,6569-20-400-C1326-001-01,14-10-83-1607,,CIVIL,Drawings,Drawings,package b schdule.xls,,6,4,medium,Calculations,5
CALCULATION REPORT OF EXTENSION OF EXISTING PIPERACK (XX-PR-XX) STRUCTURE,6569-20-400-C1331-001-01,14-15-83-1601,,CIVIL,Documents,Calculations,package b schdule.xls,,5,5,high,Reports,5
CALCULATION REPORT OF EXTENSION OF EXISTING PIPERACK (XX-PR-XX) STRUCTURE,6569-20-400-C1331-002-01,14-12-83-1601,,CIVIL,Documents,Calculations,package b schdule.xls,,5,5,high,Reports,5
TYPICAL CALCULATION REPORT OF STRUCUTRAL STEEL SHED FOR GAS LIFT MANIFOLD,6569-20-400-C1332-001-01,14-10-83-1602,,CIVIL,Drawings,Drawings,package b schdule.xls,,6,4,medium,Calculations,5
TYPICAL CALCULATION REPORT OF STRUCUTRAL STEEL PLATFORM STUCTURE FOR MANIFOLD,6569-20-400-C1336-001-01,14-10-83-1604,,CIVIL,Drawings,Drawings,package b schdule.xls,,6,4,medium,Calculations,5
TYPICAL CALCULATION REPORT OF PIPE SUPPORTS,6569-20-400-C1338-001-01,14-10-83-1606,,CIVIL,Drawings,Drawings,package b schdule.xls,,6,4,medium,Calculations,5
P&ID- LIFT GAS MANIFOLD –M-2601 AT RDS-2 ASAB,6569-20-400-D1225-001-01,14-12-08-1601,C,PROC,Drawings,Drawings,package b schdule.xls,PROC,5,5,high,CRS,0
PIPING & INSTRUMENT DIAGRAM - LIFT GAS MANIFOLD AT RDS-2,6569-20-400-D1225-001-02,14-12-08-1601,B,PROC,Drawings,Drawings,package b schdule.xls,INST,9,5,high,CRS,0
PIPING & INSTRUMENT DIAGRAM - LIFT GAS MANIFOLD AT RDS-2 (NEW MANIFOLD),6569-20-400-D1225-002-01,14-12-08-1602,,PROC,Drawings,Drawings,package b schdule.xls,INST,9,5,high,CRS,0
PIPING & INSTRUMENT DIAGRAM - LIFT GAS MANIFOLD AT RDS-5,6569-20-400-D1225-003-01,14-15-08-1601,C,PROC,Drawings,Drawings,package b schdule.xls,INST,9,5,high,CRS,0
PIPING & INSTRUMENT DIAGRAM - M-2601 RDS-6 ASAB,6569-20-400-D1225-004-01,14-16-08-1601,1,PROC,Drawings,Drawings,package b schdule.xls,INST,9,5,high,CRS,0
PIPING & INSTRUMENT DIAGRAM - LIFT GAS MANIFOLD AT RDS-6 (NEW MANIFOLD),6569-20-400-D1225-005-01,14-16-08-1602,,PROC,Drawings,Drawings,package b schdule.xls,INST,9,5,high,CRS,0
PIPING & INSTRUMENT DIAGRAM (TYP) LIFT GAS MAINFOLD AT RDS-5,6569-20-400-D1225-006-01,14-15-08-1626,,PROC,Drawings,Drawings,package b schdule.xls,INST,9,5,high,CRS,0
PIPING & INSTRUMENT DIAGRAM (TYP) LIFT GAS MAINFOLD AT RDS-5,6569-20-400-D1225-007-01,14-15-08-1627,,PROC,Drawings,Drawings,package b schdule.xls,INST,9,5,high,CRS,0
PIPING & INSTRUMENT DIAGRAM (TYP) LIFT GAS MAINFOLD AT RDS-5(FLOW LINE),6569-20-400-D1225-007-02,14-15-08-1627,,PROC,Drawings,Drawings,package b schdule.xls,INST,9,5,high,CRS,0
UTILITY P&ID (TYP) CLOSED DRAIN COLLECTION HEADER ASAB RDS-5,6569-20-400-D1225-010-01,14-15-08-1630,,PROC,Drawings,Drawings,package b schdule.xls,PROC,5,5,high,CRS,0
UTILITY PIPING & INSTRUMENT DIAGRAM CLOSED DRAIN COLLETION HEADER ASAB RDS-5,6569-20-400-D1225-011-01,14-15-08-1631,A,PROC,Drawings,Drawings,package b schdule.xls,INST,9,5,high,CRS,0
CIVIL GA FOR RDS-5,6569-20-400-D1310-001-01,14-15-79-1601,,CIVIL,Drawings,Drawings,package b schdule.xls,CIVIL,4,4,medium,CRS,0
CIVIL GA FOR RDS-2,6569-20-400-D1310-002-01,14-12-79-1601,,CIVIL,Drawings,Drawings,package b schdule.xls,CIVIL,4,4,medium,CRS,0
CIVIL GA FOR RDS-6,6569-20-400-D1310-003-01,14-16-79-1601,,CIVIL,Drawings,Drawings,package b schdule.xls,CIVIL,4,4,medium,CRS,0
SITE PREPARATION FOR RDS-5,6569-20-400-D1312-001-01,14-15-82-1601,,CIVIL,Drawings,Drawings,package b schdule.xls,,3,3,medium,CRS,0
SITE PREPARATION FOR RDS-2,6569-20-400-D1312-002-01,14-12-82-1601,,CIVIL,Drawings,Drawings,package b schdule.xls,,3,3,medium,CRS,0
SITE PREPARATION FOR RDS-6,6569-20-400-D1312-003-01,14-16-82-1601,,CIVIL,Drawings,Drawings,package b schdule.xls,,3,3,medium,CRS,0
TYPICAL UNDERGROUND FACILITIES INCLUDING ELECTRICAL AND INSTRUMENT TRENCHES,6569-20-400-D1316-001-01,14-10-76-1610,,CIVIL,Drawings,Drawings,package b schdule.xls,INST,2,2,low,CRS,0
TYPICAL PAVING & DRAINAGE DRAWINGS FOR GAS LIFT AREA,6569-20-400-D1317-001-01,14-10-82-1602,,CIVIL,Drawings,Drawings,package b schdule.xls,,9,4,medium,CRS,0
TYPICAL FOUNDATION FOR GAS LIFT MANIFOLD,6569-20-400-D1323-001-01,14-10-76-1601,,CIVIL,Drawings,Drawings,package b schdule.xls,CIVIL,6,4,medium,CRS,0
TYPICAL STRUCUTRAL STEEL SHED FOUNDATION FOR GAS LIFT MANIFOLD,6569-20-400-D1323-002-01,14-10-76-1603,,CIVIL,Drawings,Drawings,package b schdule.xls,CIVIL,10,4,medium,CRS,0
TYPICAL STRUCUTRAL STEEL PLATFORM FOUNDATION FOR MANIFOLD,6569-20-400-D1323-003-01,14-10-76-1605,,CIVIL,Drawings,Drawings,package b schdule.xls,CIVIL,10,4,medium,CRS,0
EXTENSION OF EXISTING PIPERACK (XX-PR-XX)FOUNDATION DRAWINGS,6569-20-400-D1323-004-01,14-15-76-1609,,CIVIL,Drawings,Drawings,package b schdule.xls,CIVIL,8,4,medium,CRS,0
EXTENSION OF EXISTING PIPERACK (XX-PR-XX)FOUNDATION DRAWINGS,6569-20-400-D1323-005-01,14-12-76-1602,,CIVIL,Drawings,Drawings,package b schdule.xls,CIVIL,8,4,medium,CRS,0
TYPICAL PIPE SLEEPERS,6569-20-400-D1326-001-01,14-10-76-1607,,CIVIL,Drawings,Drawings,package b schdule.xls,,6,4,medium,CRS,0
EXTENSION OF EXISTING PIPERACK (XX-PR-XX) STRUCTURE DRAWINGS,6569-20-400-D1331-001-01,14-15-76-1608,,CIVIL,Drawings,Drawings,package b schdule.xls,,4,4,medium,CRS,0
EXTENSION OF EXISTING PIPERACK (XX-PR-XX) STRUCTURE DRAWINGS,6569-20-400-D1331-002-01,14-12-76-1601,,CIVIL,Drawings,Drawings,package b schdule.xls,,4,4,medium,CRS,0
TYPICAL STRUCUTRAL STEEL SHED FOR GAS LIFT MANIFOLD,6569-20-400-D1332-001-01,14-10-76-1602,,CIVIL,Drawings,Drawings,package b schdule.xls,,6,4,medium,CRS,0
TYPICAL STRUCUTRAL STEEL PLATFORM STR FOR MANIFOLD,6569-20-400-D1336-001-01,14-10-76-1604,,CIVIL,Drawings,Drawings,package b schdule.xls,,6,4,medium,CRS,0
TYPICAL PIPE SUPPORTS,6569-20-400-D1338-001-01,14-10-76-1606,,CIVIL,Drawings,Drawings,package b schdule.xls,,6,4,medium,CRS,0
OVERALL PLOT PLAN FOR RDS-2 FOR ASAB FIELD,6569-20-400-D1362-001-01,14-12-04-1601,,PIPNG,Drawings,Drawings,package b schdule.xls,PROJECTS,4,4,medium,Procedures_Plans,3
OVERALL PLOT PLAN FOR RDS-5 FOR ASAB FIELD,6569-20-400-D1362-002-01,14-15-04-1601,,PIPNG,Drawings,Drawings,package b schdule.xls,PROJECTS,4,4,medium,Procedures_Plans,3
OVERALL PLOT PLAN FOR RDS-6 FOR ASAB FIELD,6569-20-400-D1362-003-01,14-16-04-1601,,PIPNG,Drawings,Drawings,package b schdule.xls,PROJECTS,4,4,medium,Procedures_Plans,3
UPDATION OF EXISTING PIPING PLANS AT ASAB RDS2,6569-20-400-D1362-004-01,14-21-21-1601,,PIPNG,Drawings,Drawings,package b schdule.xls,PIPNG,4,4,medium,CRS,0
UPDATION OF EXISTING PIPING PLANS AT ASAB RDS5,6569-20-400-D1362-005-01,14-15-21-1601,,PIPNG,Drawings,Drawings,package b schdule.xls,PIPNG,4,4,medium,CRS,0
UPDATION OF EXISTING PIPING PLANS AT ASAB RDS6,6569-20-400-D1362-006-01,14-16-21-1601,,PIPNG,Drawings,Drawings,package b schdule.xls,PIPNG,4,4,medium,CRS,0
PIPING LAYOUTS ASAB RDS-2,6569-20-400-D1362-007-01,14-12-13-1601,,PIPNG,Drawings,Drawings,package b schdule.xls,PIPNG,5,5,high,CRS,0
PIPING LAYOUTS ASAB RDS-5,6569-20-400-D1362-008-01,14-15-13-1601,,PIPNG,Drawings,Drawings,package b schdule.xls,PIPNG,5,5,high,CRS,0
PIPING LAYOUTS ASAB RDS-6,6569-20-400-D1362-009-01,14-16-13-1601,,PIPNG,Drawings,Drawings,package b schdule.xls,PIPNG,5,5,high,CRS,0
PIPING GENERAL ARRANGEMENT DRAWINGS RDS-2 ASAB,6569-20-400-D1362-010-01,14-12-21-1601,,PIPNG,Drawings,Drawings,package b schdule.xls,PIPNG,13,5,high,CRS,0
INSTRUMENT SEGMENT DRAWINGS -   RDS-2,6569-20-400-D1378-004-01,14-12-41-1602,,INST,Drawings,Drawings,package b schdule.xls,INST,4,4,medium,CRS,0
INSTRUMENT SEGMENT DRAWINGS -   RDS-5,6569-20-400-D1378-005-01,14-15-41-1602,,INST,Drawings,Drawings,package b schdule.xls,INST,4,4,medium,CRS,0
INSTRUMENT SEGMENT DRAWINGS -   RDS-6,6569-20-400-D1378-006-01,14-16-41-1602,,INST,Drawings,Drawings,package b schdule.xls,INST,4,4,medium,CRS,0
INSTRUMENT JB INTERCONNECTION / TERMINATION DRAWINGS -   RDS-2,6569-20-400-D1378-007-01,14-12-47-1601,,INST,Drawings,Drawings,package b schdule.xls,INST,4,4,medium,CRS,0
INSTRUMENT JB INTERCONNECTION / TERMINATION DRAWINGS -   RDS-5,6569-20-400-D1378-008-01,14-15-47-1601,,INST,Drawings,Drawings,package b schdule.xls,INST,4,4,medium,CRS,0
INSTRUMENT JB INTERCONNECTION / TERMINATION DRAWINGS -   RDS-6,6569-20-400-D1378-009-01,14-16-47-1601,,INST,Drawings,Drawings,package b schdule.xls,INST,4,4,medium,CRS,0
INSTRUMENT AND TELECOM LOCATION / CABLE TRENCH LAYOUT  -  RDS-2,6569-20-400-D1378-010-01,14-12-49-1601,,INST,Drawings,Drawings,package b schdule.xls,INST,5,5,high,CRS,0
INSTRUMENT AND TELECOM CABLE ROUTING / TRENCH LAYOUT  -  RDS-5,6569-20-400-D1378-011-01,14-15-49-1601,,INST,Drawings,Drawings,package b schdule.xls,INST,9,5,high,CRS,0
INSTRUMENT AND TELECOM LOCATION / CABLE TRENCH LAYOUT  -  RDS-6,6569-20-400-D1378-012-01,14-16-49-1601,,INST,Drawings,Drawings,package b schdule.xls,INST,5,5,high,CRS,0
INSTRUMENT CABLE BLOCK DIAGRAM -   RDS-2,6569-20-400-D1378-013-01,14-12-49-1602,,INST,Drawings,Drawings,package b schdule.xls,INST,8,4,medium,CRS,0
INSTRUMENT CABLE BLOCK DIAGRAM -   RDS-5,6569-20-400-D1378-014-01,14-15-49-1602,,INST,Drawings,Drawings,package b schdule.xls,INST,8,4,medium,CRS,0
INSTRUMENT CABLE BLOCK DIAGRAM -   RDS-6,6569-20-400-D1378-015-01,14-16-49-1602,,INST,Drawings,Drawings,package b schdule.xls,INST,8,4,medium,CRS,0
FIRE AND GAS DETECTOR LAYOUT -   RDS-2,6569-20-400-D1378-019-01,14-12-45-1601,,INST,Drawings,Drawings,package b schdule.xls,HSE,5,5,high,CRS,0
FIRE AND GAS DETECTOR LAYOUT -   RDS-5,6569-20-400-D1378-020-01,14-15-45-1601,,INST,Drawings,Drawings,package b schdule.xls,HSE,5,5,high,CRS,0
FIRE AND GAS DETECTOR LAYOUT -   RDS-6,6569-20-400-D1378-021-01,14-16-45-1601,,INST,Drawings,Drawings,package b schdule.xls,HSE,5,5,high,CRS,0
INSTRUMENT LOCATION LAYOUT - RDS-5,6569-20-400-D1378-022-01,14-15-44-1601,,INST,Drawings,Drawings,package b schdule.xls,INST,5,5,high,CRS,0
INSTRUMENT CABLE ROUTING/ TRENCH LAYOUT  -  MSM CDS,6569-20-400-D1378-023-01,20-01-49-1623,,INST,Drawings,Drawings,package b schdule.xls,INST,9,5,high,CRS,0
UPDATION OF EXISTING ISOMETRICS AT TIE-IN POINTS FROM WELL HEAD TO ASAB RDS2,6569-20-400-J1362-001-01,14-12-15-1601,,PIPNG,Drawings,Isometrics,package b schdule.xls,,5,5,high,Lists_MTOs_BOMs,4
UPDATION OF EXISTING ISOMETRICS AT TIE-IN POINTS FROM WELL HEAD TO ASAB RDS5,6569-20-400-J1362-002-01,14-15-15-1601,,PIPNG,Drawings,Isometrics,package b schdule.xls,,5,5,high,Lists_MTOs_BOMs,4
UPDATION OF EXISTING ISOMETRICS AT TIE-IN POINTS FROM WELL HEAD TO ASAB RDS6,6569-20-400-J1362-003-01,14-16-15-1601,,PIPNG,Drawings,Isometrics,package b schdule.xls,,5,5,high,Lists_MTOs_BOMs,4
LINE LIST FOR WELLS ASAB,6569-20-400-M1360-001-01,14-99-17-1601,,PIPNG,Documents,Lists_MTOs_BOMs,package b schdule.xls,,8,5,high,CRS,0
LINE LIST FOR WELLS ASAB,6569-20-400-M1360-002-01,14-12-17-1601,,PIPNG,Documents,Lists_MTOs_BOMs,package b schdule.xls,,8,5,high,CRS,0
LINE LIST FOR WELLS ASAB,6569-20-400-M1360-003-01,14-15-17-1601,,PIPNG,Documents,Lists_MTOs_BOMs,package b schdule.xls,,8,5,high,CRS,0
LINE LIST FOR WELLS ASAB,6569-20-400-M1360-004-01,14-16-17-1601,,PIPNG,Documents,Lists_MTOs_BOMs,package b schdule.xls,,8,5,high,CRS,0
INSTRUMENT INDEX -   RDS-2,6569-20-400-S1371-001-01,14-12-48-1602,,INST,Documents,Lists_MTOs_BOMs,package b schdule.xls,INST,3,3,medium,CRS,0
INSTRUMENT INDEX ASAB AREA RDS-5,6569-20-400-S1371-002-01,14-15-48-1602,1,INST,Documents,Lists_MTOs_BOMs,package b schdule.xls,INST,3,3,medium,CRS,0
INSTRUMENT INDEX -   RDS-6,6569-20-400-S1371-003-01,14-16-48-1602,,INST,Documents,Lists_MTOs_BOMs,package b schdule.xls,INST,3,3,medium,CRS,0
I/O LIST (WELL HEAD AREA) -   RDS-2,6569-20-400-S1371-004-01,14-12-48-1603,,INST,Documents,Lists_MTOs_BOMs,package b schdule.xls,,8,5,high,CRS,0
I/O LIST (WELL HEAD AREA) -   RDS-5,6569-20-400-S1371-005-01,14-15-48-1603,,INST,Documents,Lists_MTOs_BOMs,package b schdule.xls,,8,5,high,CRS,0
I/O LIST (WELL HEAD AREA) -   RDS-6,6569-20-400-S1371-006-01,14-16-48-1603,,INST,Documents,Lists_MTOs_BOMs,package b schdule.xls,,8,5,high,CRS,0
I/O LIST (F&G) -   RDS-2,6569-20-400-S1371-007-01,14-12-48-1604,,INST,Documents,Lists_MTOs_BOMs,package b schdule.xls,HSE,8,5,high,CRS,0
I/O LIST (F&G) -   RDS-5,6569-20-400-S1371-008-01,14-15-48-1604,1,INST,Documents,Lists_MTOs_BOMs,package b schdule.xls,HSE,8,5,high,CRS,0
I/O LIST (F&G) -   RDS-6,6569-20-400-S1371-009-01,14-16-48-1604,,INST,Documents,Lists_MTOs_BOMs,package b schdule.xls,HSE,8,5,high,CRS,0
INSTRUMENT JUNCTION BOX SCHEDULE -   RDS-2,6569-20-400-S1378-001-01,14-12-48-1605,,INST,Drawings,Drawings,package b schdule.xls,INST,3,3,medium,Lists_MTOs_BOMs,2
INSTRUMENT JUNCTION BOX SCHEDULE -   RDS-5,6569-20-400-S1378-002-01,14-15-48-1605,,INST,Drawings,Drawings,package b schdule.xls,INST,3,3,medium,Lists_MTOs_BOMs,2
INSTRUMENT JUNCTION BOX SCHEDULE -   RDS-6,6569-20-400-S1378-003-01,14-16-48-1605,,INST,Drawings,Drawings,package b schdule.xls,INST,3,3,medium,Lists_MTOs_BOMs,2
INSTRUMENT CABLE SCHEDULE -   RDS-2,6569-20-400-S1378-004-01,14-12-48-1606,,INST,Documents,Lists_MTOs_BOMs,package b schdule.xls,INST,2,2,low,CRS,0
INSTRUMENT CABLE SCHEDULE -   RDS-5,6569-20-400-S1378-005-01,14-15-48-1606,,INST,Documents,Lists_MTOs_BOMs,package b schdule.xls,INST,2,2,low,CRS,0
INSTRUMENT CABLE SCHEDULE -   RDS-6,6569-20-400-S1378-006-01,14-16-48-1606,,INST,Documents,Lists_MTOs_BOMs,package b schdule.xls,INST,2,2,low,CRS,0
INSTRUMENT CABLE SCHEDULE - CDS / SY - WDW,6569-20-400-S1378-007-01,29-01-18-1742,,INST,Documents,Lists_MTOs_BOMs,package b schdule.xls,INST,2,2,low,CRS,0
INSTRUMENT CABLE SCHEDULE - MSM - CDS,6569-20-400-S1378-008-01,29-01-18-1743,,INST,Documents,Lists_MTOs_BOMs,package b schdule.xls,INST,2,2,low,CRS,0
CALCULATIONS FOR MISCELLANEOUS PALTFORMS IN WELLHEADS FOR SHAH FIELD,6569-30-100-C1320-001-01,29-70-83-1609,,CIVIL,Documents,Calculations,package b schdule.xls,,5,5,high,CRS,0
CALCULATIONS FOR WINDSOCK SUPPORT POST FOUNDATION FOR WELLHEAD FOR SHAH FIELD,6569-30-100-C1323-001-01,29-70-83-1611,,CIVIL,Documents,Calculations,package b schdule.xls,CIVIL,5,5,high,Drawings,4
CALCULATIONS FOR WINDSOCK SUPPORT POST FOUNDATION FOR WELLHEAD,6569-30-100-C1323-002-01,29-70-83-1612,,CIVIL,Documents,Calculations,package b schdule.xls,CIVIL,5,5,high,Drawings,4
CALCULATIONS FOR FOUNDATION WHHP SHED FOR WELLHEADS,6569-30-100-C1323-003-01,29-70-83-1613,,CIVIL,Documents,Calculations,package b schdule.xls,CIVIL,5,5,high,Drawings,4
CALCULATIONS FOR FOUNDATION RTU SHELTER,6569-30-100-C1323-004-01,29-70-83-1614,,CIVIL,Documents,Calculations,package b schdule.xls,CIVIL,5,5,high,Drawings,4
"CALCULATIONS FOR FOUNDATION FOR CROSSOVER TYPE 1, 2 & 3 FOR WELLHEADS  FOR SHAH FIELD",6569-30-100-C1323-005-01,29-70-83-1615,,CIVIL,Documents,Calculations,package b schdule.xls,CIVIL,5,5,high,Drawings,4
CALCULATIONS FOR FOUNDATION OF SUPPORT STRUCTURE SOLAR POWER SYSTEM,6569-30-100-C1323-006-01,29-70-83-1616,,CIVIL,Documents,Calculations,package b schdule.xls,CIVIL,5,5,high,Drawings,4
CALCULATIONS FOR FOUNDATION FOR  MISCELLANEOUS PALTFORMS IN WELLHEADS FOR SHAH FIELD,6569-30-100-C1323-007-01,29-70-83-1617,,CIVIL,Documents,Calculations,package b schdule.xls,CIVIL,5,5,high,Drawings,4
CALCULATIONS FOR FOUNDATION FOR NITROGEN CYLINDER SHED IN WELLHEADS,6569-30-100-C1323-008-01,29-70-83-1618,,CIVIL,Documents,Calculations,package b schdule.xls,CIVIL,5,5,high,Drawings,4
CALCULATIONS FOR FOUNDATION FOR CROSSOVER TYPE 4 FOR WELLHEADS FOR SHAH FIELD,6569-30-100-C1323-009-01,29-70-83-1619,,CIVIL,Documents,Calculations,package b schdule.xls,CIVIL,5,5,high,Drawings,4
CALCULATIONS FOR FOUNDATION FOR  MISCELLANEOUS PALTFORMS IN WELLHEADS  FOR SHAH FIELD,6569-30-100-C1323-010-01,29-70-83-1620,,CIVIL,Documents,Calculations,package b schdule.xls,CIVIL,5,5,high,Drawings,4
CALCULATION FOR PASSIVE COOL SHELTER FOUNDATION,6569-30-100-C1323-011-01,29-70-83-1621,,CIVIL,Documents,Calculations,package b schdule.xls,CIVIL,5,5,high,Drawings,4
CALCULATION FOR POWER SKID FOR SHAH FIELD,6569-30-100-C1323-012-01,29-70-83-1622,,CIVIL,Documents,Calculations,package b schdule.xls,,5,5,high,CRS,0
TYPICAL DESIGN CALCULATIONS FOR PIPE SUPPORTS IN WELL HEAD AREA  FOR SHAH FIELD,6569-30-100-C1323-013-01,29-70-83-1623,,CIVIL,Drawings,Drawings,package b schdule.xls,,6,4,medium,Calculations,5
CALCULATIONS FOR WHHP SHED FOR WELLHEADS,6569-30-100-C1330-001-01,29-70-83-1602,,CIVIL,Documents,Calculations,package b schdule.xls,,5,5,high,CRS,0
CALCULATIONS FOR CROSSOVER TYPE 1A  1B AND 1C FOR WELLHEADS SHAH FIELD,6569-30-100-C1330-002-01,29-70-83-1603,,CIVIL,Documents,Calculations,package b schdule.xls,,5,5,high,CRS,0
CALCULATIONS FOR CROSSOVER TYPE 2 & 3 FOR WELLHEADS FOR SHAH FIELD,6569-30-100-C1330-003-01,29-70-83-1604,,CIVIL,Documents,Calculations,package b schdule.xls,,5,5,high,CRS,0
CALCULATIONS FOR CROSSOVER TYPE 4 FOR WELLHEADS FOR SHAH FIELD,6569-30-100-C1330-004-01,29-70-83-1605,,CIVIL,Documents,Calculations,package b schdule.xls,,5,5,high,CRS,0
CALCULATIONS FOR WINDSOCK SUPPORT POST FOR WELLHEADS,6569-30-100-C1330-005-01,29-70-83-1607,,CIVIL,Documents,Calculations,package b schdule.xls,,5,5,high,CRS,0
CALCULATIONS OF VENT STACK SUPPORT & LADDER WELLHEADS,6569-30-100-C1330-006-01,29-70-83-1608,,CIVIL,Documents,Calculations,package b schdule.xls,,5,5,high,CRS,0
CALCULATIONS FOR MISCELLANEOUS PALTFORMS IN WELLHEADS,6569-30-100-C1330-007-01,29-70-83-1610,,CIVIL,Documents,Calculations,package b schdule.xls,,5,5,high,CRS,0
CALCULATIONS FOR WINDSOCK SUPPORT POST FOR WELLHEADS FOR SHAH FIELD,6569-30-100-C1338-001-01,29-70-83-1606,,CIVIL,Documents,Calculations,package b schdule.xls,,5,5,high,CRS,0
MECHANICAL DESIGN REPORT FOR SHAH FIELD,6569-30-100-C1366-001-01,29-76-23-1601,1,PIPNG,Documents,Reports,package b schdule.xls,MECH,5,5,high,CRS,0
PIPE SUPPORTS TYPICAL FOUNDATION DETAILS FOR WELLHEADS,6569-30-100-D1310-001-01,29-70-76-1610,2,CIVIL,Drawings,Drawings,package b schdule.xls,CIVIL,12,4,medium,CRS,0
TYPICAL DETAILS FOUNDATION PLAN AND RC  DETAILS WINDSOCK SUPPORT POST FOR WELLHEADS,6569-30-100-D1316-001-01,29-70-76-1612,1,CIVIL,Drawings,Drawings,package b schdule.xls,CIVIL,10,4,medium,Procedures_Plans,3
TYPICAL DETAILS GA & STRUCTURAL DETAILS FOR PLATFORM TYPE 1 & 2 FOR WELLHEADS,6569-30-100-D1320-001-01,29-70-76-1608,2,CIVIL,Drawings,Drawings,package b schdule.xls,CIVIL,9,3,medium,CRS,0
TYPICAL DETAILS GA & DETAILS OF FOUNDATION MISCELLANEOUS PLATFORM,6569-30-100-D1320-002-01,29-70-76-1625,1,CIVIL,Drawings,Drawings,package b schdule.xls,CIVIL,10,4,medium,CRS,0
TYPICAL DETAILS FOUNDATION DETAILS OF PIPE SUPPORTS FOR WELLHEADS,6569-30-100-D1323-001-01,29-70-76-1611,,CIVIL,Drawings,Drawings,package b schdule.xls,CIVIL,14,4,medium,CRS,0
TYPICAL DETAILS GA AND DETAILS OF FOUNDATION WHHP SHED FOR WELLHEADS,6569-30-100-D1323-002-01,29-70-76-1614,,CIVIL,Drawings,Drawings,package b schdule.xls,CIVIL,10,4,medium,CRS,0
TYPICAL DETAILS GA & DETAIL OF FOUNDATION FOR CROSSOVER TYPE 1 2 3 AND 4 FOR WELLHEADS,6569-30-100-D1323-003-01,29-70-76-1615,1,CIVIL,Drawings,Drawings,package b schdule.xls,CIVIL,10,4,medium,CRS,0
TYPICAL DETAILS GA AND DETAILS OF FOUNDATION RTU SHELTER,6569-30-100-D1323-004-01,29-70-76-1616,,CIVIL,Drawings,Drawings,package b schdule.xls,CIVIL,10,4,medium,CRS,0
"TYPICAL DETAILS GA AND DETAILS OF FOUNDATION FOR CROSSOVER TYPE 1, 2 & 3 FOR WELLHEADS",6569-30-100-D1323-005-01,29-70-76-1617,,CIVIL,Drawings,Drawings,package b schdule.xls,CIVIL,10,4,medium,CRS,0
TYPICAL DETAILS  FOUNDATION PLAN FOR SUPPORT STRUCTURE SOLAR POWER SYSTEM,6569-30-100-D1323-006-01,29-70-76-1618,,CIVIL,Drawings,Drawings,package b schdule.xls,CIVIL,8,4,medium,Procedures_Plans,3
TYPICAL DETAILS FOUNDATION DETAILS FOR VENT STACK SUPPORT FOR WELLHEADS,6569-30-100-D1323-007-01,29-70-76-1619,,CIVIL,Drawings,Drawings,package b schdule.xls,CIVIL,10,4,medium,CRS,0
TYPICAL DETAILS GA AND DETAILS OF FOUNDATION AND GRADE SLAB FOR RTU SHED,6569-30-100-D1323-008-01,29-70-76-1621,,CIVIL,Drawings,Drawings,package b schdule.xls,CIVIL,10,4,medium,CRS,0
TYPICAL DETAILS GA AND DETAILS OF FOUNDATION AND GRADE SLAB FOR NITROGEN CYLINDER SHED IN WELLHEADS,6569-30-100-D1323-009-01,29-70-76-1622,,CIVIL,Drawings,Drawings,package b schdule.xls,CIVIL,10,4,medium,CRS,0
TYPICAL DETAILS GA DETAILS OF FOUNDATION FOR CROSSOVER TYPE 4 FOR WELLHEADS,6569-30-100-D1323-010-01,29-70-76-1623,,CIVIL,Drawings,Drawings,package b schdule.xls,CIVIL,10,4,medium,CRS,0
TYPICAL DETAILS GA AND DETAILS OF FOUNDATION FOR  MISCELLANEOUS PALTFORMS IN WELLHEADS FOR SHAH FIELD,6569-30-100-D1323-011-01,29-70-76-1625,,CIVIL,Drawings,Drawings,package b schdule.xls,CIVIL,10,4,medium,CRS,0
"DETAILS FOR CROSSOVERS, PIPE SUPPORTS AND PLATFORMS FOR WELLHEAD SY- 87",6569-30-100-D1323-012-01,29-70-76-1626,,CIVIL,Drawings,Drawings,package b schdule.xls,,6,4,medium,CRS,0
"DETAILS FOR CROSSOVERS, PIPE SUPPORTS AND PLATFORMS FOR WELLHEAD SY- 105",6569-30-100-D1323-013-01,29-70-76-1627,,CIVIL,Drawings,Drawings,package b schdule.xls,,6,4,medium,CRS,0
"DETAILS FOR CROSSOVERS, PIPE SUPPORTS AND PLATFORMS FOR WELLHEAD SY- 93",6569-30-100-D1323-014-01,29-70-76-1628,,CIVIL,Drawings,Drawings,package b schdule.xls,,6,4,medium,CRS,0
"DETAILS FOR CROSSOVERS, PIPE SUPPORTS AND PLATFORMS FOR WELLHEAD SY- 88",6569-30-100-D1323-015-01,29-70-76-1629,,CIVIL,Drawings,Drawings,package b schdule.xls,,6,4,medium,CRS,0
LAYOUT AND DETAILS OF POWER SKID FOUNDATION FOR SHAH FIELD,6569-30-100-D1323-016-01,29-70-76-1630,,CIVIL,Drawings,Drawings,package b schdule.xls,CIVIL,11,5,high,CRS,0
"TYPICAL DETAILS GA & STRUCTURAL DETAILS FOR CROSSOVER TYPE 1A , 1B & 1C  FOR WELLHEADS",6569-30-100-D1330-001-01,29-70-76-1601,2,CIVIL,Drawings,Drawings,package b schdule.xls,CIVIL,9,3,medium,CRS,0
TYPICAL DETAILS FOR CHEMICAL INJECTION FOUNDATION,6569-30-100-D1330-002-01,29-70-76-1602,,CIVIL,Drawings,Drawings,package b schdule.xls,CIVIL,8,4,medium,CRS,0
TYPICAL DETAILS GA AND STRUCTURAL DETAILS CROSSOVER TYPE 2 & 3 FOR WELLHEADS,6569-30-100-D1330-003-01,29-70-76-1603,,CIVIL,Drawings,Drawings,package b schdule.xls,CIVIL,9,3,medium,CRS,0
TYPICAL DETAILS GA AND STRUCTURE DETAILS CROSSOVER TYPE 4 FOR WELLHEADS,6569-30-100-D1330-004-01,29-70-76-1604,,CIVIL,Drawings,Drawings,package b schdule.xls,,6,2,low,CRS,0
TYPICAL DETAILS GA AND STRUCTURAL DETAILS WINDSOCK SUPPORT POST FOR WELLHEADS,6569-30-100-D1330-005-01,29-70-76-1606,,CIVIL,Drawings,Drawings,package b schdule.xls,CIVIL,9,3,medium,CRS,0
TYPICAL DETAILS GA OF VENT STACK SUPPORT & LADDER WELLHEADS,6569-30-100-D1330-006-01,29-70-76-1607,,CIVIL,Drawings,Drawings,package b schdule.xls,,8,4,medium,CRS,0
TYPICAL DETAILS GA AND STRUCTURAL DETAILS MISCELLANEOUS PALTFORMS IN WELLHEADS,6569-30-100-D1330-007-01,29-70-76-1609,,CIVIL,Drawings,Drawings,package b schdule.xls,CIVIL,9,3,medium,CRS,0
TYPICAL DETAILS FOUNDATION PLAN AND RC DETAILS WINDSOCK SUPPORT POST FOR WELLHEAD,6569-30-100-D1330-008-01,29-70-76-1613,,CIVIL,Drawings,Drawings,package b schdule.xls,CIVIL,10,4,medium,Procedures_Plans,3
TYPICAL DETAILS OF PROTECTIVE PIPE BARRIER FOR WELLHEADS AREA,6569-30-100-D1330-009-01,29-70-76-1620,,CIVIL,Drawings,Drawings,package b schdule.xls,,4,2,low,CRS,0
MISCELLANOUS PLATFORM DETAIS IN WELLHEADS FOR SHAH FIELD,6569-30-100-D1330-010-01,29-70-76-1624,,CIVIL,Drawings,Drawings,package b schdule.xls,,2,2,low,CRS,0
TYPICAL DETAILS GA & STRUCTURAL DETAILS WINDSOCK SUPPORT POST FOR WELLHEADS,6569-30-100-D1338-001-01,29-70-76-1605,1,CIVIL,Drawings,Drawings,package b schdule.xls,CIVIL,9,3,medium,CRS,0
TYPICAL DESIGN CALCULATIONS FOR PIPE SUPPORTS IN WELL HEAD AREA  FOR SHAH FIELD,6569-30-100-D1338-002-01,29-70-83-1601,,CIVIL,Drawings,Drawings,package b schdule.xls,,6,4,medium,Calculations,5
ICSS SYSTEM ARCHITECTURE DIAGRAM - SHAH AREA,6569-30-100-D1371-001-01,29-99-52-1601,,INST,Drawings,Drawings,package b schdule.xls,,7,4,medium,CRS,0
TYPICAL INSTRUMENT INSTALLATION DRAWINGS - SHAH AREA,6569-30-100-D1378-001-01,29-99-46-1601,,INST,Drawings,Drawings,package b schdule.xls,INST,9,4,medium,CRS,0
INSTRUMENT PROCESS AND PNEUMATIC HOOK UP DRAWINGS SHAH AREA,6569-30-100-D1378-002-01,29-99-46-1602,1,INST,Drawings,Drawings,package b schdule.xls,INST,11,4,medium,CRS,0
HAZARDOUS AREA CLASSIFICATION SCHEDULE –TYPICAL (SHAH AREA),6569-30-100-M1240-001-01,29-71-91-1602,1,ENGG HSE,Drawings,Drawings,package b schdule.xls,,5,3,medium,Lists_MTOs_BOMs,2
SITE SURVEY / FIELD SURVEY REPORT -  SHAH,6569-30-100-M1360-001-01,29-99-23-1601,,PIPNG,Documents,Reports,package b schdule.xls,,5,5,high,CRS,0
PIPING SPECIALITY ITEM LIST FOR QUSAHWIRA FIELD,6569-30-100-M1360-002-01,58-99-23-1602,1,PIPNG,Documents,Lists_MTOs_BOMs,package b schdule.xls,PIPNG,3,3,medium,CRS,0
CRITICAL LINE LIST FOR SHAH FIELD,6569-30-100-M1362-001-01,29-99-17-1602,,PIPNG,Documents,Lists_MTOs_BOMs,package b schdule.xls,,8,5,high,CRS,0
PIPING SPECIALITY ITEM LIST FOR SHAH FIELD,6569-30-100-M1362-002-01,29-99-23-1602,1,PIPNG,Documents,Lists_MTOs_BOMs,package b schdule.xls,PIPNG,3,3,medium,CRS,0
PIPING STRESS ANALYSIS AND REPORTS FOR SHAH FIELD,6569-30-100-M1362-003-01,29-99-23-1630,,PIPNG,Documents,Calculations,package b schdule.xls,PIPNG,4,4,medium,CRS,0
MATERIAL TAKE-OFFS FOR SHAH FIELD INCLUDING CDS/RDS-1/RDS-2,6569-30-100-M1364-001-01,29-99-19-1601,1,PIPNG,Documents,Lists_MTOs_BOMs,package b schdule.xls,,8,4,medium,CRS,0
BOQ FOR SHAH FIELD,6569-30-100-Q1310-001-01,29-99-77-1601,,CIVIL,Documents,Lists_MTOs_BOMs,package b schdule.xls,,5,5,high,CRS,0
SCHEDULE AND BILL OF QUANTITY FOR CROSSOVER FOR EP SCOPE OF WELLHEADS,6569-30-100-Q1330-001-01,29-70-77-1601,,CIVIL,Documents,Lists_MTOs_BOMs,package b schdule.xls,,2,2,low,CRS,0
SCHEDULE AND BILL OF QUANTITY FOR MISCELLANEOUS PLATFORMS EP SCOPE OF WELLHEADS,6569-30-100-Q1336-001-01,29-70-77-1603,,CIVIL,Documents,Lists_MTOs_BOMs,package b schdule.xls,,2,2,low,CRS,0
SCHEDULE AND BILL OF QUANTITY FOR CS TYPE PIPE SUPPORTS FOR EP SCOPE OF WELLHEADS,6569-30-100-Q1338-001-01,29-70-77-1602,,CIVIL,Drawings,Drawings,package b schdule.xls,,4,4,medium,Lists_MTOs_BOMs,2
SCHEDULE AND BILL OF QUANTITY FOR PIPE SUPPORT FOUNDATION FOR EP SCOPE OF WELLHEADS,6569-30-100-Q1338-002-01,29-70-77-1604,,CIVIL,Drawings,Drawings,package b schdule.xls,CIVIL,8,4,medium,Lists_MTOs_BOMs,2
"REQUISITION FOR TOPOGRAPHICAL, UNDERGROUND DETECTION & PIPELINE SURVEY FOR SHAH",6569-30-100-R1311-001-01,29-99-83-1603,1,CIVIL,Documents,Documents,package b schdule.xls,,5,5,high,Reports,4
RFQ FOR GEOTECHNICAL INVESTIGATION REPORT FOR NEW WELLS FOR SHAH FIELD.,6569-30-100-R1311-002-01,29-99-91-1601,1,CIVIL,Documents,Reports,package b schdule.xls,,9,5,high,Documents,4
MR FOR MODIFICATION SCOPE OF WORK FOR ICSS SYSTEM - SHAH AREA,6569-30-100-R2171-001-01,29-99-52-1602,,INST,Documents,Documents,package b schdule.xls,,4,4,medium,Reports,4
DATA SHEETS FOR MANUAL VALVES (SHAH),6569-30-100-S1362-001-01,29-99-18-1601,2,PIPNG,Documents,Datasheets,package b schdule.xls,,5,5,high,Documents,5
RFQ FOR GRE VENDOR FOR DESIGN EXECUTION AND MATERIAL SUPPLY,6569-30-100-S1366-001-01,30-78-12-1607,1,PIPNG,Documents,Documents,package b schdule.xls,,4,4,medium,Procedures_Plans,3
MODIFICATION SCOPE OF WORK FOR ICSS SYSTEM - SHAH AREA,6569-30-100-S1371-001-01,29-99-39-1601,1,INST,Documents,Reports,package b schdule.xls,,4,4,medium,CRS,0
DATA SHEET FOR PRESSURE GAUGES - SHAH AREA,6569-30-100-S1373-001-01,29-99-40-1601,1,INST,Documents,Datasheets,package b schdule.xls,,5,5,high,CRS,0
DATA SHEET FOR PRESSURE INDICATING TRANSMITTER - SHAH AREA,6569-30-100-S1373-002-01,29-99-40-1602,1,INST,Documents,Datasheets,package b schdule.xls,,5,5,high,CRS,0
DATA SHEET FOR TEMPERATURE TRANSMITTER - SHAH AREA,6569-30-100-S1373-003-01,29-99-40-1604,1,INST,Documents,Datasheets,package b schdule.xls,,5,5,high,CRS,0
DATA SHEET FOR MAGNETIC FLOWMETER - SHAH AREA,6569-30-100-S1373-004-01,29-99-40-1606,1,INST,Documents,Datasheets,package b schdule.xls,,5,5,high,CRS,0
DATA SHEET FOR VARIABLE AREA FLOWMETER - SHAH AREA,6569-30-100-S1373-005-01,29-99-40-1605,1,INST,Documents,Datasheets,package b schdule.xls,,5,5,high,CRS,0
INSTRUMENT ENGINEERING SHEETS SHAH AREA PRESSURE INSTRUMENTS,6569-30-100-S1373-006-01,29-99-51-1601,A,INST,Documents,Datasheets,package b schdule.xls,INST,4,4,medium,CRS,0
INSTRUMENT ENGINEERING SHEET FOR TEMPERATURE - SHAH AREA,6569-30-100-S1373-007-01,29-99-51-1602,A,INST,Documents,Datasheets,package b schdule.xls,INST,4,4,medium,CRS,0
INSTRUMENT ENGINEERING SHEETS QUSAHWIRA AREA FLOW INSTRUMENTS,6569-30-100-S1373-008-01,29-99-51-1603,A,INST,Documents,Datasheets,package b schdule.xls,INST,4,4,medium,CRS,0
INSTRUMENT ENGINEERING SHEET FOR MISC. INTRUMENTS - SHAH AREA,6569-30-100-S1373-009-01,29-99-51-1604,1,INST,Documents,Datasheets,package b schdule.xls,INST,4,4,medium,CRS,0
DATA SHEET FOR TEMPERATURE GAUGES & THERMOWELL - SHAH AREA,6569-30-100-S1373-010-01,29-99-40-1603,A,INST,Documents,Datasheets,package b schdule.xls,,5,5,high,CRS,0
DATA SHEET FOR SURFACE SAFETY VALVES - SHAH,6569-30-100-S1374-001-01,29-99-40-1610,1,INST,Documents,Datasheets,package b schdule.xls,HSE,5,5,high,CRS,0
DATA SHEET FOR CONTROL VALVES - SHAH AREA,6569-30-100-S1374-002-01,29-99-40-1611,1,INST,Documents,Datasheets,package b schdule.xls,,5,5,high,CRS,0
"SPECIFICATION FOR INSTRUMENT BULK MATERIAL (JUNCTION BOXES,TUBE/FITTINGS, CABLE TRAYS) – SHAH AREA",6569-30-100-S1378-001-01,29-99-39-1604,1,INST,Documents,Specifications,package b schdule.xls,INST,5,5,high,Drawings,3
SPECIFICATION FOR INSTRUMENT INSTALLATION - SHAH AREA,6569-30-100-S1378-002-01,29-99-39-1606,1,INST,Documents,Specifications,package b schdule.xls,INST,5,5,high,CRS,0
SPECIFICATION FOR INSTRUMENTS CABLES - SHAH AREA,6569-30-100-S1378-003-01,29-99-39-1605,1,INST,Documents,Specifications,package b schdule.xls,INST,5,5,high,CRS,0
DATA SHEET FOR FIRE & GAS DETECTORS AND DEVICES - SHAH AREA,6569-30-100-S1379-001-01,29-99-40-1613,1,INST,Documents,Datasheets,package b schdule.xls,HSE,5,5,high,CRS,0
SPECIFICATIONS FOR OIL CORROSION INHIBITOR INJECTION PACKAGES (SHAH WELL HEADS),6569-30-100-S1392-001-01,29-99-24-1601,B,PACKAGE EQUIP,Documents,Specifications,package b schdule.xls,,5,5,high,CRS,0
DATA SHEET FOR WELL HEAD  OIL CORROSION INHIBITOR PACKAGES (SHAH AREA),6569-30-100-S1392-002-01,29-99-27-1601,B,PACKAGE EQUIP,Documents,Datasheets,package b schdule.xls,,5,5,high,CRS,0
TOPOGRAPHIC SURVEY REPORT,6569-30-100-T1311-001-01,29-99-83-1601,,CIVIL,Documents,Reports,package b schdule.xls,,9,5,high,CRS,0
GEOTECHNICAL INVESTIGATION REPORT FOR NEW WELLS FOR SHAH FIELD.,6569-30-100-T1311-002-01,29-99-83-1602,,CIVIL,Documents,Reports,package b schdule.xls,,9,5,high,CRS,0
TBE FOR TOPOGRAPHIC SURVEY REPORT FOR SHAH FIELD.,6569-30-100-T1311-003-01,29-99-83-1604,,CIVIL,Documents,Reports,package b schdule.xls,,13,5,high,CRS,0
TBE FOR GEOTECHNICAL INVESTIGATION REPORT FOR NEW WELLS FOR SHAH FIELD.,6569-30-100-T1311-004-01,29-99-83-1605,,CIVIL,Documents,Reports,package b schdule.xls,,13,5,high,CRS,0
"TBE FOR GRE VENDOR FOR DESIGN, EXECUTION AND MATERIAL SUPPLY",6569-30-100-T1366-001-01,30-78-23-1608,,PIPNG,Documents,Reports,package b schdule.xls,,4,4,medium,Procedures_Plans,3
TBE FOR CHAIN HOIST,6569-30-100-T13Z0-001-01,30-99-31-1604,,PACKAGE EQUIP,Documents,Reports,package b schdule.xls,,4,4,medium,CRS,0
TBE FOR MODIFICATION SCOPE OF WORK FOR ICSS SYSTEM - SHAH AREA,6569-30-100-T2171-001-01,29-99-52-1603,,INST,Documents,Reports,package b schdule.xls,,8,4,medium,CRS,0
P&ID - CONSTRUCTION SINGLE COMPLETION OIL WELL : SB 014 ASAB,6569-30-200-D1225-001-01,14-71-08-1662,A,PROC,Drawings,Drawings,package b schdule.xls,PROC,5,5,high,CRS,0
MTO FOR PIPELINE BULK ITEMS FOR SHAH FIELD,6569-30-210-B1366-001-01,29-99-19-1603,,PIPNG,Documents,Lists_MTOs_BOMs,package b schdule.xls,,5,5,high,CRS,0
INSTRUMENT BULK MTO - SY-86  WELL,6569-30-210-B1378-001-01,29-71-48-1601,A,INST,Documents,Lists_MTOs_BOMs,package b schdule.xls,INST,5,5,high,CRS,0
"MTO FOR POWER, CONTROL AND EARTHING CABLES - ARTIFICIAL OP WELL",6569-30-210-B1382-001-01,29-71-63-1602,,ELEC,Documents,Lists_MTOs_BOMs,package b schdule.xls,ELEC,5,5,high,CRS,0
MTO FOR ELECTRICAL BULK MATERIAL - ARTIFICIAL OP WELL,6569-30-210-B1382-002-01,29-71-63-1603,,ELEC,Documents,Lists_MTOs_BOMs,package b schdule.xls,,5,5,high,CRS,0
MTO FOR EARTHING MATERIAL - ARTIFICIAL OP WELL,6569-30-210-B1384-001-01,29-71-63-1604,,ELEC,Documents,Lists_MTOs_BOMs,package b schdule.xls,ELEC,5,5,high,CRS,0
PIPELINE UPHEAVAL BUCKLING ANALYSIS FOR SHAH FIELD,6569-30-210-C1366-002-01,29-76-23-1602,,PIPNG,Documents,Calculations,package b schdule.xls,,5,5,high,CRS,0
CABLE SIZING CALCULATION - ARTIFICIAL OIL PRODUCING WELL,6569-30-210-C1382-001-01,29-71-67-1602,,ELEC,Documents,Calculations,package b schdule.xls,,8,5,high,CRS,0
PROCESS FLOW DIAGRAM - ARTIFICIAL LIFT OIL WELL (WELL-XXX 7 NOS.)  TO NEW MSM-XXX - SHAH,6569-30-210-D1223-001-01,29-71-08-1601,,PROC,Drawings,Drawings,package b schdule.xls,PROC,8,4,medium,CRS,0
PROCESS FLOW DIAGRAM - ARTIFICIAL LIFT OIL WELL (WELL-XXX 7 NOS.)  TO NEW MSM-XXX - SHAH,6569-30-210-D1223-002-01,29-71-08-1602,,PROC,Drawings,Drawings,package b schdule.xls,PROC,8,4,medium,CRS,0
PROCESS FLOW DIAGRAM - ARTIFICIAL LIFT OIL WELL (WELL-XXX 7 NOS.)  TO NEW MSM-XXX - SHAH,6569-30-210-D1223-003-01,29-71-08-1603,,PROC,Drawings,Drawings,package b schdule.xls,PROC,8,4,medium,CRS,0
PROCESS FLOW DIAGRAM –INLET MANIFOLD & TESTING MEETING (NEW SYSTEM) - SHAH RDS-1,6569-30-210-D1223-004-01,29-11-08-1607,,PROC,Drawings,Drawings,package b schdule.xls,PROC,8,4,medium,CRS,0
PIPING & INSTRUMENT DIAGRAM (TIE-IN) - ARTIFICIAL LIFT OIL WELL SY-87,6569-30-210-D1225-001-01,29-71-08-1625,,PROC,Drawings,Drawings,package b schdule.xls,INST,9,5,high,Lists_MTOs_BOMs,4
PIPING & INSTRUMENT DIAGRAM (TIE-IN) - ARTIFICIAL LIFT OIL WELL SY-88 - SHAH CDS,6569-30-210-D1225-004-01,29-71-08-1607,,PROC,Drawings,Drawings,package b schdule.xls,INST,9,5,high,Lists_MTOs_BOMs,4
PIPING & INSTRUMENT DIAGRAM (TIE-IN) - ARTIFICIAL LIFT OIL WELL SY-91 - SHAH RDS-2,6569-30-210-D1225-007-01,29-71-08-1631,,PROC,Drawings,Drawings,package b schdule.xls,INST,9,5,high,Lists_MTOs_BOMs,4
TYPICAL PIPING & INSTRUMENT DIAGRAM FOR CHEMICAL INJECTION PACKAGE-SHAH ESP WELLS,6569-30-210-D1225-021-01,29-71-08-1624,,PROC,Drawings,Drawings,package b schdule.xls,INST,11,5,high,CRS,0
P&ID –OIL PRODUCER WELLHEAD SY-087 SHAH,6569-30-210-D1225-023-01,29-71-08-1604,,PROC,Drawings,Drawings,package b schdule.xls,PROC,5,5,high,CRS,0
P&ID – OIL PRODUCER WELLHEAD SY-108 SHAH,6569-30-210-D1225-024-01,29-71-08-1605,,PROC,Drawings,Drawings,package b schdule.xls,PROC,5,5,high,CRS,0
P&ID – OIL PRODUCER WELLHEAD SY-089 SHAH,6569-30-210-D1225-025-01,29-71-08-1608,,PROC,Drawings,Drawings,package b schdule.xls,PROC,5,5,high,CRS,0
P&ID – OIL PRODUCER WELLHEAD SY-090 SHAH,6569-30-210-D1225-026-01,29-71-08-1609,,PROC,Drawings,Drawings,package b schdule.xls,PROC,5,5,high,CRS,0
P&ID – OIL PRODUCER WELLHEAD SY-102 SHAH,6569-30-210-D1225-027-01,29-71-08-1613,,PROC,Drawings,Drawings,package b schdule.xls,PROC,5,5,high,CRS,0
P&ID – OIL PRODUCER WELLHEAD SY-094 SHAH,6569-30-210-D1225-028-01,29-71-08-1614,,PROC,Drawings,Drawings,package b schdule.xls,PROC,5,5,high,CRS,0
P&ID – OIL PRODUCER WELLHEAD SY-105 SHAH,6569-30-210-D1225-029-01,29-71-08-1615,,PROC,Drawings,Drawings,package b schdule.xls,PROC,5,5,high,CRS,0
P&ID – OIL PRODUCER WELLHEAD SY-098 SHAH,6569-30-210-D1225-030-01,29-71-08-1616,,PROC,Drawings,Drawings,package b schdule.xls,PROC,5,5,high,CRS,0
P&ID – OIL PRODUCER WELLHEAD SY-107 SHAH,6569-30-210-D1225-031-01,29-71-08-1617,,PROC,Drawings,Drawings,package b schdule.xls,PROC,5,5,high,CRS,0
P&ID-OIL PRODUCER WELLHEAD SY-096 SHAH,6569-30-210-D1225-032-01,29-12-08-1618,,PROC,Drawings,Drawings,package b schdule.xls,PROC,5,5,high,CRS,0
P&ID- OIL PRODUCER WELLHEAD SY-099 SHAH,6569-30-210-D1225-033-01,29-71-08-1619,,PROC,Drawings,Drawings,package b schdule.xls,PROC,5,5,high,CRS,0
P&ID- OIL PRODUCER WELLHEAD SY-104 SHAH,6569-30-210-D1225-034-01,29-71-08-1620,,PROC,Drawings,Drawings,package b schdule.xls,PROC,5,5,high,CRS,0
P&ID-OIL PRODUCER WELLHEAD SY-095 SHAH,6569-30-210-D1225-035-01,29-71-08-1621,,PROC,Drawings,Drawings,package b schdule.xls,PROC,5,5,high,CRS,0
P&ID-OIL PRODUCER WELLHEAD SY-101 SHAH,6569-30-210-D1225-036-01,29-01-08-1622,,PROC,Drawings,Drawings,package b schdule.xls,PROC,5,5,high,CRS,0
P&ID-OIL PRODUCER WELLHEAD SY-103 SHAH,6569-30-210-D1225-037-01,29-71-08-1623,,PROC,Drawings,Drawings,package b schdule.xls,PROC,5,5,high,CRS,0
CAUSE & EFFECT DIAGRAM SHAH ARTIFICIAL OIL WELL  SY-087,6569-30-210-D1226-001-01,29-71-42-1601,B,PROC,Drawings,Drawings,package b schdule.xls,PROC,9,5,high,CRS,0
CAUSE & EFFECT DIAGRAM SHAH ARTIFICIAL OIL WELL SY-108,6569-30-210-D1226-002-01,29-71-42-1602,B,PROC,Drawings,Drawings,package b schdule.xls,PROC,9,5,high,CRS,0
CAUSE & EFFECT DIAGRAM SHAH ARTIFICIAL OIL WELL SY-093,6569-30-210-D1226-003-01,29-71-42-1603,B,PROC,Drawings,Drawings,package b schdule.xls,PROC,9,5,high,CRS,0
CAUSE & EFFECT DIAGRAM SHAH ARTIFICIAL OIL WELL SY-088,6569-30-210-D1226-004-01,29-71-42-1604,B,PROC,Drawings,Drawings,package b schdule.xls,PROC,9,5,high,CRS,0
CAUSE & EFFECT DIAGRAM SHAH ARTIFICIAL OIL WELL SY-089,6569-30-210-D1226-005-01,29-71-42-1605,B,PROC,Drawings,Drawings,package b schdule.xls,PROC,9,5,high,CRS,0
CAUSE & EFFECT DIAGRAM SHAH ARTIFICIAL OIL WELL SY-090,6569-30-210-D1226-006-01,29-71-42-1606,B,PROC,Drawings,Drawings,package b schdule.xls,PROC,9,5,high,CRS,0
CAUSE & EFFECT DIAGRAM SHAH ARTIFICIAL OIL WELL SY-091,6569-30-210-D1226-007-01,29-71-42-1607,B,PROC,Drawings,Drawings,package b schdule.xls,PROC,9,5,high,CRS,0
CAUSE & EFFECT DIAGRAM SHAH ARTIFICIAL OIL WELL SY-100,6569-30-210-D1226-008-01,29-71-42-1608,B,PROC,Drawings,Drawings,package b schdule.xls,PROC,9,5,high,CRS,0
CAUSE & EFFECT DIAGRAM SHAH ARTIFICIAL OIL WELL SY-085,6569-30-210-D1226-009-01,29-71-42-1609,B,PROC,Drawings,Drawings,package b schdule.xls,PROC,9,5,high,CRS,0
CAUSE & EFFECT DIAGRAM SHAH ARTIFICIAL OIL WELL SY-089,6569-30-210-D1226-010-01,29-71-42-1610,B,PROC,Drawings,Drawings,package b schdule.xls,PROC,9,5,high,CRS,0
CAUSE & EFFECT DIAGRAM SHAH ARTIFICIAL OIL WELL SY-094,6569-30-210-D1226-011-01,29-71-42-1611,B,PROC,Drawings,Drawings,package b schdule.xls,PROC,9,5,high,CRS,0
CAUSE & EFFECT DIAGRAM SHAH ARTIFICIAL OIL WELL SY-105,6569-30-210-D1226-012-01,29-71-42-1612,B,PROC,Drawings,Drawings,package b schdule.xls,PROC,9,5,high,CRS,0
CAUSE & EFFECT DIAGRAM SHAH ARTIFICIAL OIL WELL SY-098,6569-30-210-D1226-013-01,29-71-42-1613,B,PROC,Drawings,Drawings,package b schdule.xls,PROC,9,5,high,CRS,0
CAUSE & EFFECT DIAGRAM SHAH ARTIFICIAL OIL WELL SY-107,6569-30-210-D1226-014-01,29-71-42-1614,B,PROC,Drawings,Drawings,package b schdule.xls,PROC,9,5,high,CRS,0
CAUSE & EFFECT DIAGRAM SHAH ARTIFICIAL OIL WELL SY-096,6569-30-210-D1226-015-01,29-71-42-1615,B,PROC,Drawings,Drawings,package b schdule.xls,PROC,9,5,high,CRS,0
CAUSE & EFFECT DIAGRAM SHAH ARTIFICIAL OIL WELL SY-099,6569-30-210-D1226-016-01,29-71-42-1616,B,PROC,Drawings,Drawings,package b schdule.xls,PROC,9,5,high,CRS,0
CAUSE & EFFECT DIAGRAM SHAH ARTIFICIAL OIL WELL  SY-104,6569-30-210-D1226-017-01,29-71-42-1617,B,PROC,Drawings,Drawings,package b schdule.xls,PROC,9,5,high,CRS,0
CAUSE & EFFECT DIAGRAM SHAH ARTIFICIAL OIL WELL SY-095,6569-30-210-D1226-018-01,29-71-42-1618,B,PROC,Drawings,Drawings,package b schdule.xls,PROC,9,5,high,CRS,0
CAUSE & EFFECT DIAGRAM SHAH ARTIFICIAL OIL WELL SY-101,6569-30-210-D1226-019-01,29-71-42-1619,B,PROC,Drawings,Drawings,package b schdule.xls,PROC,9,5,high,CRS,0
CAUSE & EFFECT DIAGRAM SHAH ARTIFICIAL OIL WELL SY-103,6569-30-210-D1226-020-01,29-71-42-1620,B,PROC,Drawings,Drawings,package b schdule.xls,PROC,9,5,high,CRS,0
LAYOUT OF SAFETY EQUIPMENT (SY-86),6569-30-210-D1241-003-01,29-71-87-1601,,ENGG HSE,Drawings,Drawings,package b schdule.xls,HSE,5,5,high,CRS,0
LAYOUT OF SAFETY EQUIPMENT (SY-87),6569-30-210-D1241-023-01,29-71-87-1602,,ENGG HSE,Drawings,Drawings,package b schdule.xls,HSE,5,5,high,CRS,0
LAYOUT OF SAFETY EQUIPMENT (Sy-93),6569-30-210-D1241-024-01,29-71-87-1603,,ENGG HSE,Drawings,Drawings,package b schdule.xls,HSE,5,5,high,CRS,0
LAYOUT OF SAFETY EQUIPMENT (SY-88),6569-30-210-D1241-025-01,29-71-87-1604,,ENGG HSE,Drawings,Drawings,package b schdule.xls,HSE,5,5,high,CRS,0
LAYOUT OF SAFETY EQUIPMENT (SY-89),6569-30-210-D1241-026-01,29-71-87-1605,,ENGG HSE,Drawings,Drawings,package b schdule.xls,HSE,5,5,high,CRS,0
LAYOUT OF SAFETY EQUIPMENT (SY-90),6569-30-210-D1241-027-01,29-71-87-1606,,ENGG HSE,Drawings,Drawings,package b schdule.xls,HSE,5,5,high,CRS,0
LAYOUT OF SAFETY EQUIPMENT (SY-91),6569-30-210-D1241-028-01,29-71-87-1607,,ENGG HSE,Drawings,Drawings,package b schdule.xls,HSE,5,5,high,CRS,0
LAYOUT OF SAFETY EQUIPMENT (SY-92),6569-30-210-D1241-029-01,29-71-87-1608,,ENGG HSE,Drawings,Drawings,package b schdule.xls,HSE,5,5,high,CRS,0
LAYOUT OF SAFETY EQUIPMENT (SY-85),6569-30-210-D1241-030-01,29-71-87-1609,,ENGG HSE,Drawings,Drawings,package b schdule.xls,HSE,5,5,high,CRS,0
LAYOUT OF SAFETY EQUIPMENT (Sy-102),6569-30-210-D1241-031-01,29-71-87-1610,,ENGG HSE,Drawings,Drawings,package b schdule.xls,HSE,5,5,high,CRS,0
LAYOUT OF SAFETY EQUIPMENT (Sy-105),6569-30-210-D1241-032-01,29-71-87-1611,,ENGG HSE,Drawings,Drawings,package b schdule.xls,HSE,5,5,high,CRS,0
LAYOUT OF SAFETY EQUIPMENT (Sy-94),6569-30-210-D1241-033-01,29-71-87-1612,,ENGG HSE,Drawings,Drawings,package b schdule.xls,HSE,5,5,high,CRS,0
LAYOUT OF SAFETY EQUIPMENT (Sy-94),6569-30-210-D1241-034-01,29-71-87-1613,,ENGG HSE,Drawings,Drawings,package b schdule.xls,HSE,5,5,high,CRS,0
LAYOUT OF SAFETY EQUIPMENT (P61LH),6569-30-210-D1241-035-01,29-71-87-1614,,ENGG HSE,Drawings,Drawings,package b schdule.xls,HSE,5,5,high,CRS,0
LAYOUT OF SAFETY EQUIPMENT (Sy-100),6569-30-210-D1241-036-01,29-71-87-1615,,ENGG HSE,Drawings,Drawings,package b schdule.xls,HSE,5,5,high,CRS,0
LAYOUT OF SAFETY EQUIPMENT (Sy-96),6569-30-210-D1241-037-01,29-71-87-1616,,ENGG HSE,Drawings,Drawings,package b schdule.xls,HSE,5,5,high,CRS,0
LAYOUT OF SAFETY EQUIPMENT (Sy-99),6569-30-210-D1241-038-01,29-71-87-1617,,ENGG HSE,Drawings,Drawings,package b schdule.xls,HSE,5,5,high,CRS,0
LAYOUT OF SAFETY EQUIPMENT (PSy-104),6569-30-210-D1241-039-01,29-71-87-1618,,ENGG HSE,Drawings,Drawings,package b schdule.xls,HSE,5,5,high,CRS,0
LAYOUT OF SAFETY EQUIPMENT (PSy-101),6569-30-210-D1241-040-01,29-71-87-1619,,ENGG HSE,Drawings,Drawings,package b schdule.xls,HSE,5,5,high,CRS,0
LAYOUT OF SAFETY EQUIPMENT (Sy-95),6569-30-210-D1241-041-01,29-71-87-1620,,ENGG HSE,Drawings,Drawings,package b schdule.xls,HSE,5,5,high,CRS,0
LAYOUT OF SAFETY EQUIPMENT (Sy-103),6569-30-210-D1241-042-01,29-71-87-1621,,ENGG HSE,Drawings,Drawings,package b schdule.xls,HSE,5,5,high,CRS,0
LAYOUT OF SAFETY SIGNS & ESCAPE ROUTES SY-105 SHAH FIELD,6569-30-210-D1241-062-01,29-71-87-1633,,ENGG HSE,Drawings,Drawings,package b schdule.xls,HSE,5,5,high,CRS,0
LAYOUT OF SAFETY SIGNS & ESCAPE ROUTES SY-102 SHAH FIELD,6569-30-210-D1241-063-01,29-71-87-1631,,ENGG HSE,Drawings,Drawings,package b schdule.xls,HSE,5,5,high,CRS,0
LAYOUT OF SAFETY SIGNS & ESCAPE ROUTES SY-087 SHAH FIELD,6569-30-210-D1241-064-01,29-71-87-1622,,ENGG HSE,Drawings,Drawings,package b schdule.xls,HSE,5,5,high,CRS,0
LAYOUT OF SAFETY SIGNS & ESCAPE ROUTES SY -093 SHAH FIELD,6569-30-210-D1241-065-01,27-71-87-1624,,ENGG HSE,Drawings,Drawings,package b schdule.xls,HSE,5,5,high,CRS,0
LAYOUT OF SAFETY SIGNS & ESCAPE ROUTES SY-088 SHAH FIELD,6569-30-210-D1241-066-01,29-71-87-1625,,ENGG HSE,Drawings,Drawings,package b schdule.xls,HSE,5,5,high,CRS,0
LAYOUT OF SAFETY & ESCAPE ROUTES SY-089 SHAH FIELD,6569-30-210-D1241-067-01,29-71-87-1626,,ENGG HSE,Drawings,Drawings,package b schdule.xls,HSE,5,5,high,CRS,0
LAYOUT OF SAFETY SIGNS & ESCAPE ROUTES SY-090 SHAH FIELD,6569-30-210-D1241-068-01,29-71-87-1627,,ENGG HSE,Drawings,Drawings,package b schdule.xls,HSE,5,5,high,CRS,0
LAYOUT OF SAFETY SIGNS & ESCAPE ROUTES SY-085  SHAH FIELD,6569-30-210-D1241-069-01,29-71-87-1630,,ENGG HSE,Drawings,Drawings,package b schdule.xls,HSE,5,5,high,CRS,0
LAYOUT OF SAFETY SIGNS & ESCAPE ROUTES SY -107 FIELD,6569-30-210-D1241-070-01,29-71-87-1634,,ENGG HSE,Drawings,Drawings,package b schdule.xls,HSE,5,5,high,CRS,0
LAYOUT OF SAFETY SIGNALS & ESCAPE ROUTES SINGLE COMPLETION OIL WELL SB-159,6569-30-210-D1241-071-01,14-71-87-1601,,ENGG HSE,Drawings,Drawings,package b schdule.xls,HSE,5,5,high,CRS,0
LAYOUT OF SAFETY SIGNS & ESCAPE ROUTE SINGLE COMPLETION OIL WELL SB-413,6569-30-210-D1241-072-01,14-71-87-1602,,ENGG HSE,Drawings,Drawings,package b schdule.xls,HSE,5,5,high,CRS,0
LAYOUT OF SAFETY SIGNS & ESCAPE ROUTES SINGLE COMPLETION OIL WELL SB-381,6569-30-210-D1241-073-01,14-71-87-1606,,ENGG HSE,Drawings,Drawings,package b schdule.xls,HSE,5,5,high,CRS,0
LAYOUT OF ESCAPE ROUTES & SAFETY SIGNS SINGLE COMPLETION OIL WELL SB-269,6569-30-210-D1241-074-01,14-71-87-1607,,ENGG HSE,Drawings,Drawings,package b schdule.xls,HSE,5,5,high,CRS,0
LAYOUT OF ESCAPE ROUTES & SAFETY SIGNS SINGLE COMPLETION OIL WELL SB-352,6569-30-210-D1241-075-01,14-71-87-1608,,ENGG HSE,Drawings,Drawings,package b schdule.xls,HSE,5,5,high,CRS,0
LAYOUT OF SAFETY SIGNS & ESCAPE ROUTES SINGLE COMPLETION OIL WELL SB-394,6569-30-210-D1241-076-01,14-71-87-1605,,ENGG HSE,Drawings,Drawings,package b schdule.xls,HSE,5,5,high,CRS,0
LAYOUT OF SAFETY SIGNS & ESCAPE ROUTES SY-100 SHAH FIELD,6569-30-210-D1241-077-01,58-71-87-1629,,ENGG HSE,Drawings,Drawings,package b schdule.xls,HSE,5,5,high,CRS,0
LAYOUT OF ESCAPE ROUTES & SAFETY SIGNS SINGLE COMPLETION OIL WELL SB-376,6569-30-210-D1241-078-01,29-71-87-1635,,ENGG HSE,Drawings,Drawings,package b schdule.xls,HSE,5,5,high,CRS,0
GENERAL ARRANGEMENT CIVIL  -ESP WELL SY- 87,6569-30-210-D1310-001-01,29-71-79-1601,A,CIVIL,Drawings,Drawings,package b schdule.xls,CIVIL,9,5,high,CRS,0
GENERAL ARRANGEMENT CIVIL PART PLAN –A ARTIFICIAL LIFT OIL WELL (SY-105),6569-30-210-D1310-002-01,29-71-79-1602,A,CIVIL,Drawings,Drawings,package b schdule.xls,CIVIL,9,5,high,Procedures_Plans,3
GENERAL ARRANGEMENT CIVIL  -ESP WELL SY- 93,6569-30-210-D1310-003-01,29-71-79-1603,A,CIVIL,Drawings,Drawings,package b schdule.xls,CIVIL,9,5,high,CRS,0
GENERAL ARRANGEMENT CIVIL PART PLAN –B ESP WELL SY-088,6569-30-210-D1310-004-01,29-71-79-1604,A,CIVIL,Drawings,Drawings,package b schdule.xls,CIVIL,9,5,high,Procedures_Plans,3
GENERAL ARRANGEMENT CIVIL PART PLAN –A ARTIFICIAL LIFT OIL WELL (SY-89),6569-30-210-D1310-005-01,29-71-79-1605,A,CIVIL,Drawings,Drawings,package b schdule.xls,CIVIL,9,5,high,Procedures_Plans,3
GENERAL ARRANGEMENT CIVIL PART PLAN –A ESP WELL SY-090,6569-30-210-D1310-006-01,29-71-79-1606,A,CIVIL,Drawings,Drawings,package b schdule.xls,CIVIL,9,5,high,Procedures_Plans,3
GENERAL ARRANGEMENT CIVIL PART PLAN –B ARTIFICIAL LIFT OIL WELL (SY-107),6569-30-210-D1310-007-01,29-71-79-1607,A,CIVIL,Drawings,Drawings,package b schdule.xls,CIVIL,9,5,high,Procedures_Plans,3
GENERAL ARRANGEMENT CIVIL  -ESP WELL SY- 100,6569-30-210-D1310-008-01,29-71-79-1608,,CIVIL,Drawings,Drawings,package b schdule.xls,CIVIL,9,5,high,CRS,0
GENERAL ARRANGEMENT CIVIL  -ESP WELL SY- 85,6569-30-210-D1310-009-01,29-71-79-1609,A,CIVIL,Drawings,Drawings,package b schdule.xls,CIVIL,9,5,high,CRS,0
GENERAL ARRANGEMENT CIVIL PART PLAN –D ARTIFICIAL LIFT OIL WELL (SY-102),6569-30-210-D1310-010-01,29-71-79-1610,A,CIVIL,Drawings,Drawings,package b schdule.xls,CIVIL,9,5,high,Procedures_Plans,3
GENERAL ARRANGEMENT CIVIL PART PLAN –B ESP WELL SY-094,6569-30-210-D1310-011-01,29-71-79-1611,A,CIVIL,Drawings,Drawings,package b schdule.xls,CIVIL,9,5,high,Procedures_Plans,3
GENERAL ARRANGEMENT CIVIL  -ESP WELL SY- 86,6569-30-210-D1310-012-01,29-71-79-1612,,CIVIL,Drawings,Drawings,package b schdule.xls,CIVIL,9,5,high,CRS,0
GENERAL ARRANGEMENT CIVIL PART PLAN –A ESP WELL SY-091,6569-30-210-D1310-013-01,29-71-79-1613,A,CIVIL,Drawings,Drawings,package b schdule.xls,CIVIL,9,5,high,Procedures_Plans,3
GENERAL ARRANGEMENT CIVIL PART PLAN –B ESP WELL SY-096,6569-30-210-D1310-014-01,29-71-79-1614,A,CIVIL,Drawings,Drawings,package b schdule.xls,CIVIL,9,5,high,Procedures_Plans,3
GENERAL ARRANGEMENT CIVIL PART PLAN –C ESP WELL SY-099,6569-30-210-D1310-015-01,29-71-79-1615,A,CIVIL,Drawings,Drawings,package b schdule.xls,CIVIL,9,5,high,Procedures_Plans,3
GENERAL ARRANGEMENT CIVIL  -ESP WELL SY- 104,6569-30-210-D1310-016-01,29-71-79-1616,,CIVIL,Drawings,Drawings,package b schdule.xls,CIVIL,9,5,high,CRS,0
GENERAL ARRANGEMENT CIVIL PART PLAN –D ESP WELL SY-095,6569-30-210-D1310-017-01,29-71-79-1617,A,CIVIL,Drawings,Drawings,package b schdule.xls,CIVIL,9,5,high,Procedures_Plans,3
GENERAL ARRANGEMENT CIVIL  -ESP WELL SY- 101,6569-30-210-D1310-018-01,29-71-79-1618,,CIVIL,Drawings,Drawings,package b schdule.xls,CIVIL,9,5,high,CRS,0
GENERAL ARRANGEMENT CIVIL  -ESP WELL SY- Sy-103,6569-30-210-D1310-019-01,29-71-79-1619,,CIVIL,Drawings,Drawings,package b schdule.xls,CIVIL,9,5,high,CRS,0
GENERAL ARRANGEMENT CIVIL  -ESP WELL SY- 97,6569-30-210-D1310-020-01,29-71-79-1620,,CIVIL,Drawings,Drawings,package b schdule.xls,CIVIL,9,5,high,CRS,0
SITE PREPARATION LAYOUT ESP WELLHEAD SY-087,6569-30-210-D1312-001-01,29-71-82-1601,1,CIVIL,Drawings,Drawings,package b schdule.xls,,8,5,high,CRS,0
SITE PREPARATION ARTIFICIAL LIFT OIL WELL SY-105,6569-30-210-D1312-002-01,29-71-82-1602,A,CIVIL,Drawings,Drawings,package b schdule.xls,,3,3,medium,CRS,0
SITE PREPARATION LAYOUT WELLHEAD SY-093,6569-30-210-D1312-003-01,29-71-82-1603,A,CIVIL,Drawings,Drawings,package b schdule.xls,,8,5,high,CRS,0
SITE PREPARATION - LAYOUT WELLHEAD FOR ESP WELL SY- 88,6569-30-210-D1312-004-01,29-71-82-1604,1,CIVIL,Drawings,Drawings,package b schdule.xls,,8,5,high,CRS,0
SITE PREPARATION ARTIFICIAL LIFT OIL WELL SY-89,6569-30-210-D1312-005-01,29-71-82-1605,A,CIVIL,Drawings,Drawings,package b schdule.xls,,3,3,medium,CRS,0
SITE PREPARATION LAYOUT WELLHEAD SY-090,6569-30-210-D1312-006-01,29-71-82-1606,1,CIVIL,Drawings,Drawings,package b schdule.xls,,8,5,high,CRS,0
SITE PREPARATION PLAN ARTIFICIAL LIFT OIL WELL (SY-107),6569-30-210-D1312-007-01,29-71-82-1607,A,CIVIL,Drawings,Drawings,package b schdule.xls,PROJECTS,3,3,medium,Procedures_Plans,3
SITE PREPARATION LAYOUT GAS LIFT WELLHEAD SY-100,6569-30-210-D1312-008-01,29-71-82-1608,1,CIVIL,Drawings,Drawings,package b schdule.xls,,8,5,high,CRS,0
SITE PREPARATION LAYOUT ESP WELLHEAD SY-085,6569-30-210-D1312-009-01,29-71-82-1609,1,CIVIL,Drawings,Drawings,package b schdule.xls,,8,5,high,CRS,0
SITE PREPARATION PLAN ARTIFICIAL LIFT OIL WELL (SY-102),6569-30-210-D1312-010-01,29-71-82-1610,A,CIVIL,Drawings,Drawings,package b schdule.xls,PROJECTS,3,3,medium,Procedures_Plans,3
SITE PREPARATION LAYOUT WELLHEAD SY-094,6569-30-210-D1312-011-01,29-71-82-1611,A,CIVIL,Drawings,Drawings,package b schdule.xls,,8,5,high,CRS,0
SITE PREPARATION LAYOUT GAS LIFT WELLHEAD SY-086,6569-30-210-D1312-012-01,29-71-82-1612,1,CIVIL,Drawings,Drawings,package b schdule.xls,,8,5,high,CRS,0
SITE PREPARATION LAYOUT WELLHEAD SY-091,6569-30-210-D1312-013-01,29-71-82-1613,A,CIVIL,Drawings,Drawings,package b schdule.xls,,8,5,high,CRS,0
SITE PREPARATION LAYOUT WELLHEAD SY-096,6569-30-210-D1312-014-01,29-71-82-1614,A,CIVIL,Drawings,Drawings,package b schdule.xls,,8,5,high,CRS,0
SITE PREPARATION LAYOUT WELLHEAD SY-099,6569-30-210-D1312-015-01,29-71-82-1615,A,CIVIL,Drawings,Drawings,package b schdule.xls,,8,5,high,CRS,0
SITE PREPARATION - LAYOUT WELLHEAD FOR ESP WELL-Sy-100,6569-30-210-D1312-016-01,29-71-82-1616,A,CIVIL,Drawings,Drawings,package b schdule.xls,,8,5,high,CRS,0
SITE PREPARATOIN LAYOUT WELLHEAD SY-095,6569-30-210-D1312-017-01,29-71-82-1617,A,CIVIL,Drawings,Drawings,package b schdule.xls,,5,5,high,CRS,0
SITE PREPARATION - LAYOUT WELLHEAD FOR ESP WELL-PSy-104,6569-30-210-D1312-018-01,29-71-82-1618,,CIVIL,Drawings,Drawings,package b schdule.xls,,8,5,high,CRS,0
SITE PREPARATION - LAYOUT WELLHEAD FOR ESP WELL-PSy-101,6569-30-210-D1312-019-01,29-71-82-1619,,CIVIL,Drawings,Drawings,package b schdule.xls,,8,5,high,CRS,0
SITE PREPARATION - LAYOUT WELLHEAD FOR ESP WELL-Sy-103,6569-30-210-D1312-020-01,29-71-82-1620,,CIVIL,Drawings,Drawings,package b schdule.xls,,8,5,high,CRS,0
SITE PREPARATION - LAYOUT WELLHEAD FOR ESP WELL SY- 87,6569-30-210-D1312-022-01,29-71-83-1601,,CIVIL,Drawings,Drawings,package b schdule.xls,,8,5,high,CRS,0
SITE PREPARATION - LAYOUT WELLHEAD FOR ESP WELL SY- 105,6569-30-210-D1312-023-01,29-71-83-1602,,CIVIL,Drawings,Drawings,package b schdule.xls,,8,5,high,CRS,0
SITE PREPARATION - LAYOUT WELLHEAD FOR ESP WELL SY- 93,6569-30-210-D1312-024-01,29-71-83-1603,,CIVIL,Drawings,Drawings,package b schdule.xls,,8,5,high,CRS,0
SITE PREPARATION - LAYOUT WELLHEAD FOR ESP WELL SY- 89,6569-30-210-D1312-025-01,29-71-83-1605,,CIVIL,Drawings,Drawings,package b schdule.xls,,8,5,high,CRS,0
SITE PREPARATION - LAYOUT WELLHEAD FOR ESP WELL SY- 90,6569-30-210-D1312-026-01,29-71-83-1606,,CIVIL,Drawings,Drawings,package b schdule.xls,,8,5,high,CRS,0
SITE PREPARATION - LAYOUT WELLHEAD FOR ESP WELL SY- 107,6569-30-210-D1312-027-01,29-71-83-1607,,CIVIL,Drawings,Drawings,package b schdule.xls,,8,5,high,CRS,0
SITE PREPARATION - LAYOUT WELLHEAD FOR ESP WELL SY- 100,6569-30-210-D1312-028-01,29-71-83-1608,,CIVIL,Drawings,Drawings,package b schdule.xls,,8,5,high,CRS,0
SITE PREPARATION - LAYOUT WELLHEAD FOR ESP WELL SY- 85,6569-30-210-D1312-029-01,29-71-83-1609,,CIVIL,Drawings,Drawings,package b schdule.xls,,8,5,high,CRS,0
SITE PREPARATION - LAYOUT WELLHEAD FOR ESP WELL SY- 102,6569-30-210-D1312-030-01,29-71-83-1610,,CIVIL,Drawings,Drawings,package b schdule.xls,,8,5,high,CRS,0
SITE PREPARATION - LAYOUT WELLHEAD FOR ESP WELL SY- 94,6569-30-210-D1312-031-01,29-71-83-1611,,CIVIL,Drawings,Drawings,package b schdule.xls,,8,5,high,CRS,0
SITE PREPARATION - LAYOUT WELLHEAD FOR ESP WELL SY- 86,6569-30-210-D1312-032-01,29-71-83-1612,,CIVIL,Drawings,Drawings,package b schdule.xls,,8,5,high,CRS,0
SITE PREPARATION - LAYOUT WELLHEAD FOR ESP WELL SY- 91,6569-30-210-D1312-033-01,29-71-83-1613,,CIVIL,Drawings,Drawings,package b schdule.xls,,8,5,high,CRS,0
SITE PREPARATION - LAYOUT WELLHEAD FOR ESP WELL SY- 96,6569-30-210-D1312-034-01,29-71-83-1614,,CIVIL,Drawings,Drawings,package b schdule.xls,,8,5,high,CRS,0
SITE PREPARATION - LAYOUT WELLHEAD FOR ESP WELL SY- 99,6569-30-210-D1312-035-01,29-71-83-1615,,CIVIL,Drawings,Drawings,package b schdule.xls,,8,5,high,CRS,0
SITE PREPARATION - LAYOUT WELLHEAD FOR ESP WELL SY- 104,6569-30-210-D1312-036-01,29-71-83-1616,,CIVIL,Drawings,Drawings,package b schdule.xls,,8,5,high,CRS,0
SITE PREPARATION - LAYOUT WELLHEAD FOR WD WELL SY- 95,6569-30-210-D1312-037-01,29-71-83-1617,,CIVIL,Drawings,Drawings,package b schdule.xls,,8,5,high,CRS,0
SITE PREPARATION - LAYOUT WELLHEAD FOR ESP WELL SY- 101,6569-30-210-D1312-038-01,29-71-83-1618,,CIVIL,Drawings,Drawings,package b schdule.xls,,8,5,high,CRS,0
SITE PREPARATION - LAYOUT WELLHEAD FOR ESP WELL SY- P71L,6569-30-210-D1312-039-01,29-71-83-1619,,CIVIL,Drawings,Drawings,package b schdule.xls,,8,5,high,CRS,0
SITE PREPARATION - LAYOUT WELLHEAD FOR ESP WELL SY- P71L,6569-30-210-D1312-040-01,29-71-82-1620,,CIVIL,Drawings,Drawings,package b schdule.xls,,8,5,high,CRS,0
"DETAILS FOR CROSSOVERS, PIPE SUPPORTS AND PLATFORMS FOR WELLHEAD SY- 89",6569-30-210-D1330-001-01,29-70-76-1648,,CIVIL,Drawings,Drawings,package b schdule.xls,,6,4,medium,CRS,0
"DETAILS FOR CROSSOVERS, PIPE SUPPORTS AND PLATFORMS FOR WELLHEAD SY- 90",6569-30-210-D1330-002-01,29-70-76-1631,,CIVIL,Drawings,Drawings,package b schdule.xls,,6,4,medium,CRS,0
"DETAILS FOR CROSSOVERS, PIPE SUPPORTS AND PLATFORMS FOR WELLHEAD SY- 107",6569-30-210-D1330-003-01,29-70-76-1632,,CIVIL,Drawings,Drawings,package b schdule.xls,,6,4,medium,CRS,0
"DETAILS FOR CROSSOVERS, PIPE SUPPORTS AND PLATFORMS FOR WELLHEAD SY- 100",6569-30-210-D1330-004-01,29-70-76-1633,,CIVIL,Drawings,Drawings,package b schdule.xls,,6,4,medium,CRS,0
"DETAILS FOR CROSSOVERS, PIPE SUPPORTS AND PLATFORMS FOR WELLHEAD SY- 85",6569-30-210-D1330-005-01,29-70-76-1634,,CIVIL,Drawings,Drawings,package b schdule.xls,,6,4,medium,CRS,0
"DETAILS FOR CROSSOVERS, PIPE SUPPORTS AND PLATFORMS FOR WELLHEAD SY- 102",6569-30-210-D1330-006-01,29-70-76-1635,,CIVIL,Drawings,Drawings,package b schdule.xls,,6,4,medium,CRS,0
"DETAILS FOR CROSSOVERS, PIPE SUPPORTS AND PLATFORMS FOR WELLHEAD SY- 94",6569-30-210-D1330-007-01,29-70-76-1636,,CIVIL,Drawings,Drawings,package b schdule.xls,,6,4,medium,CRS,0
"DETAILS FOR CROSSOVERS, PIPE SUPPORTS AND PLATFORMS FOR WELLHEAD SY- 86",6569-30-210-D1330-008-01,29-70-76-1637,,CIVIL,Drawings,Drawings,package b schdule.xls,,6,4,medium,CRS,0
"DETAILS FOR CROSSOVERS, PIPE SUPPORTS AND PLATFORMS FOR WELLHEAD SY- 91",6569-30-210-D1330-009-01,29-70-76-1638,,CIVIL,Drawings,Drawings,package b schdule.xls,,6,4,medium,CRS,0
"DETAILS FOR CROSSOVERS, PIPE SUPPORTS AND PLATFORMS FOR WELLHEAD SY- 96",6569-30-210-D1330-010-01,29-70-76-1639,,CIVIL,Drawings,Drawings,package b schdule.xls,,6,4,medium,CRS,0
"DETAILS FOR CROSSOVERS, PIPE SUPPORTS AND PLATFORMS FOR WELLHEAD SY- 99",6569-30-210-D1330-011-01,29-70-76-1640,,CIVIL,Drawings,Drawings,package b schdule.xls,,6,4,medium,CRS,0
"DETAILS FOR CROSSOVERS, PIPE SUPPORTS AND PLATFORMS FOR WELLHEAD SY- 104",6569-30-210-D1330-012-01,29-70-76-1641,,CIVIL,Drawings,Drawings,package b schdule.xls,,6,4,medium,CRS,0
"DETAILS FOR CROSSOVERS, PIPE SUPPORTS AND PLATFORMS FOR WELLHEAD SY- 95",6569-30-210-D1330-013-01,29-70-76-1642,,CIVIL,Drawings,Drawings,package b schdule.xls,,6,4,medium,CRS,0
"DETAILS FOR CROSSOVERS, PIPE SUPPORTS AND PLATFORMS FOR WELLHEAD SY- 101",6569-30-210-D1330-014-01,29-70-76-1643,,CIVIL,Drawings,Drawings,package b schdule.xls,,6,4,medium,CRS,0
"DETAILS FOR CROSSOVERS, PIPE SUPPORTS AND PLATFORMS FOR WELLHEAD SY- P71L",6569-30-210-D1330-015-01,29-70-76-1644,,CIVIL,Drawings,Drawings,package b schdule.xls,,6,4,medium,CRS,0
"DETAILS FOR CROSSOVERS, PIPE SUPPORTS AND PLATFORMS FOR WELLHEAD SY- 97",6569-30-210-D1330-016-01,29-70-76-1645,,CIVIL,Drawings,Drawings,package b schdule.xls,,6,4,medium,CRS,0
PLOT PLAN ARTIFICIAL LIFT OIL WELL SY - 087 SHAH FIELD,6569-30-210-D1362-001-01,29-71-04-1601,3,PIPNG,Drawings,Drawings,package b schdule.xls,PROJECTS,4,4,medium,Procedures_Plans,3
PLOT PLAN ARTIFICIAL LIFT OIL WELL SY – 086 SHAH FIELD,6569-30-210-D1362-002-01,29-71-04-1602,A,PIPNG,Drawings,Drawings,package b schdule.xls,PROJECTS,4,4,medium,Procedures_Plans,3
PLOT PLAN ARTIFICIAL LIFT OIL WELL SY-093 SHAH FIELD,6569-30-210-D1362-003-01,29-71-04-1603,1,PIPNG,Drawings,Drawings,package b schdule.xls,PROJECTS,4,4,medium,Procedures_Plans,3
PLOT PLAN FOR  ESP WELL SY-88 FOR SHAH FIELD,6569-30-210-D1362-004-01,29-71-04-1604,3,PIPNG,Drawings,Drawings,package b schdule.xls,PROJECTS,4,4,medium,Procedures_Plans,3
PLOT PLAN ARTIFICIAL LIFT OIL WELL SY-089 SHAH FIELD,6569-30-210-D1362-005-01,29-71-04-1605,2,PIPNG,Drawings,Drawings,package b schdule.xls,PROJECTS,4,4,medium,Procedures_Plans,3
PLOT PLAN ARTIFICIAL LIFT OIL WELL SY-090 SHAH FIELD,6569-30-210-D1362-006-01,29-71-04-1606,3,PIPNG,Drawings,Drawings,package b schdule.xls,PROJECTS,4,4,medium,Procedures_Plans,3
PLOT PLAN ARTIFICIAL LIFT OIL WELL SY-091 SHAH FILED,6569-30-210-D1362-007-01,29-71-04-1607,1,PIPNG,Drawings,Drawings,package b schdule.xls,PROJECTS,4,4,medium,Procedures_Plans,3
PLOT PLAN ARTIFICAL LIFT OIL WELL SY-107 SHAH FIELD,6569-30-210-D1362-008-01,29-71-04-1608,A,PIPNG,Drawings,Drawings,package b schdule.xls,PROJECTS,4,4,medium,Procedures_Plans,3
PLOT PLAN ARTIFICIAL LIFT OIL WELL SY - 085 SHAH FIELD,6569-30-210-D1362-009-01,29-71-04-1609,2,PIPNG,Drawings,Drawings,package b schdule.xls,PROJECTS,4,4,medium,Procedures_Plans,3
PLOT PLAN ARTIFICIAL LIFT OIL WELL SY-102 SHAH FIELD,6569-30-210-D1362-010-01,29-71-04-1610,2,PIPNG,Drawings,Drawings,package b schdule.xls,PROJECTS,4,4,medium,Procedures_Plans,3
PLOT PLAN FOR  ESP WELL Sy-94 FOR SHAH FIELD,6569-30-210-D1362-011-01,29-71-04-1611,1,PIPNG,Drawings,Drawings,package b schdule.xls,PROJECTS,4,4,medium,Procedures_Plans,3
PLOT PLAN ARTIFICAL LIFT OIL WELL SY-105 SHAH FIELD,6569-30-210-D1362-012-01,29-71-04-1612,1,PIPNG,Drawings,Drawings,package b schdule.xls,PROJECTS,4,4,medium,Procedures_Plans,3
PLOT PLAN ARTFICIAL LIFT OIL WELL SY-098 SHAH,6569-30-210-D1362-013-01,29-71-04-1613,A,PIPNG,Drawings,Drawings,package b schdule.xls,PROJECTS,4,4,medium,Procedures_Plans,3
PLOT PLAN ARTIFICIAL LIFT OIL WELL SY-100 SHAH FIELD,6569-30-210-D1362-014-01,29-71-04-1614,1,PIPNG,Drawings,Drawings,package b schdule.xls,PROJECTS,4,4,medium,Procedures_Plans,3
PLOT PLAN ARTFICIAL LIFT OIL WELL SY-096 SHAH,6569-30-210-D1362-015-01,29-71-04-1615,A,PIPNG,Drawings,Drawings,package b schdule.xls,PROJECTS,4,4,medium,Procedures_Plans,3
PLOT PLAN ARTFICIAL LIFT OIL WELL SY-099 SHAH,6569-30-210-D1362-016-01,29-70-04-1616,A,PIPNG,Drawings,Drawings,package b schdule.xls,PROJECTS,4,4,medium,Procedures_Plans,3
PLOT PLAN FOR  ESP WELL PSy-104 FOR SHAH FIELD,6569-30-210-D1362-017-01,29-71-04-1617,,PIPNG,Drawings,Drawings,package b schdule.xls,PROJECTS,4,4,medium,Procedures_Plans,3
PLOT PLAN ARTFICIAL LIFT OIL WELL SY-095 SHAH,6569-30-210-D1362-018-01,29-71-04-1618,A,PIPNG,Drawings,Drawings,package b schdule.xls,PROJECTS,4,4,medium,Procedures_Plans,3
PLOT PLAN FOR  ESP WELL PSy-101 FOR SHAH FIELD,6569-30-210-D1362-019-01,29-71-04-1619,,PIPNG,Drawings,Drawings,package b schdule.xls,PROJECTS,4,4,medium,Procedures_Plans,3
PLOT PLAN FOR  ESP WELL Sy-103 FOR SHAH FIELD,6569-30-210-D1362-020-01,29-71-04-1620,,PIPNG,Drawings,Drawings,package b schdule.xls,PROJECTS,4,4,medium,Procedures_Plans,3
GENERAL ARRANGEMENT DRAWINGS PIPING SECTION -A ARTIFICIAL LIFT OIL WELL SY-87,6569-30-210-D1362-021-01,29-71-21-1601,1,PIPNG,Drawings,Drawings,package b schdule.xls,PIPNG,13,5,high,CRS,0
GENERAL ARRANGEMENT DRAWINGS PIPING SECTION-B ARTIFICIAL LIFT OIL WELL SY-087,6569-30-210-D1362-022-01,29-71-21-1602,1,PIPNG,Drawings,Drawings,package b schdule.xls,PIPNG,13,5,high,CRS,0
GENERAL ARRANGEMENT PIPING SECTION –C ARTIFICIAL LIFT OIL WELL SY-087,6569-30-210-D1362-023-01,29-71-21-1603,2,PIPNG,Drawings,Drawings,package b schdule.xls,PIPNG,9,5,high,CRS,0
GENERAL ARRANGEMENT DRAWINGS PIPING SECTION -D ARTIFICAL LIFT OIL WELL SY-087,6569-30-210-D1362-024-01,29-71-21-1604,1,PIPNG,Drawings,Drawings,package b schdule.xls,PIPNG,13,5,high,CRS,0
GENERAL ARRANGEMENT DRAWINGS FOR  ESP WELL SY-89 FOR SHAH FIELD,6569-30-210-D1362-025-01,29-71-21-1605,,PIPNG,Drawings,Drawings,package b schdule.xls,,13,5,high,CRS,0
GENERAL ARRANGEMENT DRAWINGS FOR  ESP WELL SY-90 FOR SHAH FIELD,6569-30-210-D1362-026-01,29-71-21-1606,,PIPNG,Drawings,Drawings,package b schdule.xls,,13,5,high,CRS,0
GENERAL ARRANGEMENT DRAWINGS FOR  ESP WELL SY-91 FOR SHAH FIELD,6569-30-210-D1362-027-01,29-71-21-1607,,PIPNG,Drawings,Drawings,package b schdule.xls,,13,5,high,CRS,0
GENERAL ARRANGEMENT PIPING SECTION - D ARITFICIAL,6569-30-210-D1362-028-01,29-71-21-1608,A,PIPNG,Drawings,Drawings,package b schdule.xls,PIPNG,9,5,high,CRS,0
GENERAL ARRANGEMENT DRAWINGS FOR  ESP WELL SY-85 FOR SHAH FIELD,6569-30-210-D1362-029-01,29-71-21-1609,,PIPNG,Drawings,Drawings,package b schdule.xls,,13,5,high,CRS,0
GENERAL ARRANGEMENT DRAWINGS FOR  ESP WELL Sy-102 FOR SHAH FIELD,6569-30-210-D1362-030-01,29-71-21-1610,,PIPNG,Drawings,Drawings,package b schdule.xls,,13,5,high,CRS,0
GENERAL ARRANGEMENT PIPING SECTION –C ARTIFICIAL LIFT OIL WELL SY-093,6569-30-210-D1362-031-01,29-71-21-1611,1,PIPNG,Drawings,Drawings,package b schdule.xls,PIPNG,9,5,high,CRS,0
GENERAL ARRANGEMENT DRAWINGS FOR  ESP WELL Sy-105 FOR SHAH FIELD,6569-30-210-D1362-032-01,29-71-21-1612,,PIPNG,Drawings,Drawings,package b schdule.xls,,13,5,high,CRS,0
GENERAL ARRANGEMENT DRAWINGS FOR  ESP WELL P61LH FOR SHAH FIELD,6569-30-210-D1362-033-01,29-71-21-1613,,PIPNG,Drawings,Drawings,package b schdule.xls,,13,5,high,CRS,0
GENERAL ARRANGEMENT PIPING SECTION –B ARTIFICIAL LIFT OIL WELL SY-088,6569-30-210-D1362-034-01,29-71-21-1614,1,PIPNG,Drawings,Drawings,package b schdule.xls,PIPNG,9,5,high,CRS,0
GENERAL ARRANGEMENT DRAWINGS FOR  ESP WELL Sy-96 FOR SHAH FIELD,6569-30-210-D1362-035-01,29-71-21-1615,,PIPNG,Drawings,Drawings,package b schdule.xls,,13,5,high,CRS,0
GENERAL ARRANGEMENT DRAWINGS FOR  ESP WELL Sy-99 FOR SHAH FIELD,6569-30-210-D1362-036-01,29-71-21-1616,,PIPNG,Drawings,Drawings,package b schdule.xls,,13,5,high,CRS,0
GENERAL ARRANGEMENT PIPING SECTION –A ARTIFICIAL LIFT OIL WELL SY-089,6569-30-210-D1362-037-01,29-71-21-1617,1,PIPNG,Drawings,Drawings,package b schdule.xls,PIPNG,9,5,high,CRS,0
GENERAL ARRANGEMENT DRAWINGS FOR  ESP WELL Sy-95 FOR SHAH FIELD,6569-30-210-D1362-038-01,29-71-21-1618,,PIPNG,Drawings,Drawings,package b schdule.xls,,13,5,high,CRS,0
GENERAL ARRANGEMENT DRAWINGS FOR  ESP WELL PSy-101 FOR SHAH FIELD,6569-30-210-D1362-039-01,29-71-21-1619,,PIPNG,Drawings,Drawings,package b schdule.xls,,13,5,high,CRS,0
GENERAL ARRANGEMENT DRAWINGS FOR  ESP WELL Sy-103 FOR SHAH FIELD,6569-30-210-D1362-040-01,29-71-21-1620,,PIPNG,Drawings,Drawings,package b schdule.xls,,13,5,high,CRS,0
PIPING LAYOUTS FOR  ESP WELL SY-87 FOR SHAH FIELD,6569-30-210-D1362-041-01,29-71-13-1601,,PIPNG,Drawings,Drawings,package b schdule.xls,PIPNG,5,5,high,CRS,0
PIPING LAYOUTS FOR  ESP WELL SY-86 FOR SHAH FIELD,6569-30-210-D1362-042-01,29-71-13-1602,,PIPNG,Drawings,Drawings,package b schdule.xls,PIPNG,5,5,high,CRS,0
PIPING LAYOUT AREA –C9 ARTIFICIAL LIFT OIL WELL SY-087,6569-30-210-D1362-043-01,29-71-13-1603,1,PIPNG,Drawings,Drawings,package b schdule.xls,PIPNG,5,5,high,CRS,0
PIPING LAYOUT AREA –C10 ARTIFICIAL LIFT OIL WELL SY-087,6569-30-210-D1362-043-02,29-71-13-1603,1,PIPNG,Drawings,Drawings,package b schdule.xls,PIPNG,5,5,high,CRS,0
PIPING LAYOUT AREA –C14 ARTIFICIAL LIFT OIL WELL SY-087,6569-30-210-D1362-043-03,29-71-13-1603,1,PIPNG,Drawings,Drawings,package b schdule.xls,PIPNG,5,5,high,CRS,0
PIPING LAYOUT AREA –C15 ARTIFICIAL LIFT OIL WELL SY-087,6569-30-210-D1362-043-04,29-71-13-1603,1,PIPNG,Drawings,Drawings,package b schdule.xls,PIPNG,5,5,high,CRS,0
PIPING LAYOUT AREA –C17 ARTIFICIAL LIFT OIL WELL SY-087,6569-30-210-D1362-043-05,29-71-13-1603,1,PIPNG,Drawings,Drawings,package b schdule.xls,PIPNG,5,5,high,CRS,0
PIPING LAYOUT AREA –C18 ARTIFICIAL LIFT OIL WELL SY-087,6569-30-210-D1362-043-06,29-71-13-1603,1,PIPNG,Drawings,Drawings,package b schdule.xls,PIPNG,5,5,high,CRS,0
PIPING LAYOUT AREA –C19 ARTIFICIAL LIFT OIL WELL SY-087,6569-30-210-D1362-043-07,29-71-13-1603,1,PIPNG,Drawings,Drawings,package b schdule.xls,PIPNG,5,5,high,CRS,0
PIPING LAYOUTS FOR  ESP WELL SY-88 FOR SHAH FIELD,6569-30-210-D1362-044-01,29-71-13-1604,,PIPNG,Drawings,Drawings,package b schdule.xls,PIPNG,5,5,high,CRS,0
PIPING LAYOUTS FOR  ESP WELL SY-89 FOR SHAH FIELD,6569-30-210-D1362-045-01,29-71-13-1605,,PIPNG,Drawings,Drawings,package b schdule.xls,PIPNG,5,5,high,CRS,0
PIPING LAYOUTS FOR  ESP WELL SY-90 FOR SHAH FIELD,6569-30-210-D1362-046-01,29-71-13-1606,,PIPNG,Drawings,Drawings,package b schdule.xls,PIPNG,5,5,high,CRS,0
PIPING LAYOUTS FOR  ESP WELL SY-91 FOR SHAH FIELD,6569-30-210-D1362-047-01,29-71-13-1607,,PIPNG,Drawings,Drawings,package b schdule.xls,PIPNG,5,5,high,CRS,0
PIPING LAYOUTS FOR  ESP WELL SY-92 FOR SHAH FIELD,6569-30-210-D1362-048-01,29-71-13-1608,,PIPNG,Drawings,Drawings,package b schdule.xls,PIPNG,5,5,high,CRS,0
PIPING LAYOUTS FOR  ESP WELL SY-85 FOR SHAH FIELD,6569-30-210-D1362-049-01,29-71-13-1609,,PIPNG,Drawings,Drawings,package b schdule.xls,PIPNG,5,5,high,CRS,0
PIPING LAYOUTS FOR  ESP WELL Sy-102 FOR SHAH FIELD,6569-30-210-D1362-050-01,29-71-13-1610,,PIPNG,Drawings,Drawings,package b schdule.xls,PIPNG,5,5,high,CRS,0
PIPING LAYOUT AREA –C4 ARTIFICIAL LIFT OIL WELL SY-093,6569-30-210-D1362-051-01,29-71-13-1611,1,PIPNG,Drawings,Drawings,package b schdule.xls,PIPNG,5,5,high,CRS,0
PIPING LAYOUT AREA –C5 ARTIFICIAL LIFT OIL WELL SY-093,6569-30-210-D1362-051-02,29-71-13-1611,1,PIPNG,Drawings,Drawings,package b schdule.xls,PIPNG,5,5,high,CRS,0
PIPING LAYOUT AREA –C10 ARTIFICIAL LIFT OIL WELL SY-093,6569-30-210-D1362-051-03,29-71-13-1611,1,PIPNG,Drawings,Drawings,package b schdule.xls,PIPNG,5,5,high,CRS,0
PIPING LAYOUT AREA –C14 ARTIFICIAL LIFT OIL WELL SY-093,6569-30-210-D1362-051-04,29-71-13-1611,1,PIPNG,Drawings,Drawings,package b schdule.xls,PIPNG,5,5,high,CRS,0
PIPING LAYOUT AREA –C15 ARTIFICIAL LIFT OIL WELL SY-093,6569-30-210-D1362-051-05,29-71-13-1611,1,PIPNG,Drawings,Drawings,package b schdule.xls,PIPNG,5,5,high,CRS,0
PIPING LAYOUT AREA –C19 ARTIFICIAL LIFT OIL WELL SY-093,6569-30-210-D1362-051-06,29-71-13-1611,1,PIPNG,Drawings,Drawings,package b schdule.xls,PIPNG,5,5,high,CRS,0
PIPING LAYOUT AREA –C24 ARTIFICIAL LIFT OIL WELL SY-093,6569-30-210-D1362-051-07,29-71-13-1611,1,PIPNG,Drawings,Drawings,package b schdule.xls,PIPNG,5,5,high,CRS,0
PIPING LAYOUTS FOR  ESP WELL Sy-105 FOR SHAH FIELD,6569-30-210-D1362-052-01,29-71-13-1612,,PIPNG,Drawings,Drawings,package b schdule.xls,PIPNG,5,5,high,CRS,0
PIPING LAYOUTS FOR  ESP WELL P61LH FOR SHAH FIELD,6569-30-210-D1362-053-01,29-71-13-1613,,PIPNG,Drawings,Drawings,package b schdule.xls,PIPNG,5,5,high,CRS,0
PIPING LAYOUT AREA –B01 ARTIFICIAL LIFT OIL WELL SY-088,6569-30-210-D1362-054-01,29-71-13-1614,1,PIPNG,Drawings,Drawings,package b schdule.xls,PIPNG,5,5,high,CRS,0
PIPING LAYOUT AREA –B6 ARTIFICIAL LIFT OIL WELL SY-088,6569-30-210-D1362-054-02,29-71-13-1614,1,PIPNG,Drawings,Drawings,package b schdule.xls,PIPNG,5,5,high,CRS,0
PIPING LAYOUT AREA –B11 ARTIFICIAL LIFT OIL WELL SY-088,6569-30-210-D1362-054-03,29-71-13-1614,1,PIPNG,Drawings,Drawings,package b schdule.xls,PIPNG,5,5,high,CRS,0
PIPING LAYOUT AREA –B12 ARTIFICIAL LIFT OIL WELL SY-088,6569-30-210-D1362-054-04,29-71-13-1614,1,PIPNG,Drawings,Drawings,package b schdule.xls,PIPNG,5,5,high,CRS,0
PIPING LAYOUT AREA –B17 ARTIFICIAL LIFT OIL WELL SY-088,6569-30-210-D1362-054-05,29-71-13-1614,1,PIPNG,Drawings,Drawings,package b schdule.xls,PIPNG,5,5,high,CRS,0
PIPING LAYOUT AREA –B21 ARTIFICIAL LIFT OIL WELL SY-088,6569-30-210-D1362-054-06,29-71-13-1614,1,PIPNG,Drawings,Drawings,package b schdule.xls,PIPNG,5,5,high,CRS,0
PIPING LAYOUT AREA –B22 ARTIFICIAL LIFT OIL WELL SY-088,6569-30-210-D1362-054-07,29-71-13-1614,1,PIPNG,Drawings,Drawings,package b schdule.xls,PIPNG,5,5,high,CRS,0
PIPING LAYOUTS FOR  ESP WELL Sy-96 FOR SHAH FIELD,6569-30-210-D1362-055-01,29-71-13-1615,,PIPNG,Drawings,Drawings,package b schdule.xls,PIPNG,5,5,high,CRS,0
PIPING LAYOUTS FOR  ESP WELL Sy-99 FOR SHAH FIELD,6569-30-210-D1362-056-01,29-71-13-1616,,PIPNG,Drawings,Drawings,package b schdule.xls,PIPNG,5,5,high,CRS,0
PIPING LAYOUT AREA –A11 ARTIFICIAL LIFT OIL WELL SY-088,6569-30-210-D1362-057-01,29-71-13-1617,1,PIPNG,Drawings,Drawings,package b schdule.xls,PIPNG,5,5,high,CRS,0
PIPING LAYOUTS FOR  ESP WELL Sy-95 FOR SHAH FIELD,6569-30-210-D1362-058-01,29-71-13-1618,,PIPNG,Drawings,Drawings,package b schdule.xls,PIPNG,5,5,high,CRS,0
PIPING LAYOUTS FOR  ESP WELL PSy-101 FOR SHAH FIELD,6569-30-210-D1362-059-01,29-71-13-1619,,PIPNG,Drawings,Drawings,package b schdule.xls,PIPNG,5,5,high,CRS,0
PIPING LAYOUTS FOR  ESP WELL Sy-103 FOR SHAH FIELD,6569-30-210-D1362-060-01,29-71-13-1620,,PIPNG,Drawings,Drawings,package b schdule.xls,PIPNG,5,5,high,CRS,0
GENERAL ARRANGEMENT PIPING SECTION –A ARTIFICIAL LIFT OIL WELL SY-090,6569-30-210-D1362-061-01,29-71-21-1621,1,INST,Drawings,Drawings,package b schdule.xls,PIPNG,9,5,high,CRS,0
GENERAL ARRANGEMENT PIPING SECTION -B ARTIFICIAL LIFT OIL WELL SY-107,6569-30-210-D1362-062-01,29-71-21-1630,1,INST,Drawings,Drawings,package b schdule.xls,PIPNG,9,5,high,CRS,0
GENERAL ARRANGEMENT PIPING SECTION –C ARTIFICIAL LIFT OIL WELL SY-085,6569-30-210-D1362-063-01,29-71-21-1635,1,INST,Drawings,Drawings,package b schdule.xls,PIPNG,9,5,high,CRS,0
GENERAL ARRANGEMENT PIPING SECITON –D ARTIFICIAL LIFT OIL WELL SY-085,6569-30-210-D1362-064-01,29-71-21-1640,1,INST,Drawings,Drawings,package b schdule.xls,PIPNG,9,5,high,CRS,0
GENERAL ARRANGEMENT PIPING SECITON –A ARTIFICIAL LIFT OIL WELL SY-105,6569-30-210-D1362-065-01,29-71-21-1641,1,INST,Drawings,Drawings,package b schdule.xls,PIPNG,9,5,high,CRS,0
GENERAL ARRANGEMENT PIPING SECTION –C ARTIFICIAL LIFT OIL WELL SY-100,6569-30-210-D1362-066-01,29-71-21-1655,1,INST,Drawings,Drawings,package b schdule.xls,PIPNG,9,5,high,CRS,0
PIPING LAYOUT AREA –A3 ARTIFICIAL LIFT OIL WELL SY-090,6569-30-210-D1362-067-01,29-71-13-1621,1,PIPNG,Drawings,Drawings,package b schdule.xls,PIPNG,5,5,high,CRS,0
PIPING LAYOUT AREA –A8 ARTIFICIAL LIFT OIL WELL SY-090,6569-30-210-D1362-067-02,29-71-13-1621,1,PIPNG,Drawings,Drawings,package b schdule.xls,PIPNG,5,5,high,CRS,0
PIPING LAYOUT AREA –A13 ARTIFICIAL LIFT OIL WELL SY-090,6569-30-210-D1362-067-03,29-71-13-1621,1,PIPNG,Drawings,Drawings,package b schdule.xls,PIPNG,5,5,high,CRS,0
PIPING LAYOUT AREA –A17 ARTIFICIAL LIFT OIL WELL SY-090,6569-30-210-D1362-067-04,29-71-13-1621,1,PIPNG,Drawings,Drawings,package b schdule.xls,PIPNG,5,5,high,CRS,0
PIPING LAYOUT AREA –A18 ARTIFICIAL LIFT OIL WELL SY-090,6569-30-210-D1362-067-05,29-71-13-1621,1,PIPNG,Drawings,Drawings,package b schdule.xls,PIPNG,5,5,high,CRS,0
PIPING LAYOUT AREA –A22 ARTIFICIAL LIFT OIL WELL SY-090,6569-30-210-D1362-067-06,29-71-13-1621,1,PIPNG,Drawings,Drawings,package b schdule.xls,PIPNG,5,5,high,CRS,0
PIPING LAYOUT AREA –A23 ARTIFICIAL LIFT OIL WELL SY-090,6569-30-210-D1362-067-07,29-71-13-1621,1,PIPNG,Drawings,Drawings,package b schdule.xls,PIPNG,5,5,high,CRS,0
PIPING LAYOUT AREA –C3 ARTIFICIAL LIFT OIL WELL SY-085,6569-30-210-D1362-068-01,29-71-13-1635,1,PIPNG,Drawings,Drawings,package b schdule.xls,PIPNG,5,5,high,CRS,0
PIPING LAYOUT AREA -C3 ARTIFICIAL LIFT OIL WELL SY-085,6569-30-210-D1362-068-02,29-71-13-1635,1,PIPNG,Drawings,Drawings,package b schdule.xls,PIPNG,5,5,high,CRS,0
PIPING LAYOUT AREA –C8 ARTIFICIAL LIFT OIL WELL SY-085,6569-30-210-D1362-068-03,29-71-13-1635,1,PIPNG,Drawings,Drawings,package b schdule.xls,PIPNG,5,5,high,CRS,0
PIPING LAYOUT AREA –C9 ARTIFICIAL LIFT OIL WELL SY-085,6569-30-210-D1362-068-04,29-71-13-1635,1,PIPNG,Drawings,Drawings,package b schdule.xls,PIPNG,5,5,high,CRS,0
PIPING LAYOUT AREA –C14 ARTIFICIAL LIFT OIL WELL SY-085,6569-30-210-D1362-068-05,29-71-13-1635,1,PIPNG,Drawings,Drawings,package b schdule.xls,PIPNG,5,5,high,CRS,0
PIPING LAYOUT AREA –C19 ARTIFICIAL LIFT OIL WELL SY-085,6569-30-210-D1362-068-06,29-71-13-1635,1,PIPNG,Drawings,Drawings,package b schdule.xls,PIPNG,5,5,high,CRS,0
PIPING LAYOUT AREA –C24 ARTIFICIAL LIFT OIL WELL SY-085,6569-30-210-D1362-068-07,29-71-13-1635,1,PIPNG,Drawings,Drawings,package b schdule.xls,PIPNG,5,5,high,CRS,0
PIPING LAYOUT AREA –A4 ARTIFICIAL LIFT OIL WELL SY-0105,6569-30-210-D1362-069-01,29-71-13-1641,1,PIPNG,Drawings,Drawings,package b schdule.xls,PIPNG,5,5,high,CRS,0
PIPING LAYOUT AREA –A9 ARTIFICIAL LIFT OIL WELL SY-0105,6569-30-210-D1362-069-02,29-71-13-1641,1,PIPNG,Drawings,Drawings,package b schdule.xls,PIPNG,5,5,high,CRS,0
PIPING LAYOUT AREA –A13 ARTIFICIAL LIFT OIL WELL SY-0105,6569-30-210-D1362-069-03,29-71-13-1641,1,PIPNG,Drawings,Drawings,package b schdule.xls,PIPNG,5,5,high,CRS,0
PIPING LAYOUT AREA –A14 ARTIFICIAL LIFT OIL WELL SY-0105,6569-30-210-D1362-069-04,29-71-13-1641,1,PIPNG,Drawings,Drawings,package b schdule.xls,PIPNG,5,5,high,CRS,0
PIPING LAYOUT AREA –A18 ARTIFICIAL LIFT OIL WELL SY-0105,6569-30-210-D1362-069-05,29-71-13-1641,1,PIPNG,Drawings,Drawings,package b schdule.xls,PIPNG,5,5,high,CRS,0
PIPING LAYOUT AREA –A23 ARTIFICIAL LIFT OIL WELL SY-0105,6569-30-210-D1362-069-06,29-71-13-1641,1,PIPNG,Drawings,Drawings,package b schdule.xls,PIPNG,5,5,high,CRS,0
PIPING LAYOUT AREA –A24 ARTIFICIAL LIFT OIL WELL SY-0105,6569-30-210-D1362-069-07,29-71-13-1641,1,PIPNG,Drawings,Drawings,package b schdule.xls,PIPNG,5,5,high,CRS,0
PIPING LAYOUT AREA –C3 ARTIFICIAL LIFT OIL WELL SY-0100,6569-30-210-D1362-070-01,29-71-13-1655,1,PIPNG,Drawings,Drawings,package b schdule.xls,PIPNG,5,5,high,CRS,0
PIPING LAYOUT AREA –C4 ARTIFICIAL LIFT OIL WELL SY-0100,6569-30-210-D1362-070-02,29-71-13-1655,1,PIPNG,Drawings,Drawings,package b schdule.xls,PIPNG,5,5,high,CRS,0
PIPING LAYOUT AREA –C3 ARTIFICIAL LIFT OIL WELL SY-0100,6569-30-210-D1362-070-03,29-71-13-1655,1,PIPNG,Drawings,Drawings,package b schdule.xls,PIPNG,5,5,high,CRS,0
PIPING LAYOUT AREA –C3 ARTIFICIAL LIFT OIL WELL SY-0100,6569-30-210-D1362-070-04,29-71-13-1655,1,PIPNG,Drawings,Drawings,package b schdule.xls,PIPNG,5,5,high,CRS,0
PIPING LAYOUT AREA –C3 ARTIFICIAL LIFT OIL WELL SY-0100,6569-30-210-D1362-070-05,29-71-13-1655,1,PIPNG,Drawings,Drawings,package b schdule.xls,PIPNG,5,5,high,CRS,0
PIPING LAYOUT AREA –C3 ARTIFICIAL LIFT OIL WELL SY-0100,6569-30-210-D1362-070-06,29-71-13-1655,1,PIPNG,Drawings,Drawings,package b schdule.xls,PIPNG,5,5,high,CRS,0
PIPING LAYOUT AREA –C3 ARTIFICIAL LIFT OIL WELL SY-0100,6569-30-210-D1362-070-07,29-71-13-1655,1,PIPNG,Drawings,Drawings,package b schdule.xls,PIPNG,5,5,high,CRS,0
PIPING LAYOUT AREA –B1 ARTIFICIAL LIFT OIL WELL SY-107,6569-30-210-D1362-071-01,29-71-13-1630,1,PIPNG,Drawings,Drawings,package b schdule.xls,PIPNG,5,5,high,CRS,0
PIPING LAYOUT AREA –B6 ARTIFICIAL LIFT OIL WELL SY-107,6569-30-210-D1362-072-01,29-71-13-1630,1,PIPNG,Drawings,Drawings,package b schdule.xls,PIPNG,5,5,high,CRS,0
PIPING LAYOUT AREA –B11 ARTIFICIAL LIFT OIL WELL SY-107,6569-30-210-D1362-073-01,29-71-13-1630,1,PIPNG,Drawings,Drawings,package b schdule.xls,PIPNG,5,5,high,CRS,0
PIPING LAYOUT AREA –B12 ARTIFICIAL LIFT OIL WELL SY-107,6569-30-210-D1362-074-01,29-71-13-1630,1,PIPNG,Drawings,Drawings,package b schdule.xls,PIPNG,5,5,high,CRS,0
PIPING LAYOUT AREA –B17 ARTIFICIAL LIFT OIL WELL SY-107,6569-30-210-D1362-075-01,29-71-13-1630,1,PIPNG,Drawings,Drawings,package b schdule.xls,PIPNG,5,5,high,CRS,0
PIPING LAYOUT AREA –B21 ARTIFICIAL LIFT OIL WELL SY-107,6569-30-210-D1362-076-01,29-71-13-1630,1,PIPNG,Drawings,Drawings,package b schdule.xls,PIPNG,5,5,high,CRS,0
PIPING LAYOUT AREA –B22 ARTIFICIAL LIFT OIL WELL SY-107,6569-30-210-D1362-077-01,29-71-13-1630,1,PIPNG,Drawings,Drawings,package b schdule.xls,PIPNG,5,5,high,CRS,0
PIPING LAYOUT AREA - D1 ARTIFICIAL LIFT OIL WELL SY - 102,6569-30-210-D1362-078-01,29-71-13-1640,1,PIPNG,Drawings,Drawings,package b schdule.xls,PIPNG,5,5,high,CRS,0
PIPING LAYOUT AREA – D2 ARTIFICIAL LIFT OIL WELL SY – 102,6569-30-210-D1362-079-01,29-71-13-1640,1,PIPNG,Drawings,Drawings,package b schdule.xls,PIPNG,5,5,high,CRS,0
PIPING LAYOUT AREA – D7 ARTIFICIAL LIFT OIL WELL SY – 102,6569-30-210-D1362-080-01,29-71-13-1640,1,PIPNG,Drawings,Drawings,package b schdule.xls,PIPNG,5,5,high,CRS,0
PIPING LAYOUT AREA – D11 ARTIFICIAL LIFT OIL WELL SY - 102,6569-30-210-D1362-081-01,29-71-13-1640,1,PIPNG,Drawings,Drawings,package b schdule.xls,PIPNG,5,5,high,CRS,0
PIPING LAYOUT AREA - D12 ARTIFICIAL LIFT OIL WELL SY – 102,6569-30-210-D1362-082-01,29-71-13-1640,1,PIPNG,Drawings,Drawings,package b schdule.xls,PIPNG,5,5,high,CRS,0
PIPING LAYOUT AREA - D16 ARTIFICIAL LIFT OIL WELL SY – 102,6569-30-210-D1362-083-01,29-71-13-1640,1,PIPNG,Drawings,Drawings,package b schdule.xls,PIPNG,5,5,high,CRS,0
PIPING LAYOUT AREA – D21 ARTIFICIAL LIFT OIL WELL SY - 102,6569-30-210-D1362-084-01,29-71-13-1640,1,PIPNG,Drawings,Drawings,package b schdule.xls,PIPNG,5,5,high,CRS,0
"GENERAL ARRANGEMENT PIPING SECTION –A,B,C,D ARTIFICIAL LIFT OIL WELL SY-098",6569-30-210-D1362-085-01,29-71-21-1649,,CIVIL,Drawings,Drawings,package b schdule.xls,PIPNG,9,5,high,CRS,0
GENERAL ARRANGEMENT PIPING SECTION –B ARTIFICIAL LIFT OIL WELL SY-096,6569-30-210-D1362-086-01,29-71-21-1658,A,PIPNG,Drawings,Drawings,package b schdule.xls,PIPNG,9,5,high,CRS,0
GENERAL ARRANGEMENT PIPING SECTION –C ARTIFICIAL LIFT OIL WELL SY-099,6569-30-210-D1362-087-01,29-71-21-1663,A,PIPNG,Drawings,Drawings,package b schdule.xls,PIPNG,9,5,high,CRS,0
GENERAL ARRANGEMENT PIPING SECTION –D ARTIFICIAL LIFT OIL WELL SY-095,6569-30-210-D1362-088-01,29-71-21-1676,A,PIPNG,Drawings,Drawings,package b schdule.xls,PIPNG,9,5,high,CRS,0
GENERAL ARRANGEMENT PIPING SECTION –B ARTIFICIAL LIFT OIL WELL SY-094,6569-30-210-D1362-099-01,29-71-21-1646,A,PIPNG,Drawings,Drawings,package b schdule.xls,PIPNG,9,5,high,CRS,0
PIPING LAYOUT AREA -A4 ARTIFICIAL LIFT OIL WELL SY-098,6569-30-210-D1362-100-01,29-71-13-1649,A,PIPNG,Drawings,Drawings,package b schdule.xls,PIPNG,5,5,high,CRS,0
PIPING LAYOUT AREA -A9 ARTIFICIAL LIFT OIL WELL SY-098,6569-30-210-D1362-101-01,29-71-13-1649,A,PIPNG,Drawings,Drawings,package b schdule.xls,PIPNG,5,5,high,CRS,0
PIPING LAYOUT AREA -A14 ARTIFICIAL LIFT OIL WELL SY-098,6569-30-210-D1362-102-01,29-71-13-1649,A,PIPNG,Drawings,Drawings,package b schdule.xls,PIPNG,5,5,high,CRS,0
PIPING LAYOUT AREA -A15 ARTIFICIAL LIFT OIL WELL SY-098,6569-30-210-D1362-103-01,29-71-13-1649,A,PIPNG,Drawings,Drawings,package b schdule.xls,PIPNG,5,5,high,CRS,0
PIPING LAYOUT AREA -A20 ARTIFICIAL LIFT OIL WELL SY-098,6569-30-210-D1362-104-01,29-71-13-1649,A,PIPNG,Drawings,Drawings,package b schdule.xls,PIPNG,5,5,high,CRS,0
PIPING LAYOUT AREA -A24 ARTIFICIAL LIFT OIL WELL SY-098,6569-30-210-D1362-105-01,29-71-13-1649,A,PIPNG,Drawings,Drawings,package b schdule.xls,PIPNG,5,5,high,CRS,0
PIPING LAYOUT AREA -A25 ARTIFICIAL LIFT OIL WELL SY-098,6569-30-210-D1362-106-01,29-71-13-1649,A,PIPNG,Drawings,Drawings,package b schdule.xls,PIPNG,5,5,high,CRS,0
PIPING LAYOUT AREA –B1 ARTIFICIAL LIFT OIL WELL SY-096,6569-30-210-D1362-107-01,29-71-13-1658,,PIPNG,Drawings,Drawings,package b schdule.xls,PIPNG,5,5,high,CRS,0
PIPING LAYOUT AREA –B6 ARTIFICIAL LIFT OIL WELL SY-096,6569-30-210-D1362-108-01,29-71-13-1658,,PIPNG,Drawings,Drawings,package b schdule.xls,PIPNG,5,5,high,CRS,0
PIPING LAYOUT AREA –B11 ARTIFICIAL LIFT OIL WELL SY-096,6569-30-210-D1362-109-01,29-71-13-1658,,PIPNG,Drawings,Drawings,package b schdule.xls,PIPNG,5,5,high,CRS,0
PIPING LAYOUT AREA –B12 ARTIFICIAL LIFT OIL WELL SY-096,6569-30-210-D1362-110-01,29-71-13-1658,,PIPNG,Drawings,Drawings,package b schdule.xls,PIPNG,5,5,high,CRS,0
PIPING LAYOUT AREA –B17 ARTIFICIAL LIFT OIL WELL SY-096,6569-30-210-D1362-111-01,29-71-13-1658,,PIPNG,Drawings,Drawings,package b schdule.xls,PIPNG,5,5,high,CRS,0
PIPING LAYOUT AREA –B21 ARTIFICIAL LIFT OIL WELL SY-096,6569-30-210-D1362-112-01,29-71-13-1658,,PIPNG,Drawings,Drawings,package b schdule.xls,PIPNG,5,5,high,CRS,0
PIPING LAYOUT AREA –B22 ARTIFICIAL LIFT OIL WELL SY-096,6569-30-210-D1362-113-01,29-71-13-1658,,PIPNG,Drawings,Drawings,package b schdule.xls,PIPNG,5,5,high,CRS,0
PIPING LAYOUT AREA –C4 ARTIFICIAL LIFT OIL WELL SY-099,6569-30-210-D1362-114-01,29-71-13-1663,A,PIPNG,Drawings,Drawings,package b schdule.xls,PIPNG,5,5,high,CRS,0
PIPING LAYOUT AREA –C5 ARTIFICIAL LIFT OIL WELL SY-099,6569-30-210-D1362-115-01,29-71-13-1663,A,PIPNG,Drawings,Drawings,package b schdule.xls,PIPNG,5,5,high,CRS,0
PIPING LAYOUT AREA –C9 ARTIFICIAL LIFT OIL WELL SY-099,6569-30-210-D1362-116-01,29-71-13-1663,A,PIPNG,Drawings,Drawings,package b schdule.xls,PIPNG,5,5,high,CRS,0
PIPING LAYOUT AREA –C10 ARTIFICIAL LIFT OIL WELL SY-099,6569-30-210-D1362-117-01,29-71-13-1663,A,PIPNG,Drawings,Drawings,package b schdule.xls,PIPNG,5,5,high,CRS,0
PIPING LAYOUT AREA –C15 ARTIFICIAL LIFT OIL WELL SY-099,6569-30-210-D1362-118-01,29-71-13-1663,A,PIPNG,Drawings,Drawings,package b schdule.xls,PIPNG,5,5,high,CRS,0
PIPING LAYOUT AREA –C20 ARTIFICIAL LIFT OIL WELL SY-099,6569-30-210-D1362-119-01,29-71-13-1663,A,PIPNG,Drawings,Drawings,package b schdule.xls,PIPNG,5,5,high,CRS,0
PIPING LAYOUT AREA –C25 ARTIFICAL LIFT OIL WELL SY-099,6569-30-210-D1362-120-01,29-71-13-1663,A,PIPNG,Drawings,Drawings,package b schdule.xls,PIPNG,5,5,high,CRS,0
PIPING LAYOUT AREA –D6 ARTIFICAL LIFT OIL WELL SY-095,6569-30-210-D1362-121-01,29-71-13-1676,A,PIPNG,Drawings,Drawings,package b schdule.xls,PIPNG,5,5,high,CRS,0
PIPING LAYOUT AREA –D7 ARTIFICAL LIFT OIL WELL SY-095,6569-30-210-D1362-122-01,29-71-13-1676,A,PIPNG,Drawings,Drawings,package b schdule.xls,PIPNG,5,5,high,CRS,0
PIPING LAYOUT AREA –D11 ARTIFICAL LIFT OIL WELL SY-095,6569-30-210-D1362-123-01,29-71-13-1676,A,PIPNG,Drawings,Drawings,package b schdule.xls,PIPNG,5,5,high,CRS,0
PIPING LAYOUT AREA –D12 ARTIFICAL LIFT OIL WELL SY-095,6569-30-210-D1362-124-01,29-71-13-1676,A,PIPNG,Drawings,Drawings,package b schdule.xls,PIPNG,5,5,high,CRS,0
PIPING LAYOUT AREA –D17 ARTIFICAL LIFT OIL WELL SY-095,6569-30-210-D1362-125-01,29-71-13-1676,A,PIPNG,Drawings,Drawings,package b schdule.xls,PIPNG,5,5,high,CRS,0
PIPING LAYOUT AREA –D18 ARTIFICIAL LIFT OIL WELL SY-095,6569-30-210-D1362-126-01,29-71-13-1676,A,PIPNG,Drawings,Drawings,package b schdule.xls,PIPNG,5,5,high,CRS,0
PIPING LAYOUT AREA –D19 ARTIFICIAL LIFT OIL WELL SY-095,6569-30-210-D1362-127-01,29-71-13-1676,A,PIPNG,Drawings,Drawings,package b schdule.xls,PIPNG,5,5,high,CRS,0
GENERAL ARRANGEMENT PIPING SECTION-A ARTIFICIAL LIFT OIL WELL SY-091,6569-30-210-D1362-128-01,29-71-21-1625,A,PIPNG,Drawings,Drawings,package b schdule.xls,PIPNG,9,5,high,CRS,0
PIPING LAYOUT AREA –B11 ARTIFICIAL LIFT OIL WELL SY -094,6569-30-210-D1362-129-01,29-71-04-1646,,PIPNG,Drawings,Drawings,package b schdule.xls,PIPNG,5,5,high,CRS,0
PIPING LAYOUT AREA –B12 ARTIFICIAL LIFT OIL WELL SY -094,6569-30-210-D1362-129-02,29-71-04-1646,,PIPNG,Drawings,Drawings,package b schdule.xls,PIPNG,5,5,high,CRS,0
PIPING LAYOUT AREA-B16 ARTIFICIAL LIFT OIL WELL SY-094,6569-30-210-D1362-129-03,29-71-04-1646,,PIPNG,Drawings,Drawings,package b schdule.xls,PIPNG,5,5,high,CRS,0
PIPING LAYOUT AREA-B17 ARTIFICIAL LIFT OIL WELL SY-094,6569-30-210-D1362-129-04,29-71-04-1646,,PIPNG,Drawings,Drawings,package b schdule.xls,PIPNG,5,5,high,CRS,0
PIPING LAYOUT AREA-B18 ARTIFICIAL LIFT OIL WELL SY-094,6569-30-210-D1362-129-05,29-71-04-1646,,PIPNG,Drawings,Drawings,package b schdule.xls,PIPNG,5,5,high,CRS,0
PIPING LAYOUT AREA-B19 ARTIFICIAL LIFT OIL WELL SY-094,6569-30-210-D1362-129-06,29-71-04-1646,,PIPNG,Drawings,Drawings,package b schdule.xls,PIPNG,5,5,high,CRS,0
PIPING LAYOUT AREA –A12 ARTIFICIAL LIFT OIL WELL SY -091,6569-30-210-D1362-130-01,29-71-13-1625,,PIPNG,Drawings,Drawings,package b schdule.xls,PIPNG,5,5,high,CRS,0
PIPING LAYOUT AREA –A13 ARTIFICIAL LIFT OIL WELL SY -091,6569-30-210-D1362-130-02,29-71-13-1625,,PIPNG,Drawings,Drawings,package b schdule.xls,PIPNG,5,5,high,CRS,0
PIPING LAYOUT AREA –A14 ARTIFICIAL LIFT OIL WELL SY -091,6569-30-210-D1362-130-03,29-71-13-1625,,PIPNG,Drawings,Drawings,package b schdule.xls,PIPNG,5,5,high,CRS,0
PIPING LAYOUT AREA –A19 ARTIFICIAL LIFT OIL WELL SY -091,6569-30-210-D1362-130-04,29-71-13-1625,,PIPNG,Drawings,Drawings,package b schdule.xls,PIPNG,5,5,high,CRS,0
PIPING LAYOUT AREA –A20 ARTIFICIAL LIFT OIL WELL SY -091,6569-30-210-D1362-130-05,29-71-13-1625,,PIPNG,Drawings,Drawings,package b schdule.xls,PIPNG,5,5,high,CRS,0
PIPING LAYOUT AREA –A24 ARTIFICIAL LIFT OIL WELL SY -091,6569-30-210-D1362-130-06,29-71-13-1625,,PIPNG,Drawings,Drawings,package b schdule.xls,PIPNG,5,5,high,CRS,0
PIPING LAYOUT AREA –A25 ARTIFICIAL LIFT OIL WELL SY -091,6569-30-210-D1362-130-07,29-71-13-1625,,PIPNG,Drawings,Drawings,package b schdule.xls,PIPNG,5,5,high,CRS,0
INSTRUMENT LOOP DRAWINGS - SY-86  WELL,6569-30-210-D1378-001-01,29-71-41-1601,,INST,Drawings,Drawings,package b schdule.xls,INST,4,4,medium,CRS,0
INSTRUMENT JB INTERCONNECTION / TERMINATION DRAWINGS - SY-86  WELL,6569-30-210-D1378-002-01,29-71-47-1601,,INST,Drawings,Drawings,package b schdule.xls,INST,4,4,medium,CRS,0
INSTRUMENT AND TELECOM CABLE ROUTING / TRENCH LAYOUT  - SY-86  WELL,6569-30-210-D1378-003-01,29-71-49-1601,,INST,Drawings,Drawings,package b schdule.xls,INST,9,5,high,CRS,0
INSTRUMENT CABLE BLOCK DIAGRAM - SY-86  WELL,6569-30-210-D1378-004-01,29-71-49-1626,,INST,Drawings,Drawings,package b schdule.xls,INST,8,4,medium,CRS,0
FIRE AND GAS DETECTOR LAYOUT  - SY-86  WELL,6569-30-210-D1378-005-01,29-71-45-1601,,INST,Drawings,Drawings,package b schdule.xls,HSE,5,5,high,CRS,0
INSTRUMENT LOOP DRAWINGS (DCS/ESD & F&G SIGNALS) (SHAH AREA SY-087 WELL),6569-30-210-D1378-006-01,29-71-41-1602,1,INST,Drawings,Drawings,package b schdule.xls,HSE,4,4,medium,CRS,0
INSTRUMENT TERMINATION DIAGRAMS (SHAH AREA SY-087 WELL),6569-30-210-D1378-007-01,29-71-47-1602,A,INST,Drawings,Drawings,package b schdule.xls,INST,4,4,medium,CRS,0
INSTRUMENT AND TELECOM CABLE ROUTING / TRENCH LAYOUT SY-087 WELL,6569-30-210-D1378-008-01,29-71-49-1602,B,INST,Drawings,Drawings,package b schdule.xls,INST,9,5,high,CRS,0
INSTRUMENT CABLE BLOCK DIAGRAM - SY-87  WELL,6569-30-210-D1378-009-01,29-71-49-1627,1,INST,Drawings,Drawings,package b schdule.xls,INST,8,4,medium,CRS,0
FIRE AND GAS DETECTOR LAYOUT  - SY-87  WELL,6569-30-210-D1378-010-01,29-71-45-1602,,INST,Drawings,Drawings,package b schdule.xls,HSE,5,5,high,CRS,0
INSTRUMENT LOOP DRAWINGS (DCS/ESD & F&G SIGNALS) (SHAH AREA SY-093 WELL),6569-30-210-D1378-011-01,29-71-41-1603,1,INST,Drawings,Drawings,package b schdule.xls,HSE,4,4,medium,CRS,0
INSTRUMENT TERMINATION DIAGRAMS (SHAH AREA SY-093 WELL),6569-30-210-D1378-012-01,29-71-47-1603,A,INST,Drawings,Drawings,package b schdule.xls,INST,4,4,medium,CRS,0
INSTRUMENT AND TELECOM CABLE ROUTING / TRENCH LAYOUT  - Sy-93 WELL,6569-30-210-D1378-013-01,29-71-49-1603,A,INST,Drawings,Drawings,package b schdule.xls,INST,9,5,high,CRS,0
INSTRUMENT CABLE BLOCK DIAGRAM ESP-WELL SY-093 SHAH,6569-30-210-D1378-014-01,29-71-49-1628,1,INST,Drawings,Drawings,package b schdule.xls,INST,8,4,medium,CRS,0
FIRE AND GAS DETECTOR LAYOUT  - Sy-93 WELL,6569-30-210-D1378-015-01,29-71-45-1603,,INST,Drawings,Drawings,package b schdule.xls,HSE,5,5,high,CRS,0
INSTRUMENT LOOP DRAWINGS- SY-88  WELL,6569-30-210-D1378-016-01,29-71-41-1604,A,INST,Drawings,Drawings,package b schdule.xls,INST,4,4,medium,CRS,0
INSTRUMENT TERMINATION DIAGRAMS (SHAH AREA SY -088 WELL),6569-30-210-D1378-017-01,29-71-47-1604,A,INST,Drawings,Drawings,package b schdule.xls,INST,4,4,medium,CRS,0
INSTRUMENT & TELECOM CABLE ROUTING / TRENCH LAYOUT SY-084 WELL,6569-30-210-D1378-018-01,29-71-49-1604,B,INST,Drawings,Drawings,package b schdule.xls,INST,9,5,high,CRS,0
INSTRUMENT CABLE BLOCK DIAGRAM- SY-88  WELL,6569-30-210-D1378-019-01,29-71-49-1629,1,INST,Drawings,Drawings,package b schdule.xls,INST,8,4,medium,CRS,0
FIRE AND GAS DETECTOR LAYOUT - SY-88  WELL,6569-30-210-D1378-020-01,29-71-45-1604,,INST,Drawings,Drawings,package b schdule.xls,HSE,5,5,high,CRS,0
INSTRUMENT LOOP DRAWINGS (DCS / ESD & F&G SIGNALS (SHAH AREA SY-089 WELL),6569-30-210-D1378-021-01,29-71-41-1605,A,INST,Drawings,Drawings,package b schdule.xls,HSE,4,4,medium,CRS,0
INSTRUMENT JB INTERCONNECTION / TERMINATION DRAWINGS - SY-89  WELL,6569-30-210-D1378-022-01,29-71-47-1605,A,INST,Drawings,Drawings,package b schdule.xls,INST,4,4,medium,CRS,0
INSTRUMENT AND TELECOM CABLE ROUTING / TRENCH LAYOUT SY-089 WELL,6569-30-210-D1378-023-01,29-71-49-1605,B,INST,Drawings,Drawings,package b schdule.xls,INST,9,5,high,CRS,0
INSTRUMENT CABLE BLOCK DIAGRAM - SY-89  WELL,6569-30-210-D1378-024-01,29-71-49-1630,1,INST,Drawings,Drawings,package b schdule.xls,INST,8,4,medium,CRS,0
FIRE AND GAS DETECTOR LAYOUT  - SY-89  WELL,6569-30-210-D1378-025-01,29-71-45-1605,,INST,Drawings,Drawings,package b schdule.xls,HSE,5,5,high,CRS,0
INSTRUMENT LOOP DRAWINGS - SY-90  WELL,6569-30-210-D1378-026-01,29-71-41-1606,A,INST,Drawings,Drawings,package b schdule.xls,INST,4,4,medium,CRS,0
INSTRUMENT TERMINATION DIAGRAMS (SHAH AREA SY -090 WELL,6569-30-210-D1378-027-01,29-71-47-1606,A,INST,Drawings,Drawings,package b schdule.xls,INST,4,4,medium,CRS,0
INSTRUMENT & TELECOM CABLE ROUTING / TRENCH LAYOUT SY-090 WELL,6569-30-210-D1378-028-01,29-71-49-1606,B,INST,Drawings,Drawings,package b schdule.xls,INST,9,5,high,CRS,0
INSTRUMENT CABLE BLOCK DIAGRAM - SY-90  WELL,6569-30-210-D1378-029-01,29-71-49-1631,1,INST,Drawings,Drawings,package b schdule.xls,INST,8,4,medium,CRS,0
FIRE AND GAS DETECTOR LAYOUT  - SY-90  WELL,6569-30-210-D1378-030-01,29-71-45-1606,,INST,Drawings,Drawings,package b schdule.xls,HSE,5,5,high,CRS,0
INSTRUMENT LOOP DRAWINGS - SY-91  WELL,6569-30-210-D1378-031-01,29-71-41-1607,,INST,Drawings,Drawings,package b schdule.xls,INST,4,4,medium,CRS,0
INSTRUMENT JB INTERCONNECTION / TERMINATION DRAWINGS - SY-91  WELL,6569-30-210-D1378-032-01,29-71-47-1607,,INST,Drawings,Drawings,package b schdule.xls,INST,4,4,medium,CRS,0
INSTRUMENT AND TELECOM CABLE ROUTING / TRENCH LAYOUT  - SY-91  WELL,6569-30-210-D1378-033-01,29-71-49-1607,,INST,Drawings,Drawings,package b schdule.xls,INST,9,5,high,CRS,0
INSTRUMENT CABLE BLOCK DIAGRAM - SY-91  WELL,6569-30-210-D1378-034-01,29-71-49-1632,A,INST,Drawings,Drawings,package b schdule.xls,INST,8,4,medium,CRS,0
FIRE AND GAS DETECTOR LAYOUT  - SY-91  WELL,6569-30-210-D1378-035-01,29-71-45-1607,,INST,Drawings,Drawings,package b schdule.xls,HSE,5,5,high,CRS,0
INSTRUMENT LOOP DRAWINGS - SY-92  WELL,6569-30-210-D1378-036-01,29-71-41-1608,,INST,Drawings,Drawings,package b schdule.xls,INST,4,4,medium,CRS,0
INSTRUMENT TERMINATION DIAGRAMS (SHAH AREA SY-107 WELL),6569-30-210-D1378-037-01,29-71-47-1608,A,INST,Drawings,Drawings,package b schdule.xls,INST,4,4,medium,CRS,0
INSTRUMENT AND TELECOM CABLE ROUTING / TRENCH LAYOUT SY-107 WELL,6569-30-210-D1378-038-01,29-71-49-1608,A,INST,Drawings,Drawings,package b schdule.xls,INST,9,5,high,CRS,0
INSTRUMENT CABLE BLOCK DIAGRAM ESP WELL SY-107 SHAH,6569-30-210-D1378-039-01,29-71-49-1633,1,INST,Drawings,Drawings,package b schdule.xls,INST,8,4,medium,CRS,0
FIRE AND GAS DETECTOR LAYOUT  - SY-92  WELL,6569-30-210-D1378-040-01,29-71-45-1608,,INST,Drawings,Drawings,package b schdule.xls,HSE,5,5,high,CRS,0
INSTRUMENT LOOP DRAWINGS - SY-85  WELL,6569-30-210-D1378-041-01,29-71-41-1609,A,INST,Drawings,Drawings,package b schdule.xls,INST,4,4,medium,CRS,0
INSTRUMENT JB INTERCONNECTION / TERMINATION DRAWINGS - SY-85  WELL,6569-30-210-D1378-042-01,29-71-47-1609,A,INST,Drawings,Drawings,package b schdule.xls,INST,4,4,medium,CRS,0
INSTRUMENT AND TELECOM CABLE ROUTING/ TRENCH LAYOUT SY-085 WELL,6569-30-210-D1378-043-01,29-71-49-1609,B,INST,Drawings,Drawings,package b schdule.xls,INST,9,5,high,CRS,0
INSTRUMENT CABLE BLOCK DIAGRAM ESP WELL SY-085 SHAH,6569-30-210-D1378-044-01,29-71-49-1634,1,INST,Drawings,Drawings,package b schdule.xls,INST,8,4,medium,CRS,0
FIRE AND GAS DETECTOR LAYOUT - SY-85  WELL,6569-30-210-D1378-045-01,29-71-45-1609,,INST,Drawings,Drawings,package b schdule.xls,HSE,5,5,high,CRS,0
INSTRUEMENT LOOP DRAWINGS (DCS/ESD & F&G SIGNALS (SHAH AREA SY-102 WELL),6569-30-210-D1378-046-01,29-71-41-1610,A,INST,Drawings,Drawings,package b schdule.xls,HSE,4,4,medium,CRS,0
INSTRUMENT TERMINATION DIAGRAMS (SHAH AREA SY-102 WELL),6569-30-210-D1378-047-01,29-71-47-1610,A,INST,Drawings,Drawings,package b schdule.xls,INST,4,4,medium,CRS,0
INSTRUMENT AND TELECOM CABLE ROUTING / TRENCH LAYOUT  - Sy-102  WELL,6569-30-210-D1378-048-01,29-71-49-1610,A,INST,Drawings,Drawings,package b schdule.xls,INST,9,5,high,CRS,0
INSTRUMENT CABLE BLOCK DIAGRAM ESP WELL SY-102 SHAH,6569-30-210-D1378-049-01,29-71-49-1635,1,INST,Drawings,Drawings,package b schdule.xls,INST,8,4,medium,CRS,0
FIRE AND GAS DETECTOR LAYOUT  - Sy-102  WELL,6569-30-210-D1378-050-01,29-71-45-1610,,INST,Drawings,Drawings,package b schdule.xls,HSE,5,5,high,CRS,0
INSTRUEMENT LOOP DRAWINGS (DCS/ESD & F&G SIGNALS (SHAH AREA SY-106 WELL),6569-30-210-D1378-051-01,29-71-41-1611,A,INST,Drawings,Drawings,package b schdule.xls,HSE,4,4,medium,CRS,0
IN INSTRUMENT TERMINATION DIAGRAMS (SHAH AREA SY-105 WELL),6569-30-210-D1378-052-01,29-71-47-1611,A,INST,Drawings,Drawings,package b schdule.xls,INST,4,4,medium,CRS,0
INSTRUMENT AND TELECOM CABLE ROUTING / TRENCH LAYOUT SY-105 WELL,6569-30-210-D1378-053-01,29-71-49-1611,A,INST,Drawings,Drawings,package b schdule.xls,INST,9,5,high,CRS,0
INSTRUMENT CABLE BLOCK DIAGRAM ESP WELL SY-105 SHAH,6569-30-210-D1378-054-01,29-71-49-1636,1,INST,Drawings,Drawings,package b schdule.xls,INST,8,4,medium,CRS,0
FIRE AND GAS DETECTOR LAYOUT  - Sy-105  WELL,6569-30-210-D1378-055-01,29-71-45-1611,,INST,Drawings,Drawings,package b schdule.xls,HSE,5,5,high,CRS,0
INSTRUMENT LOOP DRAWINGS - Sy-94  WELL,6569-30-210-D1378-056-01,29-71-41-1612,,INST,Drawings,Drawings,package b schdule.xls,INST,4,4,medium,CRS,0
INSTRUMENT JB INTERCONNECTION / TERMINATION DRAWINGS - Sy-94  WELL,6569-30-210-D1378-057-01,29-71-47-1612,,INST,Drawings,Drawings,package b schdule.xls,INST,4,4,medium,CRS,0
INSTRUMENT AND TELECOM CABLE ROUTING / TRENCH LAYOUT  - Sy-94  WELL,6569-30-210-D1378-058-01,29-71-49-1612,,INST,Drawings,Drawings,package b schdule.xls,INST,9,5,high,CRS,0
INSTRUMENT CABLE BLOCK DIAGRAM - Sy-94  WELL,6569-30-210-D1378-059-01,29-71-49-1637,,INST,Drawings,Drawings,package b schdule.xls,INST,8,4,medium,CRS,0
FIRE AND GAS DETECTOR LAYOUT  - Sy-94  WELL,6569-30-210-D1378-060-01,29-71-45-1612,,INST,Drawings,Drawings,package b schdule.xls,HSE,5,5,high,CRS,0
INSTRUMENT LOOP DRAWINGS- P61LH  WELL,6569-30-210-D1378-061-01,29-71-41-1613,,INST,Drawings,Drawings,package b schdule.xls,INST,4,4,medium,CRS,0
INSTRUMENT TERMINATION DIAGRAMS (SHAH AREA SY -100 WELL,6569-30-210-D1378-062-01,29-71-47-1613,A,INST,Drawings,Drawings,package b schdule.xls,INST,4,4,medium,CRS,0
INSTRUMENT AND TELECOM CABLE ROUTING / TRENCH SY- 100 WELL,6569-30-210-D1378-063-01,29-71-49-1613,A,INST,Drawings,Drawings,package b schdule.xls,INST,4,4,medium,CRS,0
INSTRUMENT CABLE BLOCK DIAGRAM ESP WELL SY-100 SHAH,6569-30-210-D1378-064-01,29-71-49-1638,1,INST,Drawings,Drawings,package b schdule.xls,INST,8,4,medium,CRS,0
FIRE AND GAS DETECTOR LAYOUT - P61LH  WELL,6569-30-210-D1378-065-01,29-71-45-1613,,INST,Drawings,Drawings,package b schdule.xls,HSE,5,5,high,CRS,0
INSTRUMENT LOOP DRAWINGS - Sy-100  WELL,6569-30-210-D1378-066-01,29-71-41-1614,,INST,Drawings,Drawings,package b schdule.xls,INST,4,4,medium,CRS,0
INSTRUMENT JB INTERCONNECTION / TERMINATION DRAWINGS - Sy-100  WELL,6569-30-210-D1378-067-01,29-71-47-1614,,INST,Drawings,Drawings,package b schdule.xls,INST,4,4,medium,CRS,0
INSTRUMENT AND TELECOM CABLE ROUTING / TRENCH LAYOUT  - Sy-100  WELL,6569-30-210-D1378-068-01,29-71-49-1614,,INST,Drawings,Drawings,package b schdule.xls,INST,9,5,high,CRS,0
INSTRUMENT CABLE BLOCK DIAGRAM - Sy-100  WELL,6569-30-210-D1378-069-01,29-71-49-1639,A,INST,Drawings,Drawings,package b schdule.xls,INST,8,4,medium,CRS,0
FIRE AND GAS DETECTOR LAYOUT  - Sy-100  WELL,6569-30-210-D1378-070-01,29-71-45-1614,,INST,Drawings,Drawings,package b schdule.xls,HSE,5,5,high,CRS,0
INSTRUMENT LOOP DRAWINGS - Sy-96  WELL,6569-30-210-D1378-071-01,29-71-41-1615,,INST,Drawings,Drawings,package b schdule.xls,INST,4,4,medium,CRS,0
INSTRUMENT JB INTERCONNECTION / TERMINATION DRAWINGS - Sy-96  WELL,6569-30-210-D1378-072-01,29-71-47-1615,,INST,Drawings,Drawings,package b schdule.xls,INST,4,4,medium,CRS,0
INSTRUMENT AND TELECOM CABLE ROUTING / TRENCH LAYOUT  - Sy-96  WELL,6569-30-210-D1378-073-01,29-71-49-1615,,INST,Drawings,Drawings,package b schdule.xls,INST,9,5,high,CRS,0
INSTRUMENT CABLE BLOCK DIAGRAM - Sy-96  WELL,6569-30-210-D1378-074-01,29-71-49-1640,A,INST,Drawings,Drawings,package b schdule.xls,INST,8,4,medium,CRS,0
FIRE AND GAS DETECTOR LAYOUT  - Sy-96  WELL,6569-30-210-D1378-075-01,29-71-45-1615,,INST,Drawings,Drawings,package b schdule.xls,HSE,5,5,high,CRS,0
INSTRUMENT LOOP DRAWINGS - Sy-99  WELL,6569-30-210-D1378-076-01,29-71-41-1616,,INST,Drawings,Drawings,package b schdule.xls,INST,4,4,medium,CRS,0
INSTRUMENT JB INTERCONNECTION / TERMINATION DRAWINGS - Sy-99  WELL,6569-30-210-D1378-077-01,29-71-47-1616,,INST,Drawings,Drawings,package b schdule.xls,INST,4,4,medium,CRS,0
INSTRUMENT AND TELECOM CABLE ROUTING / TRENCH LAYOUT  - Sy-99  WELL,6569-30-210-D1378-078-01,29-71-49-1616,,INST,Drawings,Drawings,package b schdule.xls,INST,9,5,high,CRS,0
INSTRUMENT CABLE BLOCK DIAGRAM - Sy-99  WELL,6569-30-210-D1378-079-01,29-71-49-1641,A,INST,Drawings,Drawings,package b schdule.xls,INST,8,4,medium,CRS,0
FIRE AND GAS DETECTOR LAYOUT  - Sy-99  WELL,6569-30-210-D1378-080-01,29-71-45-1616,,INST,Drawings,Drawings,package b schdule.xls,HSE,5,5,high,CRS,0
INSTRUMENT LOOP DRAWINGS - PSy-104  WELL,6569-30-210-D1378-081-01,29-71-41-1617,,INST,Drawings,Drawings,package b schdule.xls,INST,4,4,medium,CRS,0
INSTRUMENT JB INTERCONNECTION / TERMINATION DRAWINGS - PSy-104  WELL,6569-30-210-D1378-082-01,29-71-47-1617,,INST,Drawings,Drawings,package b schdule.xls,INST,4,4,medium,CRS,0
INSTRUMENT AND TELECOM CABLE ROUTING / TRENCH LAYOUT  - PSy-104  WELL,6569-30-210-D1378-083-01,29-71-49-1617,,INST,Drawings,Drawings,package b schdule.xls,INST,9,5,high,CRS,0
INSTRUMENT CABLE BLOCK DIAGRAM - PSy-104  WELL,6569-30-210-D1378-084-01,29-71-49-1642,A,INST,Drawings,Drawings,package b schdule.xls,INST,8,4,medium,CRS,0
FIRE AND GAS DETECTOR LAYOUT  - PSy-104  WELL,6569-30-210-D1378-085-01,29-71-45-1617,,INST,Drawings,Drawings,package b schdule.xls,HSE,5,5,high,CRS,0
INSTRUMENT LOOP DRAWINGS - PSy-101  WELL,6569-30-210-D1378-086-01,29-71-41-1618,,INST,Drawings,Drawings,package b schdule.xls,INST,4,4,medium,CRS,0
INSTRUMENT JB INTERCONNECTION / TERMINATION DRAWINGS - PSy-101  WELL,6569-30-210-D1378-087-01,29-71-47-1618,,INST,Drawings,Drawings,package b schdule.xls,INST,4,4,medium,CRS,0
INSTRUMENT AND TELECOM CABLE ROUTING / TRENCH LAYOUT  - PSy-101  WELL,6569-30-210-D1378-088-01,29-71-49-1618,,INST,Drawings,Drawings,package b schdule.xls,INST,9,5,high,CRS,0
INSTRUMENT CABLE BLOCK DIAGRAM - PSy-101  WELL,6569-30-210-D1378-089-01,29-71-49-1643,A,INST,Drawings,Drawings,package b schdule.xls,INST,8,4,medium,CRS,0
FIRE AND GAS DETECTOR LAYOUT  - PSy-101  WELL,6569-30-210-D1378-090-01,29-71-45-1618,,INST,Drawings,Drawings,package b schdule.xls,HSE,5,5,high,CRS,0
INSTRUMENT LOOP DRAWINGS - Sy-95  WELL,6569-30-210-D1378-091-01,29-71-41-1619,,INST,Drawings,Drawings,package b schdule.xls,INST,4,4,medium,CRS,0
INSTRUMENT JB INTERCONNECTION / TERMINATION DRAWINGS - Sy-95  WELL,6569-30-210-D1378-092-01,29-71-47-1619,,INST,Drawings,Drawings,package b schdule.xls,INST,4,4,medium,CRS,0
INSTRUMENT AND TELECOM CABLE ROUTING / TRENCH LAYOUT  - Sy-95  WELL,6569-30-210-D1378-093-01,29-71-49-1619,,INST,Drawings,Drawings,package b schdule.xls,INST,9,5,high,CRS,0
INSTRUMENT CABLE BLOCK DIAGRAM - Sy-95  WELL,6569-30-210-D1378-094-01,29-71-49-1644,,INST,Drawings,Drawings,package b schdule.xls,INST,8,4,medium,CRS,0
FIRE AND GAS DETECTOR LAYOUT  - Sy-95  WELL,6569-30-210-D1378-095-01,29-71-45-1619,,INST,Drawings,Drawings,package b schdule.xls,HSE,5,5,high,CRS,0
INSTRUMENT LOOP DRAWINGS - Sy-103  WELL,6569-30-210-D1378-096-01,29-71-41-1620,,INST,Drawings,Drawings,package b schdule.xls,INST,4,4,medium,CRS,0
INSTRUMENT JB INTERCONNECTION / TERMINATION DRAWINGS -Sy-103  WELL,6569-30-210-D1378-097-01,29-71-47-1620,,INST,Drawings,Drawings,package b schdule.xls,INST,4,4,medium,CRS,0
INSTRUMENT AND TELECOM CABLE ROUTING / TRENCH LAYOUT  - Sy-103  WELL,6569-30-210-D1378-098-01,29-71-49-1620,,INST,Drawings,Drawings,package b schdule.xls,INST,9,5,high,CRS,0
INSTRUMENT CABLE BLOCK DIAGRAM - Sy-103  WELL,6569-30-210-D1378-099-01,29-71-49-1645,,INST,Drawings,Drawings,package b schdule.xls,INST,8,4,medium,CRS,0
FIRE AND GAS DETECTOR LAYOUT  - Sy-103  WELL,6569-30-210-D1378-100-01,29-71-45-1920,,INST,Drawings,Drawings,package b schdule.xls,HSE,5,5,high,CRS,0
INSTRUMENT LOCATION LAYOUT - SY-86 WELL,6569-30-210-D1378-101-01,29-71-44-1601,,INST,Drawings,Drawings,package b schdule.xls,INST,5,5,high,CRS,0
INSTRUMENT LOCATION LAYOUT SY-087 WELL,6569-30-210-D1378-102-01,29-71-44-1602,1,INST,Drawings,Drawings,package b schdule.xls,INST,5,5,high,CRS,0
INSTRUMENT LOCATION LAYOUT - Sy-93 WELL,6569-30-210-D1378-103-01,29-71-44-1603,A,INST,Drawings,Drawings,package b schdule.xls,INST,5,5,high,CRS,0
INSTRUMENT LOCATION LAYOUT - SY-88 WELL,6569-30-210-D1378-104-01,29-71-44-1604,1,INST,Drawings,Drawings,package b schdule.xls,INST,5,5,high,CRS,0
INSTRUMENT LOCATION LAYOUT - SY-89 WELL,6569-30-210-D1378-105-01,29-71-44-1605,1,INST,Drawings,Drawings,package b schdule.xls,INST,5,5,high,CRS,0
INSTRUMENT LOCATION LAYOUT - SY-90 WELL,6569-30-210-D1378-106-01,29-71-44-1606,B,INST,Drawings,Drawings,package b schdule.xls,INST,5,5,high,CRS,0
INSTRUMENT LOCATION LAYOUT - SY-91 WELL,6569-30-210-D1378-107-01,29-71-44-1607,,INST,Drawings,Drawings,package b schdule.xls,INST,5,5,high,CRS,0
INSTRUMENT LOCATION LAYOUT - SY-85 WELL,6569-30-210-D1378-108-01,29-71-44-1608,1,INST,Drawings,Drawings,package b schdule.xls,INST,5,5,high,CRS,0
INSTRUMENT LOCATION LAYOUT - Sy-102 WELL,6569-30-210-D1378-109-01,29-71-44-1609,A,INST,Drawings,Drawings,package b schdule.xls,INST,5,5,high,CRS,0
INSTRUMENT LOCATION LAYOUT - Sy-105 WELL,6569-30-210-D1378-110-01,29-71-44-1610,A,INST,Drawings,Drawings,package b schdule.xls,INST,5,5,high,CRS,0
INSTRUMENT LOCATION LAYOUT - Sy-94 WELL,6569-30-210-D1378-111-01,29-71-44-1611,,INST,Drawings,Drawings,package b schdule.xls,INST,5,5,high,CRS,0
INSTRUMENT LOCATION LAYOUT SY-100 WELL,6569-30-210-D1378-112-01,29-71-44-1612,A,INST,Drawings,Drawings,package b schdule.xls,INST,5,5,high,CRS,0
INSTRUMENT LOCATION LAYOUT - Sy-100 WELL,6569-30-210-D1378-113-01,29-71-44-1613,,INST,Drawings,Drawings,package b schdule.xls,INST,5,5,high,CRS,0
INSTRUMENT LOCATION LAYOUT - Sy-96 WELL,6569-30-210-D1378-114-01,29-71-44-1614,,INST,Drawings,Drawings,package b schdule.xls,INST,5,5,high,CRS,0
INSTRUMENT LOCATION LAYOUT - Sy-99 WELL,6569-30-210-D1378-115-01,29-71-44-1615,,INST,Drawings,Drawings,package b schdule.xls,INST,5,5,high,CRS,0
INSTRUMENT LOCATION LAYOUT - PSy-104 WELL,6569-30-210-D1378-116-01,29-71-44-1616,,INST,Drawings,Drawings,package b schdule.xls,INST,5,5,high,CRS,0
INSTRUMENT LOCATION LAYOUT - PSy-101 WELL,6569-30-210-D1378-117-01,29-71-44-1617,,INST,Drawings,Drawings,package b schdule.xls,INST,5,5,high,CRS,0
INSTRUMENT LOCATION LAYOUT - Sy-95  WELL,6569-30-210-D1378-118-01,29-71-44-1618,,INST,Drawings,Drawings,package b schdule.xls,INST,5,5,high,CRS,0
INSTRUMENT LOCATION LAYOUT - Sy-103 WELL,6569-30-210-D1378-119-01,29-71-44-1619,,INST,Drawings,Drawings,package b schdule.xls,INST,5,5,high,CRS,0
INSTRUMENT LOCATION LAYOUT - SY-86 WELL,6569-30-210-D1378-120-01,29-71-44-1620,A,INST,Drawings,Drawings,package b schdule.xls,INST,5,5,high,CRS,0
INSTRUMENT AND TELECOM CABLE ROUTING / TRENCH LAYOUT SY-107 WELL,6569-30-210-D1378-121-01,29-71-49-1608,,INST,Drawings,Drawings,package b schdule.xls,INST,9,5,high,CRS,0
HAZARDOUS AREA LAYOUT- ARTIFICIAL ESP OP WELL (TYPICAL),6569-30-210-D1380-001-01,29-71-01-1601,C,ELEC,Drawings,Drawings,package b schdule.xls,,10,5,high,CRS,0
SINGLE LINE DIAGRAM OF SHAH ARTIFICIAL LIFT OIL WELL,6569-30-210-D1381-001-01,29-71-56-1601,1,ELEC,Drawings,Drawings,package b schdule.xls,,8,4,medium,CRS,0
ELECTRICAL INTERCONNECTION WIRING DIAGRAM ARTIFICIAL OP WELL,6569-30-210-D1381-002-01,29-71-58-1601,,ELEC,Drawings,Drawings,package b schdule.xls,INST,8,4,medium,CRS,0
ELECTRICAL CABLE ROUTING / TRENCH LAYOUT WELLHEAD ESP OIL PRODUCER SINGLE COMPLETION OIL WELL SY-87,6569-30-210-D1382-001-01,29-71-59-1601,,ELEC,Drawings,Drawings,package b schdule.xls,,9,5,high,CRS,0
ELECTRICAL CABLE ROUTING / TRENCH LAYOUT WELLHEAD ESP OIL PRODUCER SINGLE COMPLETION OIL WELL SY-86,6569-30-210-D1382-002-01,29-71-59-1602,,ELEC,Drawings,Drawings,package b schdule.xls,,9,5,high,CRS,0
ELECTRICAL CABLE ROUTING / TRENCH LAYOUT ARTIFICIAL LIFT OIL WELL SY-093,6569-30-210-D1382-003-01,29-71-59-1603,1,ELEC,Drawings,Drawings,package b schdule.xls,,9,5,high,CRS,0
ELECTRICAL CABLE ROUTING / TRENCH LAYOUT ARTIFICIAL LIFT OIL WELL SY-093,6569-30-210-D1382-003-02,29-71-59-1603,1,ELEC,Drawings,Drawings,package b schdule.xls,,9,5,high,CRS,0
ELECTRICAL CABLE ROUTING / TRENCH LAYOUT WELLHEAD ESP OIL PRODUCER SINGLE COMPLETION OIL WELL SY-88,6569-30-210-D1382-004-01,29-71-59-1604,,ELEC,Drawings,Drawings,package b schdule.xls,,9,5,high,CRS,0
ELECTRICAL CABLE ROUTING / TRENCH LAYOUT WELLHEAD ESP OIL PRODUCER SINGLE COMPLETION OIL WELL SY-89,6569-30-210-D1382-005-01,29-71-59-1605,,ELEC,Drawings,Drawings,package b schdule.xls,,9,5,high,CRS,0
ELECTRICAL CABLE ROUTING / TRENCH LAYOUT WELLHEAD ESP OIL PRODUCER SINGLE COMPLETION OIL WELL SY-90,6569-30-210-D1382-006-01,29-71-59-1606,,ELEC,Drawings,Drawings,package b schdule.xls,,9,5,high,CRS,0
ELECTRICAL CABLE ROUTING / TRENCH LAYOUT WELLHEAD ESP OIL PRODUCER SINGLE COMPLETION OIL WELL SY-91,6569-30-210-D1382-007-01,29-71-59-1607,,ELEC,Drawings,Drawings,package b schdule.xls,,9,5,high,CRS,0
ELECTRICAL CABLE ROUTING / TRENCH LAYOUT WELLHEAD ESP OIL PRODUCER SINGLE COMPLETION OIL WELL SY-98,6569-30-210-D1382-008-01,29-71-59-1608,,ELEC,Drawings,Drawings,package b schdule.xls,,9,5,high,CRS,0
ELECTRICAL CABLE ROUTING / TRENCH LAYOUT WELLHEAD ESP OIL PRODUCER SINGLE COMPLETION OIL WELL SY-85,6569-30-210-D1382-009-01,29-71-59-1609,,ELEC,Drawings,Drawings,package b schdule.xls,,9,5,high,CRS,0
ELECTRICAL CABLE ROUTING / TRENCH LAYOUT ARTIFICIAL LIFT OIL WELL SY-102,6569-30-210-D1382-010-01,29-71-59-1610,A,ELEC,Drawings,Drawings,package b schdule.xls,,9,5,high,CRS,0
ELECTRICAL CABLE ROUTING / TRENCH LAYOUT WELLHEAD ESP OIL PRODUCER SINGLE COMPLETION OIL WELL SY-94,6569-30-210-D1382-011-01,29-71-59-1611,,ELEC,Drawings,Drawings,package b schdule.xls,,9,5,high,CRS,0
ELECTRICAL CABLE ROUTING / TRENCH LAYOUT WELLHEAD ESP OIL PRODUCER SINGLE COMPLETION OIL WELL Sy-105,6569-30-210-D1382-012-01,29-71-59-1612,,ELEC,Drawings,Drawings,package b schdule.xls,,9,5,high,CRS,0
ELECTRICAL CABLE ROUTING / TRENCH LAYOUT WELLHEAD ESP OIL PRODUCER SINGLE COMPLETION OIL WELL SY-103,6569-30-210-D1382-013-01,29-71-59-1613,,ELEC,Drawings,Drawings,package b schdule.xls,,9,5,high,CRS,0
ELECTRICAL CABLE ROUTING / TRENCH LAYOUT WELLHEAD ESP OIL PRODUCER SINGLE COMPLETION OIL WELL SY-100,6569-30-210-D1382-014-01,29-71-59-1614,,ELEC,Drawings,Drawings,package b schdule.xls,,9,5,high,CRS,0
ELECTRICAL CABLE ROUTING / TRENCH LAYOUT WELLHEAD ESP OIL PRODUCER SINGLE COMPLETION OIL WELL Sy-96,6569-30-210-D1382-015-01,29-71-59-1615,,ELEC,Drawings,Drawings,package b schdule.xls,,9,5,high,CRS,0
ELECTRICAL CABLE ROUTING / TRENCH LAYOUT WELLHEAD ESP OIL PRODUCER SINGLE COMPLETION OIL WELL SY-99,6569-30-210-D1382-016-01,29-71-59-1616,,ELEC,Drawings,Drawings,package b schdule.xls,,9,5,high,CRS,0
ELECTRICAL CABLE ROUTING / TRENCH LAYOUT WELLHEAD ESP OIL PRODUCER SINGLE COMPLETION OIL WELL SY-104,6569-30-210-D1382-017-01,29-71-59-1617,,ELEC,Drawings,Drawings,package b schdule.xls,,9,5,high,CRS,0
ELECTRICAL CABLE ROUTING / TRENCH LAYOUT WELLHEAD ESP OIL PRODUCER SINGLE COMPLETION OIL WELL SY-95,6569-30-210-D1382-018-01,29-71-59-1618,,ELEC,Drawings,Drawings,package b schdule.xls,,9,5,high,CRS,0
ELECTRICAL CABLE ROUTING / TRENCH LAYOUT WELLHEAD ESP OIL PRODUCER SINGLE COMPLETION OIL WELL SY-101,6569-30-210-D1382-019-01,29-71-59-1619,,ELEC,Drawings,Drawings,package b schdule.xls,,9,5,high,CRS,0
ELECTRICAL CABLE ROUTING / TRENCH LAYOUT WELLHEAD ESP OIL PRODUCER SINGLE COMPLETION OIL WELL SY-108,6569-30-210-D1382-020-01,29-71-59-1620,,ELEC,Drawings,Drawings,package b schdule.xls,,9,5,high,CRS,0
ELECTRICAL CABLE ROUTING / TRENCH LAYOUT ARTIFICIAL LIFT OIL WELL SY-107,6569-30-210-D1382-021-01,29-71-59-1641,,ELEC,Drawings,Drawings,package b schdule.xls,,9,5,high,CRS,0
ELECTRICAL CABLE ROUTING / TRENCH LAYOUT ARTIFICIAL LIFT OIL WELL SY-107,6569-30-210-D1382-021-02,29-71-59-1641,,ELEC,Drawings,Drawings,package b schdule.xls,,9,5,high,CRS,0
EARTHING LAYOUT WELLHEAD ESP OIL PRODUCER SINGLE COMPLETION OIL WELL SY-87,6569-30-210-D1384-001-01,29-71-59-1621,,ELEC,Drawings,Drawings,package b schdule.xls,ELEC,5,5,high,CRS,0
EARTHING LAYOUT WELLHEAD ESP OIL PRODUCER SINGLE COMPLETION OIL WELL SY-86,6569-30-210-D1384-002-01,29-71-59-1622,,ELEC,Drawings,Drawings,package b schdule.xls,ELEC,5,5,high,CRS,0
EARTHING LAYOUT ARTIFICIAL LIFT OIL WELL SY-093,6569-30-210-D1384-003-01,29-71-59-1623,1,ELEC,Drawings,Drawings,package b schdule.xls,ELEC,5,5,high,CRS,0
EARTHING LAYOUT ARTIFICIAL LIFT OIL WELL SY-093,6569-30-210-D1384-003-02,29-71-59-1623,1,ELEC,Drawings,Drawings,package b schdule.xls,ELEC,5,5,high,CRS,0
EARTHING LAYOUT WELLHEAD ESP OIL PRODUCER SINGLE COMPLETION OIL WELL SY-88,6569-30-210-D1384-004-01,29-71-59-1624,,ELEC,Drawings,Drawings,package b schdule.xls,ELEC,5,5,high,CRS,0
EARTHING LAYOUT WELLHEAD ESP OIL PRODUCER SINGLE COMPLETION OIL WELL SY-89,6569-30-210-D1384-005-01,29-71-59-1625,,ELEC,Drawings,Drawings,package b schdule.xls,ELEC,5,5,high,CRS,0
EARTHING LAYOUT WELLHEAD ESP OIL PRODUCER SINGLE COMPLETION OIL WELL SY-90,6569-30-210-D1384-006-01,29-71-59-1626,,ELEC,Drawings,Drawings,package b schdule.xls,ELEC,5,5,high,CRS,0
EARTHING LAYOUT WELLHEAD ESP OIL PRODUCER SINGLE COMPLETION OIL WELL SY-91,6569-30-210-D1384-007-01,29-71-59-1627,,ELEC,Drawings,Drawings,package b schdule.xls,ELEC,5,5,high,CRS,0
EARTHING LAYOUT WELLHEAD ESP OIL PRODUCER SINGLE COMPLETION OIL WELL SY-98,6569-30-210-D1384-008-01,29-71-59-1628,,ELEC,Drawings,Drawings,package b schdule.xls,ELEC,5,5,high,CRS,0
EARTHING LAYOUT WELLHEAD ESP OIL PRODUCER SINGLE COMPLETION OIL WELL SY-85,6569-30-210-D1384-009-01,29-71-59-1629,,ELEC,Drawings,Drawings,package b schdule.xls,ELEC,5,5,high,CRS,0
EARTHING LAYOUT WELLHEAD ESP OIL PRODUCER SINGLE COMPLETION OIL WELL SY-102,6569-30-210-D1384-010-01,29-71-59-1630,,ELEC,Drawings,Drawings,package b schdule.xls,ELEC,5,5,high,CRS,0
EARTHING LAYOUT WELLHEAD ESP OIL PRODUCER SINGLE COMPLETION OIL WELL Sy-94,6569-30-210-D1384-011-01,29-71-59-1631,,ELEC,Drawings,Drawings,package b schdule.xls,ELEC,5,5,high,CRS,0
EARTHING LAYOUT WELLHEAD ESP OIL PRODUCER SINGLE COMPLETION OIL WELL Sy-105,6569-30-210-D1384-012-01,29-71-59-1632,,ELEC,Drawings,Drawings,package b schdule.xls,ELEC,5,5,high,CRS,0
EARTHING LAYOUT WELLHEAD ESP OIL PRODUCER SINGLE COMPLETION OIL WELL SY-103,6569-30-210-D1384-013-01,29-71-59-1633,,ELEC,Drawings,Drawings,package b schdule.xls,ELEC,5,5,high,CRS,0
EARTHING LAYOUT WELLHEAD ESP OIL PRODUCER SINGLE COMPLETION OIL WELL SY-100,6569-30-210-D1384-014-01,29-71-59-1634,,ELEC,Drawings,Drawings,package b schdule.xls,ELEC,5,5,high,CRS,0
EARTHING LAYOUT WELLHEAD ESP OIL PRODUCER SINGLE COMPLETION OIL WELL SY-96,6569-30-210-D1384-015-01,29-71-59-1635,,ELEC,Drawings,Drawings,package b schdule.xls,ELEC,5,5,high,CRS,0
EARTHING LAYOUT WELLHEAD ESP OIL PRODUCER SINGLE COMPLETION OIL WELL SY-99,6569-30-210-D1384-016-01,29-71-59-1636,,ELEC,Drawings,Drawings,package b schdule.xls,ELEC,5,5,high,CRS,0
EARTHING LAYOUT WELLHEAD ESP OIL PRODUCER SINGLE COMPLETION OIL WELL SY-104,6569-30-210-D1384-017-01,29-71-59-1637,,ELEC,Drawings,Drawings,package b schdule.xls,ELEC,5,5,high,CRS,0
EARTHING LAYOUT WELLHEAD ESP OIL PRODUCER SINGLE COMPLETION OIL WELL SY-95,6569-30-210-D1384-018-01,29-71-59-1638,,ELEC,Drawings,Drawings,package b schdule.xls,ELEC,5,5,high,CRS,0
EARTHING LAYOUT WELLHEAD ESP OIL PRODUCER SINGLE COMPLETION OIL WELL SY-101,6569-30-210-D1384-019-01,29-71-59-1639,,ELEC,Drawings,Drawings,package b schdule.xls,ELEC,5,5,high,CRS,0
EARTHING LAYOUT WELLHEAD ESP OIL PRODUCER SINGLE COMPLETION OIL WELL SY-108,6569-30-210-D1384-020-01,29-71-59-1640,,ELEC,Drawings,Drawings,package b schdule.xls,ELEC,5,5,high,CRS,0
EARTHING LAYOUT ARTIFICIAL LIFT OIL WELL SY-107,6569-30-210-D1384-021-01,29-71-59-1642,,ELEC,Drawings,Drawings,package b schdule.xls,ELEC,5,5,high,CRS,0
EARTHING LAYOUT ARTIFICIAL LIFT OIL WELL SY-107,6569-30-210-D1384-021-02,29-71-59-1642,,ELEC,Drawings,Drawings,package b schdule.xls,ELEC,5,5,high,CRS,0
TELECOM SYSTEM PHILOSOPHY (SHAH),6569-30-210-D1386-001-01,29-71-70-1603,C,ELEC,Documents,Procedures_Plans,package b schdule.xls,,5,5,high,CRS,0
PIPING ISOMETRICS FOR  ESP WELL SY-87 FOR SHAH FIELD,6569-30-210-J1362-001-01,29-71-15-1615,,PIPNG,Drawings,Isometrics,package b schdule.xls,PIPNG,5,5,high,CRS,0
PIPING ISOMETRICS FOR  ESP WELL SY-86 FOR SHAH FIELD,6569-30-210-J1362-002-01,29-71-15-1616,,PIPNG,Drawings,Isometrics,package b schdule.xls,PIPNG,5,5,high,CRS,0
PIPING ISOMETRICS FOR  ESP WELL P75UH FOR SHAH FIELD,6569-30-210-J1362-003-01,29-71-15-1631,,PIPNG,Drawings,Isometrics,package b schdule.xls,PIPNG,5,5,high,CRS,0
PIPING ISOMETRICS FOR  ESP WELL SY-88 FOR SHAH FIELD,6569-30-210-J1362-004-01,29-71-15-1646,,PIPNG,Drawings,Isometrics,package b schdule.xls,PIPNG,5,5,high,CRS,0
PIPING ISOMETRICS FOR  ESP WELL SY-89 FOR SHAH FIELD,6569-30-210-J1362-005-01,29-71-15-1661,,PIPNG,Drawings,Isometrics,package b schdule.xls,PIPNG,5,5,high,CRS,0
PIPING ISOMETRICS FOR  ESP WELL SY-90 FOR SHAH FIELD,6569-30-210-J1362-006-01,29-71-15-1676,,PIPNG,Drawings,Isometrics,package b schdule.xls,PIPNG,5,5,high,CRS,0
PIPING ISOMETRICS INDEX FOR ESP WELL Sy-104,6569-30-210-J1362-007-01,29-70-15-1617,,PIPNG,Drawings,Isometrics,package b schdule.xls,PIPNG,5,5,high,Lists_MTOs_BOMs,3
PIPING ISOMETRICS FOR  ESP WELL SY-92 FOR SHAH FIELD,6569-30-210-J1362-008-01,29-71-15-1706,,PIPNG,Drawings,Isometrics,package b schdule.xls,PIPNG,5,5,high,CRS,0
PIPING ISOMETRICS FOR  ESP WELL SY-85 FOR SHAH FIELD,6569-30-210-J1362-009-01,29-71-15-1721,,PIPNG,Drawings,Isometrics,package b schdule.xls,PIPNG,5,5,high,CRS,0
PIPING ISOMETRICS FOR  ESP WELL Sy-102 FOR SHAH FIELD,6569-30-210-J1362-010-01,29-71-15-1736,,PIPNG,Drawings,Isometrics,package b schdule.xls,PIPNG,5,5,high,CRS,0
PIPING ISOMETRICS INDEX FOR ESP WELL Sy-094,6569-30-210-J1362-011-01,29-70-15-1612,,PIPNG,Drawings,Isometrics,package b schdule.xls,PIPNG,5,5,high,Lists_MTOs_BOMs,3
PIPING ISOMETRICS FOR  ESP WELL Sy-105 FOR SHAH FIELD,6569-30-210-J1362-012-01,29-71-15-1751,,PIPNG,Drawings,Isometrics,package b schdule.xls,PIPNG,5,5,high,CRS,0
PIPING ISOMETRICS FOR  ESP WELL P61LH FOR SHAH FIELD,6569-30-210-J1362-013-01,29-71-15-1781,,PIPNG,Drawings,Isometrics,package b schdule.xls,PIPNG,5,5,high,CRS,0
PIPING ISOMETRICS FOR  ESP WELL Sy-100 FOR SHAH FIELD,6569-30-210-J1362-014-01,29-71-15-1796,,PIPNG,Drawings,Isometrics,package b schdule.xls,PIPNG,5,5,high,CRS,0
PIPING ISOMETRICS FOR  ESP WELL Sy-96 FOR SHAH FIELD,6569-30-210-J1362-015-01,29-71-15-1811,,PIPNG,Drawings,Isometrics,package b schdule.xls,PIPNG,5,5,high,CRS,0
PIPING ISOMETRICS INDEX FOR ESP WELL Sy-099,6569-30-210-J1362-016-01,29-70-15-1616,,PIPNG,Drawings,Isometrics,package b schdule.xls,PIPNG,5,5,high,Lists_MTOs_BOMs,3
PIPING ISOMETRICS FOR  ESP WELL PSy-104 FOR SHAH FIELD,6569-30-210-J1362-017-01,29-71-15-1841,,PIPNG,Drawings,Isometrics,package b schdule.xls,PIPNG,5,5,high,CRS,0
PIPING ISOMETRICS INDEX FOR ESP WELL Sy-095,6569-30-210-J1362-018-01,29-70-15-1619,,PIPNG,Drawings,Isometrics,package b schdule.xls,PIPNG,5,5,high,Lists_MTOs_BOMs,3
PIPING ISOMETRICS INDEX FOR ESP WELL Sy-101,6569-30-210-J1362-019-01,29-70-15-1618,,PIPNG,Drawings,Isometrics,package b schdule.xls,PIPNG,5,5,high,Lists_MTOs_BOMs,3
PIPING ISOMETRICS FOR  ESP WELL Sy-103 FOR SHAH FIELD,6569-30-210-J1362-020-01,29-71-15-1886,,PIPNG,Drawings,Isometrics,package b schdule.xls,PIPNG,5,5,high,CRS,0
TIE- INS SCHEDULE AND DETAILED DRAWING FOR WELLS SHAH,6569-30-210-M1360-001-01,29-99-19-1602,,PIPNG,Drawings,Drawings,package b schdule.xls,,4,4,medium,Lists_MTOs_BOMs,2
TIE- INS SCHEDULE AND DETAILED DRAWING FOR WELLS SHAH,6569-30-210-M1360-002-01,29-11-19-1602,,PIPNG,Drawings,Drawings,package b schdule.xls,,4,4,medium,Lists_MTOs_BOMs,2
TIE- INS SCHEDULE AND DETAILED DRAWING FOR WELLS SHAH,6569-30-210-M1360-003-01,29-12-19-1602,,PIPNG,Drawings,Drawings,package b schdule.xls,,4,4,medium,Lists_MTOs_BOMs,2
TIE- INS SCHEDULE AND DETAILED DRAWING FOR WELLS SHAH,6569-30-210-M1360-004-01,29-01-19-1602,,PIPNG,Drawings,Drawings,package b schdule.xls,,4,4,medium,Lists_MTOs_BOMs,2
PIPE SUPPORT SCHEDULE FOR WELLS SHAH,6569-30-210-M1360-005-01,29-99-17-1603,,PIPNG,Drawings,Drawings,package b schdule.xls,,4,4,medium,Lists_MTOs_BOMs,2
LINE LIST FOR WELLS SHAH,6569-30-210-M1360-006-01,29-99-17-1601,,PIPNG,Documents,Lists_MTOs_BOMs,package b schdule.xls,,8,5,high,CRS,0
PIPELINE ALIGNMENTS SHEETS OF FLOWLINE FOR WELL  SY-87 FOR SHAH FIELD.,6569-30-210-M1366-001-01,29-78-22-1601,,PIPNG,Drawings,Drawings,package b schdule.xls,,10,5,high,CRS,0
PIPELINE ALIGNMENTS SHEETS OF FLOWLINE FOR WELL  SY-86 FOR SHAH FIELD.,6569-30-210-M1366-002-01,29-78-22-1602,,PIPNG,Drawings,Drawings,package b schdule.xls,,10,5,high,CRS,0
PIPELINE ALIGNMENT SHEET NEW 6” OIL FLOWLINE FROM SY-093 TO CDS CHAINAGE FROM KM 1+000.00 TO KM 2+000.00,6569-30-210-M1366-003-01,29-78-22-1603,A,PIPNG,Drawings,Drawings,package b schdule.xls,,10,5,high,CRS,0
PIPELINE ALIGNEMNT SHEET NEW 6” OIL FLOWLINE FROM SY-88 TO CDS CHAINAGE FORM KM 0+000.00 TO KM 1+000,6569-30-210-M1366-004-01,29-78-22-1604,A,PIPNG,Drawings,Drawings,package b schdule.xls,,10,5,high,CRS,0
PIPELINE ALIGNMENT SHEET NEW 6” OIL FLOWLINE FROM SY-89 TO RDS-2 CHAINGE FORM KM 0+000.00 TO KM 1+000.00,6569-30-210-M1366-005-01,29-78-22-1605,A,PIPNG,Drawings,Drawings,package b schdule.xls,,10,5,high,CRS,0
PIPELINE ALIGNMENT SHEET NEW 6” OIL FLOWLINE FROM SY-090 TO RDS-2 CHAINAGE FROM KM 0+000.00 TO KM 1+000,6569-30-210-M1366-006-01,29-78-22-1606,A,PIPNG,Drawings,Drawings,package b schdule.xls,,10,5,high,CRS,0
PIPELINE ALIGNMENTS SHEETS OF FLOWLINE FOR WELL  SY-91 FOR SHAH FIELD.,6569-30-210-M1366-007-01,29-78-22-1607,,PIPNG,Drawings,Drawings,package b schdule.xls,,10,5,high,CRS,0
PIPELINE ALIGNMENT SHEET NEW 6 “ OIL FLOWLINE FROM SY-107 TO RDS-2 CHAINAGE FROM KM 0+000.00 TO KM 1+000.00,6569-30-210-M1366-008-01,29-78-22-1608,A,PIPNG,Drawings,Drawings,package b schdule.xls,,10,5,high,CRS,0
PIPELINE ALIGNMENT SHEET NEW 6 “ OIL FLOWLINE FROM SY-107 TO RDS-2 CHAINAGE FROM KM 1+000.00 TO KM 1+621.21,6569-30-210-M1366-008-02,29-78-22-1608,A,PIPNG,Drawings,Drawings,package b schdule.xls,,10,5,high,CRS,0
PIPELINE ALIGNMENT SHEET NEW 6” OIL FLOWLINE FROM SY-85 TO RDS-1 CHAINAGE FROM KM 0+000.00 TO KM 1+000.00,6569-30-210-M1366-009-01,29-78-22-1609,A,PIPNG,Drawings,Drawings,package b schdule.xls,,10,5,high,CRS,0
PIPELINE ALIGNMENT SHEET NEW “ 6 OIL FLOWLINE FROM SY-102 TO CDS CHAINAGE FROM KM 0+000.00 TO KM 0+700.00,6569-30-210-M1366-010-01,29-78-22-1610,A,PIPNG,Drawings,Drawings,package b schdule.xls,,10,5,high,CRS,0
PIPELINE ALIGNMENTS SHEETS OF FLOWLINE FOR WELL  Sy-94 FOR SHAH FIELD.,6569-30-210-M1366-011-01,29-78-22-1611,,PIPNG,Drawings,Drawings,package b schdule.xls,,10,5,high,CRS,0
PIPELINE ALIGNMENT SHEET NEW “ 6 OIL FLOWLINE FROM SY-105 TO CDS CHAINAGE FROM KM 0+000.00 TO KM 1+000.00,6569-30-210-M1366-012-01,29-78-22-1612,A,PIPNG,Drawings,Drawings,package b schdule.xls,,10,5,high,CRS,0
PIPELINE ALIGNMENTS SHEETS OF FLOWLINE FOR WELL  P61LH FOR SHAH FIELD.,6569-30-210-M1366-013-01,29-78-22-1613,,PIPNG,Drawings,Drawings,package b schdule.xls,,10,5,high,CRS,0
PIPELINE ALIGNMENT SHEET NEW 6” OIL FLOWLINE FROM SY-100 TO RDS-1 CHAINAGE FROM KM 0+000.00 TO KM 0+700.00,6569-30-210-M1366-014-01,29-78-22-1614,A,PIPNG,Drawings,Drawings,package b schdule.xls,,10,5,high,CRS,0
PIPELINE ALIGNMENT SHEET NEW 6” OIL FLOWLINE FROM SY-96 TO RDS-2 CHAINAGE FROM KM 0+000.00 TO KM 1+000.00,6569-30-210-M1366-015-01,29-78-22-1615,A,PIPNG,Drawings,Drawings,package b schdule.xls,,10,5,high,CRS,0
PIPELINE ALIGNMENTS SHEETS OF FLOWLINE FOR WELL  Sy-99 FOR SHAH FIELD.,6569-30-210-M1366-016-01,29-78-22-1616,,PIPNG,Drawings,Drawings,package b schdule.xls,,10,5,high,CRS,0
PIPELINE ALIGNMENTS SHEETS OF FLOWLINE FOR WELL  PSy-104 FOR SHAH FIELD.,6569-30-210-M1366-017-01,29-78-22-1617,,PIPNG,Drawings,Drawings,package b schdule.xls,,10,5,high,CRS,0
PIPELINE ALIGNMENT SHEET NEW 6” OIL FLOWLINE FROM SY-95 TO RDS-2 CHAINAGE FROM KM 0+000.00 TO KM 0+576.707,6569-30-210-M1366-018-01,29-78-22-1618,,PIPNG,Drawings,Drawings,package b schdule.xls,,10,5,high,CRS,0
PIPELINE ALIGNMENTS SHEETS OF FLOWLINE FOR WELL  PSy-101 FOR SHAH FIELD.,6569-30-210-M1366-019-01,29-78-22-1619,,PIPNG,Drawings,Drawings,package b schdule.xls,,10,5,high,CRS,0
PIPELINE ALIGNMENTS SHEETS OF FLOWLINE FOR WELL  Sy-103 FOR SHAH FIELD.,6569-30-210-M1366-020-01,29-78-22-1620,,PIPNG,Drawings,Drawings,package b schdule.xls,,10,5,high,CRS,0
PIPELINE CROSSING MATRIX OF FLOWLINE FOR WELL  P85LH FOR SHAH FIELD.,6569-30-210-M1366-030-01,29-78-22-1631,,PIPNG,Documents,Lists_MTOs_BOMs,package b schdule.xls,,7,5,high,CRS,0
PIPELINE CROSSING MATRIX OF FLOWLINE FOR WELL  P93L FOR SHAH FIELD.,6569-30-210-M1366-031-01,29-78-22-1632,,PIPNG,Documents,Lists_MTOs_BOMs,package b schdule.xls,,7,5,high,CRS,0
RFQ FOR SAFETY EQUIPMENT,6569-30-210-R1247-001-01,29-71-89-1601,,ENGG HSE,Documents,Documents,package b schdule.xls,HSE,4,4,medium,CRS,0
DATA SHEET OF SAFETY EQUIPMENT,6569-30-210-S1241-001-01,29-71-85-1601,,ENGG HSE,Documents,Datasheets,package b schdule.xls,HSE,5,5,high,CRS,0
INSTRUMENT INDEX - SY-86  WELL,6569-30-210-S1371-001-01,29-71-48-1626,,INST,Documents,Lists_MTOs_BOMs,package b schdule.xls,INST,3,3,medium,CRS,0
I/O LIST (WELL HEAD AREA) - SY-86  WELL,6569-30-210-S1371-002-01,29-71-48-1651,,INST,Documents,Lists_MTOs_BOMs,package b schdule.xls,,8,5,high,CRS,0
I/O LIST (F&G) - SY-86  WELL,6569-30-210-S1371-003-01,29-71-48-1676,,INST,Documents,Lists_MTOs_BOMs,package b schdule.xls,HSE,8,5,high,CRS,0
INSTRUMENT INDEX SHAH ESP OIL PRODUCER WELL SY-087,6569-30-210-S1371-004-01,29-71-48-1627,A,INST,Documents,Lists_MTOs_BOMs,package b schdule.xls,INST,3,3,medium,CRS,0
INSTRUMENT I/O LIST SHAH ESP OIL PRODUCER WELL SY-087,6569-30-210-S1371-005-01,29-71-48-1652,A,INST,Documents,Lists_MTOs_BOMs,package b schdule.xls,INST,8,5,high,CRS,0
I/O LIST (F&G) - SY-87  WELL,6569-30-210-S1371-006-01,29-71-48-1677,,INST,Documents,Lists_MTOs_BOMs,package b schdule.xls,HSE,8,5,high,CRS,0
INSTRUMENT INDEX SHAH ESP OIL PRODUCER WELL SY-093,6569-30-210-S1371-007-01,29-71-48-1628,A,INST,Documents,Lists_MTOs_BOMs,package b schdule.xls,INST,3,3,medium,CRS,0
INSTRUMENT I/O LIST SHAH ESP OIL PRODUCER WELL SY-093,6569-30-210-S1371-008-01,29-71-48-1653,A,INST,Documents,Lists_MTOs_BOMs,package b schdule.xls,INST,8,5,high,CRS,0
I/O LIST (F&G) - Sy-93 WELL,6569-30-210-S1371-009-01,29-71-48-1678,,INST,Documents,Lists_MTOs_BOMs,package b schdule.xls,HSE,8,5,high,CRS,0
INSTRUMENT INDEX SHAH ESP OIL PRODUCER WELL SY-088,6569-30-210-S1371-010-01,29-71-48-1629,A,INST,Documents,Lists_MTOs_BOMs,package b schdule.xls,INST,3,3,medium,CRS,0
INSTRUMENT I/O LIST SHAH ESP OIL PRODUCER WELL SY-088,6569-30-210-S1371-011-01,29-71-48-1654,A,INST,Documents,Lists_MTOs_BOMs,package b schdule.xls,INST,8,5,high,CRS,0
I/O LIST (F&G)- SY-88  WELL,6569-30-210-S1371-012-01,29-71-48-1679,,INST,Documents,Lists_MTOs_BOMs,package b schdule.xls,HSE,8,5,high,CRS,0
INSTRUMENT INDEX SHAH ESP OIL PRODUCER WELL SY-089,6569-30-210-S1371-013-01,29-71-48-1630,A,INST,Documents,Lists_MTOs_BOMs,package b schdule.xls,INST,3,3,medium,CRS,0
INSTRUMENT I/O LIST SHAH ESP OIL PRODUCER WELL SY-089,6569-30-210-S1371-014-01,29-71-48-1655,A,INST,Documents,Lists_MTOs_BOMs,package b schdule.xls,INST,8,5,high,CRS,0
I/O LIST (F&G) - SY-89  WELL,6569-30-210-S1371-015-01,29-71-48-1680,,INST,Documents,Lists_MTOs_BOMs,package b schdule.xls,HSE,8,5,high,CRS,0
INSTRUMENT INDEX SHAH ESP OIL PRODUCER WELL SY-090,6569-30-210-S1371-016-01,29-71-48-1631,A,INST,Documents,Lists_MTOs_BOMs,package b schdule.xls,INST,3,3,medium,CRS,0
INSTRUMENT I/O LIST SHAH ESP OIL PRODUCER WELL SY-090,6569-30-210-S1371-017-01,29-71-48-1656,A,INST,Documents,Lists_MTOs_BOMs,package b schdule.xls,INST,8,5,high,CRS,0
I/O LIST (F&G)SY-90  WELL - SY-90  WELL,6569-30-210-S1371-018-01,29-71-48-1681,,INST,Documents,Lists_MTOs_BOMs,package b schdule.xls,HSE,8,5,high,CRS,0
INSTRUMENT INDEX SHAH ESP OIL PRODUCER WELL SY-091,6569-30-210-S1371-019-01,29-71-48-1632,A,INST,Documents,Lists_MTOs_BOMs,package b schdule.xls,INST,3,3,medium,CRS,0
INSTRUMENT I/O LIST SHAH ESP OIL PRODUCER WELL SY-091,6569-30-210-S1371-020-01,29-71-48-1657,A,INST,Documents,Lists_MTOs_BOMs,package b schdule.xls,INST,8,5,high,CRS,0
I/O LIST (F&G) - SY-91  WELL,6569-30-210-S1371-021-01,29-71-48-1682,,INST,Documents,Lists_MTOs_BOMs,package b schdule.xls,HSE,8,5,high,CRS,0
INSTRUMENT INDEX SHAH ESP OIL PRODUCER WELL SY-107,6569-30-210-S1371-022-01,29-71-48-1633,A,INST,Documents,Lists_MTOs_BOMs,package b schdule.xls,INST,3,3,medium,CRS,0
INSTRUMENT I/O LIST SHAH ESP OIL PRODUCER WELL SY-107,6569-30-210-S1371-023-01,29-71-48-1658,A,INST,Documents,Lists_MTOs_BOMs,package b schdule.xls,INST,8,5,high,CRS,0
I/O LIST (F&G) - SY-92  WELL,6569-30-210-S1371-024-01,29-71-48-1683,,INST,Documents,Lists_MTOs_BOMs,package b schdule.xls,HSE,8,5,high,CRS,0
INSTRUMENT INDEX SHAH ESP OIL PRODUCER WELL SY-085,6569-30-210-S1371-025-01,29-71-48-1634,A,INST,Documents,Lists_MTOs_BOMs,package b schdule.xls,INST,3,3,medium,CRS,0
INSTRUMENT I/O LIST SHAH ESP OIL PRODUCER WELL SY-085,6569-30-210-S1371-026-01,29-71-48-1659,A,INST,Documents,Lists_MTOs_BOMs,package b schdule.xls,INST,8,5,high,CRS,0
I/O LIST (F&G) - SY-85  WELL,6569-30-210-S1371-027-01,29-71-48-1684,,INST,Documents,Lists_MTOs_BOMs,package b schdule.xls,HSE,8,5,high,CRS,0
INSTRUMENT INDEX SHAH ESP OIL PRODUCER WELL SY-102,6569-30-210-S1371-028-01,29-71-48-1635,A,INST,Documents,Lists_MTOs_BOMs,package b schdule.xls,INST,3,3,medium,CRS,0
I/O LIST (WELL HEAD AREA) - Sy-102  WELL,6569-30-210-S1371-029-01,29-71-48-1660,A,INST,Documents,Lists_MTOs_BOMs,package b schdule.xls,,8,5,high,CRS,0
I/O LIST (F&G) - Sy-102  WELL,6569-30-210-S1371-030-01,29-71-48-1685,,INST,Documents,Lists_MTOs_BOMs,package b schdule.xls,HSE,8,5,high,CRS,0
INSTRUMENT INDEX SHAH ESP OIL PRODUCER WELL SY-105,6569-30-210-S1371-031-01,29-71-48-1636,A,INST,Documents,Lists_MTOs_BOMs,package b schdule.xls,INST,3,3,medium,CRS,0
INSTRUMENT I/O LIST SHAH ESP OIL PRODUCER WELL SY-105,6569-30-210-S1371-032-01,29-71-48-1661,A,INST,Documents,Lists_MTOs_BOMs,package b schdule.xls,INST,8,5,high,CRS,0
I/O LIST (F&G) - Sy-105  WELL,6569-30-210-S1371-033-01,29-71-48-1686,,INST,Documents,Lists_MTOs_BOMs,package b schdule.xls,HSE,8,5,high,CRS,0
INSTRUMENT INDEX - Sy-94  WELL,6569-30-210-S1371-034-01,29-71-48-1637,,INST,Documents,Lists_MTOs_BOMs,package b schdule.xls,INST,3,3,medium,CRS,0
INSTRUMENT I/O LIST SHAH ESP OIL PRODUCER WELLSY-094,6569-30-210-S1371-035-01,29-71-48-1662,A,INST,Documents,Lists_MTOs_BOMs,package b schdule.xls,INST,8,5,high,CRS,0
I/O LIST (F&G) - Sy-94  WELL,6569-30-210-S1371-036-01,29-71-48-1687,,INST,Documents,Lists_MTOs_BOMs,package b schdule.xls,HSE,8,5,high,CRS,0
INSTRUMENT INDEX SHAH ESP OIL PRODUCER WELL SY-100,6569-30-210-S1371-037-01,29-71-48-1638,A,INST,Documents,Lists_MTOs_BOMs,package b schdule.xls,INST,3,3,medium,CRS,0
INSTRUMENT I/O LIST SHAH ESP OIL PRODUCER WELL SY-100,6569-30-210-S1371-038-01,29-71-48-1663,A,INST,Documents,Lists_MTOs_BOMs,package b schdule.xls,INST,8,5,high,CRS,0
I/O LIST (F&G)- P61LH  WELL,6569-30-210-S1371-039-01,29-71-48-1688,,INST,Documents,Lists_MTOs_BOMs,package b schdule.xls,HSE,8,5,high,CRS,0
INSTRUMENT INDEX - Sy-100  WELL,6569-30-210-S1371-040-01,29-71-48-1639,,INST,Documents,Lists_MTOs_BOMs,package b schdule.xls,INST,3,3,medium,CRS,0
I/O LIST (WELL HEAD AREA) - Sy-100  WELL,6569-30-210-S1371-041-01,29-71-48-1664,,INST,Documents,Lists_MTOs_BOMs,package b schdule.xls,,8,5,high,CRS,0
I/O LIST (F&G) - Sy-100  WELL,6569-30-210-S1371-042-01,29-71-48-1689,,INST,Documents,Lists_MTOs_BOMs,package b schdule.xls,HSE,8,5,high,CRS,0
INSTRUMENT INDEX - Sy-96  WELL,6569-30-210-S1371-043-01,29-71-48-1640,,INST,Documents,Lists_MTOs_BOMs,package b schdule.xls,INST,3,3,medium,CRS,0
I/O LIST (WELL HEAD AREA) - Sy-96  WELL,6569-30-210-S1371-044-01,29-71-48-1665,,INST,Documents,Lists_MTOs_BOMs,package b schdule.xls,,8,5,high,CRS,0
I/O LIST (F&G) - Sy-96  WELL,6569-30-210-S1371-045-01,29-71-48-1690,,INST,Documents,Lists_MTOs_BOMs,package b schdule.xls,HSE,8,5,high,CRS,0
INSTRUMENT INDEX - Sy-99  WELL,6569-30-210-S1371-046-01,29-71-48-1641,,INST,Documents,Lists_MTOs_BOMs,package b schdule.xls,INST,3,3,medium,CRS,0
I/O LIST (WELL HEAD AREA) - Sy-99  WELL,6569-30-210-S1371-047-01,29-71-48-1666,,INST,Documents,Lists_MTOs_BOMs,package b schdule.xls,,8,5,high,CRS,0
I/O LIST (F&G) - Sy-99  WELL,6569-30-210-S1371-048-01,29-71-48-1691,,INST,Documents,Lists_MTOs_BOMs,package b schdule.xls,HSE,8,5,high,CRS,0
INSTRUMENT INDEX - PSy-104  WELL,6569-30-210-S1371-049-01,29-71-48-1642,,INST,Documents,Lists_MTOs_BOMs,package b schdule.xls,INST,3,3,medium,CRS,0
I/O LIST (WELL HEAD AREA) - PSy-104  WELL,6569-30-210-S1371-050-01,29-71-48-1667,,INST,Documents,Lists_MTOs_BOMs,package b schdule.xls,,8,5,high,CRS,0
I/O LIST (F&G) - PSy-104  WELL,6569-30-210-S1371-051-01,29-71-48-1692,,INST,Documents,Lists_MTOs_BOMs,package b schdule.xls,HSE,8,5,high,CRS,0
INSTRUMENT INDEX - PSy-101  WELL,6569-30-210-S1371-052-01,29-71-48-1643,,INST,Documents,Lists_MTOs_BOMs,package b schdule.xls,INST,3,3,medium,CRS,0
I/O LIST (WELL HEAD AREA) - PSy-101  WELL,6569-30-210-S1371-053-01,29-71-48-1668,,INST,Documents,Lists_MTOs_BOMs,package b schdule.xls,,8,5,high,CRS,0
I/O LIST (F&G) - PSy-101  WELL,6569-30-210-S1371-054-01,29-71-48-1693,,INST,Documents,Lists_MTOs_BOMs,package b schdule.xls,HSE,8,5,high,CRS,0
INSTRUMENT INDEX - Sy-95  WELL,6569-30-210-S1371-055-01,29-71-48-1644,,INST,Documents,Lists_MTOs_BOMs,package b schdule.xls,INST,3,3,medium,CRS,0
I/O LIST (WELL HEAD AREA) - Sy-95  WELL,6569-30-210-S1371-056-01,29-71-48-1669,,INST,Documents,Lists_MTOs_BOMs,package b schdule.xls,,8,5,high,CRS,0
I/O LIST (F&G) - Sy-95  WELL,6569-30-210-S1371-057-01,29-71-48-1694,,INST,Documents,Lists_MTOs_BOMs,package b schdule.xls,HSE,8,5,high,CRS,0
INSTRUMENT INDEX - Sy-103  WELL,6569-30-210-S1371-058-01,29-71-48-1645,,INST,Documents,Lists_MTOs_BOMs,package b schdule.xls,INST,3,3,medium,CRS,0
I/O LIST (WELL HEAD AREA) - Sy-103  WELL,6569-30-210-S1371-059-01,29-71-48-1670,,INST,Documents,Lists_MTOs_BOMs,package b schdule.xls,,8,5,high,CRS,0
I/O LIST (F&G) - Sy-103  WELL,6569-30-210-S1371-060-01,29-71-48-1695,,INST,Documents,Lists_MTOs_BOMs,package b schdule.xls,HSE,8,5,high,CRS,0
INSTRUMENT JUNCTION BOX SCHEDULE - SY-86  WELL,6569-30-210-S1378-001-01,29-71-48-1696,,INST,Drawings,Drawings,package b schdule.xls,INST,3,3,medium,Lists_MTOs_BOMs,2
INSTRUMENT CABLE SCHEDULE - SY-86  WELL,6569-30-210-S1378-002-01,29-71-48-1721,,INST,Documents,Lists_MTOs_BOMs,package b schdule.xls,INST,2,2,low,CRS,0
INSTRUMENT JUNCTION BOX SCHEDULE - SY-87  WELL,6569-30-210-S1378-003-01,29-71-48-1697,1,INST,Drawings,Drawings,package b schdule.xls,INST,3,3,medium,Lists_MTOs_BOMs,2
INSTRUMENT CABLE SCHEDULE - SY-87  WELL,6569-30-210-S1378-004-01,29-71-48-1722,1,INST,Documents,Lists_MTOs_BOMs,package b schdule.xls,INST,2,2,low,CRS,0
INSTRUMENT JUNCTION BOX SCHEDULE (SHAH AREA SY-093 WELL),6569-30-210-S1378-005-01,29-71-48-1698,1,INST,Drawings,Drawings,package b schdule.xls,INST,3,3,medium,Lists_MTOs_BOMs,2
INSTRUMENT CABLE SCHEDULE - Sy-93 WELL,6569-30-210-S1378-006-01,29-71-48-1723,A,INST,Documents,Lists_MTOs_BOMs,package b schdule.xls,INST,2,2,low,CRS,0
INSTRUMENT JUNCTION BOX SCHEDULE- SY-88  WELL,6569-30-210-S1378-007-01,29-71-48-1699,1,INST,Drawings,Drawings,package b schdule.xls,INST,3,3,medium,Lists_MTOs_BOMs,2
INSTRUMENT CABLE SCHEDULE (SHAH AREA SY-088 WELL),6569-30-210-S1378-008-01,29-71-48-1724,1,INST,Documents,Lists_MTOs_BOMs,package b schdule.xls,INST,2,2,low,CRS,0
INSTRUMENT JUNCTION BOX SCHEDULE - SY-89  WELL,6569-30-210-S1378-009-01,29-71-48-1700,1,INST,Drawings,Drawings,package b schdule.xls,INST,3,3,medium,Lists_MTOs_BOMs,2
INSTRUMENT CABLE SCHEDULE (SHAH AREA SY-089 WELL),6569-30-210-S1378-010-01,29-71-48-1725,1,INST,Documents,Lists_MTOs_BOMs,package b schdule.xls,INST,2,2,low,CRS,0
INSTRUMENT JUNCTION BOX SCHEDULE - SY-90  WELL,6569-30-210-S1378-011-01,29-71-48-1701,1,INST,Drawings,Drawings,package b schdule.xls,INST,3,3,medium,Lists_MTOs_BOMs,2
INSTRUMENT CABLE SCHEDULE (SHAH AREA SY-090 WELL),6569-30-210-S1378-012-01,29-71-48-1726,1,INST,Documents,Lists_MTOs_BOMs,package b schdule.xls,INST,2,2,low,CRS,0
INSTRUMENT JUNCTION BOX SCHEDULE - SY-91  WELL,6569-30-210-S1378-013-01,29-71-48-1702,A,INST,Drawings,Drawings,package b schdule.xls,INST,3,3,medium,Lists_MTOs_BOMs,2
INSTRUMENT CABLE SCHEDULE - SY-91  WELL,6569-30-210-S1378-014-01,29-71-48-1727,A,INST,Documents,Lists_MTOs_BOMs,package b schdule.xls,INST,2,2,low,CRS,0
INSTRUMENT JUNCTION BOX SCHEDULE (SHAH AREA SY-107 WELL),6569-30-210-S1378-015-01,29-71-48-1703,1,INST,Drawings,Drawings,package b schdule.xls,INST,3,3,medium,Lists_MTOs_BOMs,2
INSTRUMENT CABLE SCHEDULE (SHAH AREA SY-107 WELL),6569-30-210-S1378-016-01,29-71-48-1728,A,INST,Documents,Lists_MTOs_BOMs,package b schdule.xls,INST,2,2,low,CRS,0
INSTRUMENT JUNCTION BOX SCHEDULE  - SY-85  WELL,6569-30-210-S1378-017-01,29-71-48-1704,1,INST,Drawings,Drawings,package b schdule.xls,INST,3,3,medium,Lists_MTOs_BOMs,2
INSTRUMENT CABLE SCHEDULE (SHAH AREA SY-085 WELL),6569-30-210-S1378-018-01,29-71-48-1729,1,INST,Documents,Lists_MTOs_BOMs,package b schdule.xls,INST,2,2,low,CRS,0
INSTRUMENT JUNCTION BOX SCHEDULE (SHAH AREA SY-102 WELL),6569-30-210-S1378-019-01,29-71-48-1705,1,INST,Drawings,Drawings,package b schdule.xls,INST,3,3,medium,Lists_MTOs_BOMs,2
INSTRUMENT CABLE SCHEDULE - Sy-102  WELL,6569-30-210-S1378-020-01,29-71-48-1730,A,INST,Documents,Lists_MTOs_BOMs,package b schdule.xls,INST,2,2,low,CRS,0
INSTRUMENT JUNCTION BOX SCHEDULE (SHAH AREA SY-105 WELL),6569-30-210-S1378-021-01,29-71-48-1706,1,INST,Drawings,Drawings,package b schdule.xls,INST,3,3,medium,Lists_MTOs_BOMs,2
INSTRUMENT CABLE SCHEDULE - Sy-105  WELL,6569-30-210-S1378-022-01,29-71-48-1731,A,INST,Documents,Lists_MTOs_BOMs,package b schdule.xls,INST,2,2,low,CRS,0
INSTRUMENT JUNCTION BOX SCHEDULE - Sy-94  WELL,6569-30-210-S1378-023-01,29-71-48-1707,A,INST,Drawings,Drawings,package b schdule.xls,INST,3,3,medium,Lists_MTOs_BOMs,2
INSTRUMENT CABLE SCHEDULE - Sy-94  WELL,6569-30-210-S1378-024-01,29-71-48-1732,A,INST,Documents,Lists_MTOs_BOMs,package b schdule.xls,INST,2,2,low,CRS,0
INSTRUMENT JUNCTION BOX SCHEDULE (SHAH AREA SY-100 WELL),6569-30-210-S1378-025-01,29-71-48-1708,1,INST,Drawings,Drawings,package b schdule.xls,INST,3,3,medium,Lists_MTOs_BOMs,2
INSTRUMENT CABLE SCHEDULE (SHAH AREA SY-100 WELL),6569-30-210-S1378-026-01,29-71-48-1733,1,INST,Documents,Lists_MTOs_BOMs,package b schdule.xls,INST,2,2,low,CRS,0
INSTRUMENT JUNCTION BOX SCHEDULE (SHAH AREA SY-098 WELL),6569-30-210-S1378-027-01,29-71-48-1709,A,INST,Drawings,Drawings,package b schdule.xls,INST,3,3,medium,Lists_MTOs_BOMs,2
INSTRUMENT CABLE SCHEDULE (SHAH AREA SY-098 WELL),6569-30-210-S1378-028-01,29-71-48-1734,A,INST,Documents,Lists_MTOs_BOMs,package b schdule.xls,INST,2,2,low,CRS,0
INSTRUMENT JUNCTION BOX SCHEDULE - Sy-96  WELL,6569-30-210-S1378-029-01,29-71-48-1710,A,INST,Drawings,Drawings,package b schdule.xls,INST,3,3,medium,Lists_MTOs_BOMs,2
INSTRUMENT CABLE SCHEDULE - Sy-96  WELL,6569-30-210-S1378-030-01,29-71-48-1735,A,INST,Documents,Lists_MTOs_BOMs,package b schdule.xls,INST,2,2,low,CRS,0
INSTRUMENT JUNCTION BOX SCHEDULE (SHAH AREA SY-099 WELL),6569-30-210-S1378-031-01,29-71-48-1711,A,INST,Drawings,Drawings,package b schdule.xls,INST,3,3,medium,Lists_MTOs_BOMs,2
INSTRUMENT CABLE SCHEDULE (SHAH AREA SY-099 WELL),6569-30-210-S1378-032-01,29-71-48-1736,A,INST,Documents,Lists_MTOs_BOMs,package b schdule.xls,INST,2,2,low,CRS,0
INSTRUMENT JUNCTION BOX SCHEDULE (SHAH AREA SY-095 WELL),6569-30-210-S1378-033-01,29-71-48-1712,A,INST,Drawings,Drawings,package b schdule.xls,INST,3,3,medium,Lists_MTOs_BOMs,2
INSTRUMENT CABLE SCHEDULE (SHAH AREA SY-095 WELL),6569-30-210-S1378-034-01,29-71-48-1737,A,INST,Documents,Lists_MTOs_BOMs,package b schdule.xls,INST,2,2,low,CRS,0
INSTRUMENT JUNCTION BOX SCHEDULE (SHAH AREA SY-101 WELL),6569-30-210-S1378-035-01,29-71-48-1713,A,INST,Drawings,Drawings,package b schdule.xls,INST,3,3,medium,Lists_MTOs_BOMs,2
INSTRUMENT CABLE SCHEDULE (SHAH AREA SY-101 WELL),6569-30-210-S1378-036-01,29-71-48-1738,A,INST,Documents,Lists_MTOs_BOMs,package b schdule.xls,INST,2,2,low,CRS,0
INSTRUMENT JUNCTION BOX SCHEDULE (SHAH AREA SY-104 WELL),6569-30-210-S1378-037-01,29-71-48-1714,,INST,Drawings,Drawings,package b schdule.xls,INST,3,3,medium,Lists_MTOs_BOMs,2
INSTRUMENT CABLE SCHEDULE (SHAH AREA SY-104 WELL),6569-30-210-S1378-038-01,29-71-48-1739,,INST,Documents,Lists_MTOs_BOMs,package b schdule.xls,INST,2,2,low,CRS,0
INSTRUMENT JUNCTION BOX SCHEDULE - Sy-103  WELL,6569-30-210-S1378-039-01,29-71-48-1715,,INST,Drawings,Drawings,package b schdule.xls,INST,3,3,medium,Lists_MTOs_BOMs,2
INSTRUMENT CABLE SCHEDULE - Sy-103  WELL,6569-30-210-S1378-040-01,29-71-48-1740,,INST,Documents,Lists_MTOs_BOMs,package b schdule.xls,INST,2,2,low,CRS,0
ELECTRICAL LOAD LIST - ARTIFICIAL OP WELL,6569-30-210-S1381-001-01,29-71-55-1601,1,ELEC,Documents,Lists_MTOs_BOMs,package b schdule.xls,,7,4,medium,CRS,0
ELECTRICAL CABLE SCHEDULE - ARTIFICIAL LIFT OIL WELLS,6569-30-210-S1382-001-01,29-71-63-1601,,ELEC,Documents,Lists_MTOs_BOMs,package b schdule.xls,,2,2,low,CRS,0
TBE For Safety Equipment AND WINDSOCKS,6569-30-210-T1247-001-01,30-99-84-1602,,ENGG HSE,Documents,Reports,package b schdule.xls,HSE,4,4,medium,CRS,0
PIPING STRESS ANALYSIS REPORT FOR ESP WELL SY-86 SHAH,6569-30-210-T1362-001-01,29-71-23-1602,,PIPNG,Documents,Reports,package b schdule.xls,PIPNG,5,5,high,Calculations,4
PIPELINE STRESS ANALYSIS REPORT FOR  ESP WELL SY-87 SHAH,6569-30-210-T1362-002-01,29-71-23-1601,,PIPNG,Documents,Reports,package b schdule.xls,PIPNG,5,5,high,Calculations,4
PIPELINE STRESS ANALYSIS REPORT FOR  ESP WELL Sy-93 SHAH,6569-30-210-T1362-003-01,29-71-23-1603,,PIPNG,Documents,Reports,package b schdule.xls,PIPNG,5,5,high,Calculations,4
PIPELINE STRESS ANALYSIS REPORT FOR  ESP WELL SY-88 SHAH,6569-30-210-T1362-004-01,29-71-23-1604,,PIPNG,Documents,Reports,package b schdule.xls,PIPNG,5,5,high,Calculations,4
PIPELINE STRESS ANALYSIS REPORT FOR  ESP WELL SY-89 SHAH,6569-30-210-T1362-005-01,29-71-23-1605,,PIPNG,Documents,Reports,package b schdule.xls,PIPNG,5,5,high,Calculations,4
PIPELINE STRESS ANALYSIS REPORT FOR  ESP WELL SY-90 SHAH,6569-30-210-T1362-006-01,29-71-23-1606,,PIPNG,Documents,Reports,package b schdule.xls,PIPNG,5,5,high,Calculations,4
PIPELINE STRESS ANALYSIS REPORT FOR  ESP WELL SY-91 SHAH,6569-30-210-T1362-007-01,29-71-23-1607,,PIPNG,Documents,Reports,package b schdule.xls,PIPNG,5,5,high,Calculations,4
PIPING AND PIPELINE STRESS ANALYSIS REPORT OIL PRODUCER WELLHEAD (SY-107),6569-30-210-T1362-008-01,29-71-23-1608,,PIPNG,Documents,Reports,package b schdule.xls,PIPNG,5,5,high,Calculations,4
PIPELINE STRESS ANALYSIS REPORT FOR  ESP WELL SY-85 SHAH,6569-30-210-T1362-009-01,29-71-23-1609,,PIPNG,Documents,Reports,package b schdule.xls,PIPNG,5,5,high,Calculations,4
PIPELINE STRESS ANALYSIS REPORT FOR  ESP WELL Sy-102 SHAH,6569-30-210-T1362-010-01,29-71-23-1610,,PIPNG,Documents,Reports,package b schdule.xls,PIPNG,5,5,high,Calculations,4
PIPELINE STRESS ANALYSIS REPORT FOR  ESP WELL Sy-105 SHAH,6569-30-210-T1362-011-01,29-71-23-1612,,PIPNG,Documents,Reports,package b schdule.xls,PIPNG,5,5,high,Calculations,4
PIPELINE STRESS ANALYSIS REPORT FOR  ESP WELL Sy-94 SHAH,6569-30-210-T1362-012-01,29-71-23-1611,,PIPNG,Documents,Reports,package b schdule.xls,PIPNG,5,5,high,Calculations,4
PIPELINE STRESS ANALYSIS REPORT FOR  ESP WELL P61LH SHAH,6569-30-210-T1362-013-01,29-71-23-1613,,PIPNG,Documents,Reports,package b schdule.xls,PIPNG,5,5,high,Calculations,4
PIPELINE STRESS ANALYSIS REPORT FOR  ESP WELL Sy-100 SHAH,6569-30-210-T1362-014-01,29-71-23-1614,,PIPNG,Documents,Reports,package b schdule.xls,PIPNG,5,5,high,Calculations,4
PIPELINE STRESS ANALYSIS REPORT FOR  ESP WELL Sy-96 SHAH,6569-30-210-T1362-015-01,29-71-23-1615,,PIPNG,Documents,Reports,package b schdule.xls,PIPNG,5,5,high,Calculations,4
PIPELINE STRESS ANALYSIS REPORT FOR  ESP WELL Sy-99 SHAH,6569-30-210-T1362-016-01,29-71-23-1616,,PIPNG,Documents,Reports,package b schdule.xls,PIPNG,5,5,high,Calculations,4
PIPELINE STRESS ANALYSIS REPORT FOR  ESP WELL PSy-104 SHAH,6569-30-210-T1362-017-01,29-71-23-1617,,PIPNG,Documents,Reports,package b schdule.xls,PIPNG,5,5,high,Calculations,4
PIPELINE STRESS ANALYSIS REPORT FOR  ESP WELL PSy-101 SHAH,6569-30-210-T1362-018-01,29-71-23-1619,,PIPNG,Documents,Reports,package b schdule.xls,PIPNG,5,5,high,Calculations,4
PIPELINE STRESS ANALYSIS REPORT FOR  ESP WELL Sy-95 SHAH,6569-30-210-T1362-019-01,29-71-23-1618,,PIPNG,Documents,Reports,package b schdule.xls,PIPNG,5,5,high,Calculations,4
PIPELINE STRESS ANALYSIS REPORT FOR  ESP WELL Sy-103 SHAH,6569-30-210-T1362-020-01,29-71-23-1620,,PIPNG,Documents,Reports,package b schdule.xls,PIPNG,5,5,high,Calculations,4
"PIPING & INSTRUMENT DIAGRAM - WATER DISPOSAL WELLS SY-84, SY-WDW FACILITIES - SHAH CDS",6569-30-220-D1225-001-01,29-70-08-1601,,PROC,Drawings,Drawings,package b schdule.xls,INST,9,5,high,CRS,0
"CAUSE & EFFECT DIAGRAM - WATER DISPOSAL WELLS SY-84, SY-WDW FACILITIES - SHAH CDS",6569-30-220-D1226-001-01,29-70-42-1601,,PROC,Drawings,Drawings,package b schdule.xls,PROC,9,5,high,CRS,0
GENERAL ARRANGEMENT CIVIL  -WD WELL SY- 84,6569-30-220-D1310-001-01,29-71-79-1621,,CIVIL,Drawings,Drawings,package b schdule.xls,CIVIL,9,5,high,CRS,0
GENERAL ARRANGEMENT CIVIL  -WD WELL SY- WDW,6569-30-220-D1310-002-01,29-71-79-1622,,CIVIL,Drawings,Drawings,package b schdule.xls,CIVIL,9,5,high,CRS,0
SITE PREPARATION LAYOUT WATER DISPOSAL WELLHEAD SY-084,6569-30-220-D1312-001-01,29-71-82-1621,1,CIVIL,Drawings,Drawings,package b schdule.xls,,8,5,high,CRS,0
SITE PREPARATION - LAYOUT WELLHEAD FOR WD WELL-SW WDW,6569-30-220-D1312-002-01,29-71-82-1622,,CIVIL,Drawings,Drawings,package b schdule.xls,,8,5,high,CRS,0
"DETAILS FOR CROSSOVERS, PIPE SUPPORTS AND PLATFORMS FOR WELLHEAD SY- 84",6569-30-220-D1330-001-01,29-70-76-1646,,CIVIL,Drawings,Drawings,package b schdule.xls,,6,4,medium,CRS,0
"DETAILS FOR CROSSOVERS, PIPE SUPPORTS AND PLATFORMS FOR WELLHEAD SY- WDW",6569-30-220-D1330-002-01,29-70-76-1647,,CIVIL,Drawings,Drawings,package b schdule.xls,,6,4,medium,CRS,0
PLOT PLAN WATER DISPOSAL WELL SY-084 SHAH FIELD,6569-30-220-D1362-001-01,29-71-04-1631,A,PIPNG,Drawings,Drawings,package b schdule.xls,PROJECTS,4,4,medium,Procedures_Plans,3
WELL SITE COMMUNICATION BLOCK DIAGRAM (SHAH),6569-30-230-D1386-001-01,29-71-70-1601,,ELEC,Drawings,Drawings,package b schdule.xls,,8,4,medium,CRS,0
WELL SITE COMMUNICATION TERMINATION DIAGRAM (SHAH),6569-30-230-D1386-002-01,29-71-70-1602,,ELEC,Drawings,Drawings,package b schdule.xls,,4,4,medium,CRS,0
"CIVIL GA FOR CDS, SHAH FIELD",6569-30-240-D1310-001-01,29-01-79-1601,,CIVIL,Drawings,Drawings,package b schdule.xls,CIVIL,4,4,medium,CRS,0
"CIVIL GA FOR RDS-1, SHAH FIELD.",6569-30-240-D1310-002-01,29-11-79-1601,,CIVIL,Drawings,Drawings,package b schdule.xls,CIVIL,4,4,medium,CRS,0
"CIVIL GA FOR RDS-2, SHAH FIELD.",6569-30-240-D1310-003-01,29-12-79-1601,,CIVIL,Drawings,Drawings,package b schdule.xls,CIVIL,4,4,medium,CRS,0
SITE PREPARATION LAYOUT SINGLE COMPLETION PRODUCTION OIL WELL QW-085,6569-30-240-D1312-001-01,58-71-82-1601,A,CIVIL,Drawings,Drawings,package b schdule.xls,,8,5,high,CRS,0
"DETAILS FOR CROSSOVERS, PIPE SUPPORTS AND PLATEFORM AT WELLHEAD QW- 82",6569-30-240-D1330-001-01,58-70-76-1629,,CIVIL,Drawings,Drawings,package b schdule.xls,,6,4,medium,CRS,0
"DETAILS FOR CROSSOVERS, PIPE SUPPORTS AND PLATEFORM AT WELLHEAD QW- 90",6569-30-240-D1330-002-01,58-70-76-1630,,CIVIL,Drawings,Drawings,package b schdule.xls,,6,4,medium,CRS,0
"DETAILS FOR CROSSOVERS, PIPE SUPPORTS AND PLATEFORM AT WELLHEAD QW- 61",6569-30-240-D1330-003-01,58-70-76-1631,,CIVIL,Drawings,Drawings,package b schdule.xls,,6,4,medium,CRS,0
"DETAILS FOR CROSSOVERS, PIPE SUPPORTS AND PLATEFORM AT WELLHEAD QW- 88",6569-30-240-D1330-004-01,58-70-76-1632,,CIVIL,Drawings,Drawings,package b schdule.xls,,6,4,medium,CRS,0
"DETAILS FOR CROSSOVERS, PIPE SUPPORTS AND PLATEFORM AT WELLHEAD QW- 87",6569-30-240-D1330-005-01,58-70-76-1633,,CIVIL,Drawings,Drawings,package b schdule.xls,,6,4,medium,CRS,0
"DETAILS FOR CROSSOVERS, PIPE SUPPORTS AND PLATEFORM AT WELLHEAD QW- 89",6569-30-240-D1330-006-01,58-70-76-1634,,CIVIL,Drawings,Drawings,package b schdule.xls,,6,4,medium,CRS,0
"DETAILS FOR CROSSOVERS, PIPE SUPPORTS AND PLATEFORM AT WELLHEAD QW- 44",6569-30-240-D1330-007-01,58-70-76-1635,,CIVIL,Drawings,Drawings,package b schdule.xls,,6,4,medium,CRS,0
"DETAILS FOR CROSSOVERS, PIPE SUPPORTS AND PLATEFORM AT WELLHEAD QW- 202",6569-30-240-D1330-008-01,58-70-76-1636,,CIVIL,Drawings,Drawings,package b schdule.xls,,6,4,medium,CRS,0
"DETAILS FOR CROSSOVERS, PIPE SUPPORTS AND PLATEFORM AT WELLHEAD QW- 72",6569-30-240-D1330-009-01,58-70-76-1637,,CIVIL,Drawings,Drawings,package b schdule.xls,,6,4,medium,CRS,0
"DETAILS FOR CROSSOVERS, PIPE SUPPORTS AND PLATEFORM AT WELLHEAD QW- 83",6569-30-240-D1330-010-01,58-70-76-1638,,CIVIL,Drawings,Drawings,package b schdule.xls,,6,4,medium,CRS,0
"DETAILS FOR CROSSOVERS, PIPE SUPPORTS AND PLATEFORM AT WELLHEAD QW- 57",6569-30-240-D1330-011-01,58-70-76-1639,,CIVIL,Drawings,Drawings,package b schdule.xls,,6,4,medium,CRS,0
"DETAILS FOR CROSSOVERS, PIPE SUPPORTS AND PLATEFORM AT WELLHEAD QW- 59",6569-30-240-D1330-012-01,58-70-76-1640,,CIVIL,Drawings,Drawings,package b schdule.xls,,6,4,medium,CRS,0
"DETAILS FOR CROSSOVERS, PIPE SUPPORTS AND PLATEFORM AT WELLHEAD QW- 91",6569-30-240-D1330-013-01,58-70-76-1641,,CIVIL,Drawings,Drawings,package b schdule.xls,,6,4,medium,CRS,0
FIELD LAYOUT SHAH,6569-30-310-A1360-001-01,29-99-02-1601,A,PIPNG,Drawings,Drawings,package b schdule.xls,,5,5,high,CRS,0
MTO FOR CATHODIC PROTECTION SYSTEM OF PIPELINES CROSSINGS - ARTIFICIAL OP WELL,6569-30-310-B1387-001-01,29-71-67-1601,,ELEC,Documents,Lists_MTOs_BOMs,package b schdule.xls,ELEC,5,5,high,CRS,0
KEY PLAN FIELD AREA LAYOUT SHAH,6569-30-310-D1360-001-01,29-99-02-1602,A,PIPNG,Drawings,Drawings,package b schdule.xls,PROJECTS,9,5,high,Procedures_Plans,3
FIELD AREA LAYOUT AREA -193 SHAH,6569-30-310-D1360-002-01,29-99-03-1601,A,PIPNG,Drawings,Drawings,package b schdule.xls,,5,5,high,CRS,0
FIELD AREA LAYOUT AREA -212 SHAH,6569-30-310-D1360-003-01,29-99-03-1603,A,PIPNG,Drawings,Drawings,package b schdule.xls,,5,5,high,CRS,0
FIELD AREA LAYOUT AREA -213 SHAH,6569-30-310-D1360-004-01,29-99-03-1604,A,PIPNG,Drawings,Drawings,package b schdule.xls,,5,5,high,CRS,0
FIELD AREA LAYOUT AREA -230 SHAH,6569-30-310-D1360-005-01,29-99-03-1605,A,PIPNG,Drawings,Drawings,package b schdule.xls,,5,5,high,CRS,0
FIELD AREA LAYOUT AREA -231 SHAH,6569-30-310-D1360-006-01,29-99-03-1606,A,PIPNG,Drawings,Drawings,package b schdule.xls,,5,5,high,CRS,0
FIELD AREA LAYOUT AREA -232 SHAH,6569-30-310-D1360-007-01,29-99-03-1607,A,PIPNG,Drawings,Drawings,package b schdule.xls,,5,5,high,CRS,0
UPDATION OF FIELD AREA LAYOUT NO. 233 FOR SHAH FIELD,6569-30-310-D1360-008-01,29-99-03-1904,,PIPNG,Drawings,Drawings,package b schdule.xls,,5,5,high,CRS,0
UPDATION OF FIELD AREA LAYOUT NO. 249 FOR SHAH FIELD,6569-30-310-D1360-009-01,29-99-03-1905,,PIPNG,Drawings,Drawings,package b schdule.xls,,5,5,high,CRS,0
FIELD AREA LAYOUT AREA -250 SHAH,6569-30-310-D1360-010-01,29-99-03-1609,A,PIPNG,Drawings,Drawings,package b schdule.xls,,5,5,high,CRS,0
FIELD AREA LAYOUT AREA -251 SHAH,6569-30-310-D1360-011-01,29-99-03-1610,A,PIPNG,Drawings,Drawings,package b schdule.xls,,5,5,high,CRS,0
UPDATION OF FIELD AREA LAYOUT NO. 252 FOR SHAH FIELD,6569-30-310-D1360-012-01,29-99-03-1611,,PIPNG,Drawings,Drawings,package b schdule.xls,,5,5,high,CRS,0
UPDATION OF FIELD AREA LAYOUT NO. 268 FOR SHAH FIELD,6569-30-310-D1360-013-01,29-99-03-1629,,PIPNG,Drawings,Drawings,package b schdule.xls,,5,5,high,CRS,0
FIELD AREA LAYOUT AREA -269 SHAH,6569-30-310-D1360-014-01,29-99-03-1612,A,PIPNG,Drawings,Drawings,package b schdule.xls,,5,5,high,CRS,0
UPDATION OF FIELD AREA LAYOUT NO. 270 FOR SHAH FIELD,6569-30-310-D1360-015-01,29-99-03-1613,,PIPNG,Drawings,Drawings,package b schdule.xls,,5,5,high,CRS,0
UPDATION OF FIELD AREA LAYOUT NO. 271 FOR SHAH FIELD,6569-30-310-D1360-016-01,29-99-03-1628,,PIPNG,Drawings,Drawings,package b schdule.xls,,5,5,high,CRS,0
UPDATION OF FIELD AREA LAYOUT NO. 287 FOR SHAH FIELD,6569-30-310-D1360-017-01,29-99-03-1615,,PIPNG,Drawings,Drawings,package b schdule.xls,,5,5,high,CRS,0
FIELD AREA LAYOUT AREA -288 SHAH,6569-30-310-D1360-018-01,29-99-03-1616,A,PIPNG,Drawings,Drawings,package b schdule.xls,,5,5,high,CRS,0
FIELD AREA LAYOUT AREA -289 SHAH,6569-30-310-D1360-019-01,29-99-03-1617,A,PIPNG,Drawings,Drawings,package b schdule.xls,,5,5,high,CRS,0
UPDATION OF FIELD AREA LAYOUT NO. 290 FOR SHAH FIELD,6569-30-310-D1360-020-01,29-99-03-1630,,PIPNG,Drawings,Drawings,package b schdule.xls,,5,5,high,CRS,0
UPDATION OF FIELD AREA LAYOUT NO. 307 FOR SHAH FIELD,6569-30-310-D1360-021-01,29-99-03-1618,,PIPNG,Drawings,Drawings,package b schdule.xls,,5,5,high,CRS,0
UPDATION OF FIELD AREA LAYOUT NO. 308 FOR SHAH FIELD,6569-30-310-D1360-022-01,29-99-03-1619,,PIPNG,Drawings,Drawings,package b schdule.xls,,5,5,high,CRS,0
UPDATION OF FIELD AREA LAYOUT NO. 309 FOR SHAH FIELD,6569-30-310-D1360-023-01,29-99-03-1620,,PIPNG,Drawings,Drawings,package b schdule.xls,,5,5,high,CRS,0
UPDATION OF FIELD AREA LAYOUT NO. 327 FOR SHAH FIELD,6569-30-310-D1360-024-01,29-99-03-1631,,PIPNG,Drawings,Drawings,package b schdule.xls,,5,5,high,CRS,0
WING VALVE ORIENTATION FOR ESP WELLS IN SHAH FIELD,6569-30-310-M1360-001-01,29-99-23-1603,2,PIPNG,Drawings,Drawings,package b schdule.xls,,4,4,medium,CRS,0
"WATER DISPOSAL FLOWLINES HYDRAULICS REPORT -(SY-84, SY-WDW)  SHAH CDS",6569-30-320-D1227-001-01,29-99-91-1602,,PROC,Documents,Reports,package b schdule.xls,PIPNG,5,5,high,CRS,0
MTO FOR ELECTRICAL WORKS - MULTI SELECTOR MANIFOLDS,6569-30-400-B1380-001-01,29-99-63-1606,,ELEC,Documents,Lists_MTOs_BOMs,package b schdule.xls,,5,5,high,CRS,0
"CALCULATION OF FOUNDATION FOR MSM FOR CDS, SHAH FIELD.",6569-30-400-C1323-001-01,29-01-83-1603,,CIVIL,Documents,Calculations,package b schdule.xls,CIVIL,5,5,high,Drawings,4
"CALCULATION OF STEEL SHED FOUNDATION FOR MSM FOR CDS, SHAH FIELD.",6569-30-400-C1323-002-01,29-01-83-1605,,CIVIL,Drawings,Drawings,package b schdule.xls,CIVIL,8,4,medium,Calculations,5
"CALCULATION OF PIPE RACK STEEL STRUCTURE XXX-PR-XX FOUNDATION FOR CDS, SHAH FIELD.",6569-30-400-C1323-003-01,29-01-83-1607,,CIVIL,Drawings,Drawings,package b schdule.xls,CIVIL,8,4,medium,Calculations,5
"CALCULATION OF FOUNDATION FOR MSM FOR RDS-1, SHAH FIELD.",6569-30-400-C1323-004-01,29-11-83-1603,,CIVIL,Documents,Calculations,package b schdule.xls,CIVIL,5,5,high,Drawings,4
"CALCULATION OF STEEL SHED FOUNDATION FOR MSM FOR RDS-1, SHAH FIELD.",6569-30-400-C1323-005-01,29-11-83-1605,,CIVIL,Drawings,Drawings,package b schdule.xls,CIVIL,8,4,medium,Calculations,5
"CALCULATION OF PIPE RACK STEEL STRUCTURE XXX-PR-XX FOUNDATION FOR RDS-1, SHAH FIELD.",6569-30-400-C1323-006-01,29-11-83-1607,,CIVIL,Drawings,Drawings,package b schdule.xls,CIVIL,8,4,medium,Calculations,5
"CALCULATION OF FOUNDATION FOR MSM FOR RDS-2, SHAH FIELD.",6569-30-400-C1323-007-01,29-12-83-1603,,CIVIL,Documents,Calculations,package b schdule.xls,CIVIL,5,5,high,Drawings,4
"CALCULATION OF STEEL SHED FOUNDATION FOR MSM FOR RDS-2, SHAH FIELD.",6569-30-400-C1323-008-01,29-12-83-1605,,CIVIL,Drawings,Drawings,package b schdule.xls,CIVIL,8,4,medium,Calculations,5
"CALCULATION OF PIPE RACK STEEL STRUCTURE XXX-PR-XX FOUNDATION FOR RDS-2, SHAH FIELD.",6569-30-400-C1323-009-01,29-12-83-1607,,CIVIL,Drawings,Drawings,package b schdule.xls,CIVIL,8,4,medium,Calculations,5
"CALCULATION REPORT FOR PIPE SLEEPERS  FOR CDS, SHAH FIELD.",6569-30-400-C1326-001-01,29-01-83-1601,,CIVIL,Documents,Calculations,package b schdule.xls,,5,5,high,Reports,5
"CALCULATION REPORT FOR PIPE SLEEPERS  FOR RDS-1, SHAH FIELD.",6569-30-400-C1326-002-01,29-11-83-1601,,CIVIL,Documents,Calculations,package b schdule.xls,,5,5,high,Reports,5
"CALCULATION REPORT FOR PIPE SLEEPERS  FOR RDS-2, SHAH FIELD.",6569-30-400-C1326-003-01,29-12-83-1601,,CIVIL,Documents,Calculations,package b schdule.xls,,5,5,high,Reports,5
"CALCULATION OF PIPE RACK STEEL STRUCTURE XXX-PR-XX FOR CDS, SHAH FIELD.",6569-30-400-C1331-001-01,29-01-83-1606,,CIVIL,Documents,Calculations,package b schdule.xls,,5,5,high,Drawings,4
"CALCULATION OF PIPE RACK STEEL STRUCTURE XXX-PR-XX FOR RDS-1, SHAH FIELD.",6569-30-400-C1331-002-01,29-11-83-1606,,CIVIL,Documents,Calculations,package b schdule.xls,,5,5,high,Drawings,4
"CALCULATION OF PIPE RACK STEEL STRUCTURE XXX-PR-XX FOR RDS-2, SHAH FIELD.",6569-30-400-C1331-003-01,29-12-83-1606,,CIVIL,Documents,Calculations,package b schdule.xls,,5,5,high,Drawings,4
"CALCULATION OF STEEL SHED FOR MSM FOR CDS, SHAH FIELD.",6569-30-400-C1332-001-01,29-01-83-1604,,CIVIL,Documents,Calculations,package b schdule.xls,,5,5,high,Drawings,4
"CALCULATION OF STEEL SHED FOR MSM FOR RDS-1, SHAH FIELD.",6569-30-400-C1332-002-01,29-11-83-1604,,CIVIL,Documents,Calculations,package b schdule.xls,,5,5,high,Drawings,4
"CALCULATION OF STEEL SHED FOR MSM FOR RDS-2, SHAH FIELD.",6569-30-400-C1332-003-01,29-12-83-1604,,CIVIL,Documents,Calculations,package b schdule.xls,,5,5,high,Drawings,4
"CALCULATION REPORT FOR PIPE SUPPORTS FOR CDS, SHAH FIELD.",6569-30-400-C1338-001-01,29-01-83-1602,,CIVIL,Documents,Calculations,package b schdule.xls,,5,5,high,Reports,5
"CALCULATION REPORT FOR PIPE SUPPORTS FOR RDS-1, SHAH FIELD.",6569-30-400-C1338-002-01,29-11-83-1602,,CIVIL,Documents,Calculations,package b schdule.xls,,5,5,high,Reports,5
"CALCULATION REPORT FOR PIPE SUPPORTS FOR RDS-2, SHAH FIELD.",6569-30-400-C1338-003-01,29-12-83-1602,,CIVIL,Documents,Calculations,package b schdule.xls,,5,5,high,Reports,5
LIGHTING ILLUMINATION CALCULATIONS FOR MSM SHELTER (TYPICAL),6569-30-400-C1383-001-01,29-99-67-1607,,ELEC,Documents,Calculations,package b schdule.xls,,5,5,high,Drawings,2
"PROCESS FLOW DIAGRAM - DESTINATIONS OF PRODUCTION HEADER, MPFM, CLOSED DRAIN & SOURCE OF CI FOR N MSM-XXX (3 NOS.) - SHAH CDS",6569-30-400-D1223-001-01,29-01-08-1601,,PROC,Drawings,Drawings,package b schdule.xls,PROC,8,4,medium,CRS,0
PROCESS FLOW DIAGRAM -NEW MSM-XXX (3 NOS.) - SHAH CDS,6569-30-400-D1223-002-01,29-01-08-1602,,PROC,Drawings,Drawings,package b schdule.xls,PROC,8,4,medium,CRS,0
PIPING & INSTRUMENT DIAGRAM - RDS-1 - SHAH,6569-30-400-D1225-001-01,29-11-08-1601,,PROC,Drawings,Drawings,package b schdule.xls,INST,9,5,high,CRS,0
PIPING & INSTRUMENT DIAGRAM - RDS-2 - SHAH,6569-30-400-D1225-002-01,29-12-08-1601,,PROC,Drawings,Drawings,package b schdule.xls,INST,9,5,high,CRS,0
PIPING & INSTRUMENT DIAGRAM - CDS - SHAH,6569-30-400-D1225-003-01,29-01-08-1603,,PROC,Drawings,Drawings,package b schdule.xls,INST,9,5,high,CRS,0
PIPING & INSTRUMENT DIAGRAM - WATER DISPOSAL PUMPS (P-XXX) WATER TRANSFER FACILITIES - SHAH CDS,6569-30-400-D1225-008-01,29-01-08-1604,,PROC,Drawings,Drawings,package b schdule.xls,INST,9,5,high,CRS,0
"PIPING & INSTRUMENT DIAGRAM - TIE-INS OF NEW MSM-XX1 TO PRODUCTION HEADER, MULTI-PHASE FLOW METER HEADER, CLOSED DRAIN HEADER",6569-30-400-D1225-009-01,29-01-08-1605,,PROC,Drawings,Drawings,package b schdule.xls,INST,9,5,high,Lists_MTOs_BOMs,4
"PIPING & INSTRUMENT DIAGRAM - TIE-INS OF NEW MSM-XX2 TO PRODUCTION HEADER, MULTI-PHASE FLOW METER HEADER, CLOSED DRAIN HEADER",6569-30-400-D1225-010-01,29-01-08-1606,,PROC,Drawings,Drawings,package b schdule.xls,INST,9,5,high,Lists_MTOs_BOMs,4
"PIPING & INSTRUMENT DIAGRAM - TIE-INS OF NEW MSM-XX3 TO PRODUCTION HEADER, MULTI-PHASE FLOW METER HEADER, CLOSED DRAIN HEADER",6569-30-400-D1225-011-01,29-01-08-1607,,PROC,Drawings,Drawings,package b schdule.xls,INST,9,5,high,Lists_MTOs_BOMs,4
PIPING & INSTRUMENT DIAGRAM - NEW MSM-XX1,6569-30-400-D1225-012-01,29-01-08-1608,,PROC,Drawings,Drawings,package b schdule.xls,INST,9,5,high,CRS,0
PIPING & INSTRUMENT DIAGRAM - NEW MSM-XX2,6569-30-400-D1225-013-01,29-11-08-1608,,PROC,Drawings,Drawings,package b schdule.xls,INST,9,5,high,CRS,0
PIPING & INSTRUMENT DIAGRAM - NEW MSM-XX3,6569-30-400-D1225-014-01,29-12-08-1608,,PROC,Drawings,Drawings,package b schdule.xls,INST,9,5,high,CRS,0
P&ID – PIG LAUNCHER LP – 1301 SHAH RDS-2,6569-30-400-D1225-015-01,29-12-08-1602,,PROC,Drawings,Drawings,package b schdule.xls,PROC,5,5,high,CRS,0
P&ID – MULTIPHASE FLOW METER FT-0604 SHAH RDS-2,6569-30-400-D1225-016-01,29-12-08-1603,,PROC,Drawings,Drawings,package b schdule.xls,PROC,5,5,high,CRS,0
P&ID- FLARE HEADER SHAH RDS-2,6569-30-400-D1225-017-01,29-12-08-1604,,PROC,Drawings,Drawings,package b schdule.xls,PROC,5,5,high,CRS,0
P&ID – CORROSION INHIBITOR INJECTION PACKAGE U-6207 SHAH RDS-2,6569-30-400-D1225-018-01,29-12-08-1605,,PROC,Drawings,Drawings,package b schdule.xls,PROC,5,5,high,CRS,0
P&ID – RDS 1 TRANSFER LINE SHAH RDS-1,6569-30-400-D1225-019-01,29-11-08-1602,,PROC,Drawings,Drawings,package b schdule.xls,PROC,5,5,high,CRS,0
P&ID – MULTIPHASE FLOW METER FT-0603 SHAH RDS-1,6569-30-400-D1225-020-01,29-11-08-1603,,PROC,Drawings,Drawings,package b schdule.xls,PROC,5,5,high,CRS,0
P&ID – FLARE HEADER SHAH RDS -1,6569-30-400-D1225-021-01,29-11-08-1604,,PROC,Drawings,Drawings,package b schdule.xls,PROC,5,5,high,CRS,0
P&ID- CORRSION INHIBITOR INJECITON PACKAGE U-6207 SHAH RDS-1,6569-30-400-D1225-022-01,29-11-08-1605,,PROC,Drawings,Drawings,package b schdule.xls,PROC,5,5,high,CRS,0
P&ID-CLOSED DRAIN HEADER SHAH RDS-1,6569-30-400-D1225-023-01,29-11-08-1606,,PROC,Drawings,Drawings,package b schdule.xls,PROC,5,5,high,CRS,0
P&ID-MULTISELECTOR MANIFOLD M-0103 SHAH RDS-1,6569-30-400-D1225-024-01,29-11-87-1608,,PROC,Drawings,Drawings,package b schdule.xls,PROC,5,5,high,CRS,0
P&ID – MULTISELECTOR MANIFOLD M-0103 SHAH RDS-2,6569-30-400-D1225-025-01,29-12-08-1607,,PROC,Drawings,Drawings,package b schdule.xls,PROC,5,5,high,CRS,0
P&ID- OIL CORROSION INHIBITOR INJECTION PACKAGE U-6204 SHAH CDS,6569-30-400-D1225-026-01,29-01-08-1611,,PROC,Drawings,Drawings,package b schdule.xls,PROC,5,5,high,CRS,0
CAUSE & EFFECT DIAGRAM - WATER DISPOSAL PUMPS (P-XXX) WATER TRANSFER FACILITIES - SHAH CDS,6569-30-400-D1226-001-01,29-01-42-1601,,PROC,Drawings,Drawings,package b schdule.xls,PROC,9,5,high,CRS,0
"Cause & Effect Diagram - New MSM-xxx1 - Existing Production Header, MPFM, CI Injection",6569-30-400-D1226-002-01,29-01-42-1602,,PROC,Drawings,Drawings,package b schdule.xls,PROC,9,5,high,CRS,0
"Cause & Effect Diagram - New MSM-xxx2 - Existing Production Header, MPFM, CI Injection",6569-30-400-D1226-003-01,29-01-42-1603,,PROC,Drawings,Drawings,package b schdule.xls,PROC,9,5,high,CRS,0
"Cause & Effect Diagram - New MSM-xxx3 - Existing Production Header, MPFM, CI Injection",6569-30-400-D1226-004-01,29-01-42-1604,,PROC,Drawings,Drawings,package b schdule.xls,PROC,9,5,high,CRS,0
Cause & Effect Diagram - New MSM-xxx3 - Existing Wells-xxx Connected to New MSM-xxx1/2/3,6569-30-400-D1226-005-01,29-01-42-1605,,PROC,Drawings,Drawings,package b schdule.xls,PROC,9,5,high,CRS,0
"PAVING AND DRAINAGE FOR MSM AREA  FOR CDS, SHAH FIELD.",6569-30-400-D1317-001-01,29-01-76-1607,,CIVIL,Drawings,Drawings,package b schdule.xls,,3,3,medium,CRS,0
"ROAD CROSSING DETAILS FOR CDS, SHAH FIELD.",6569-30-400-D1317-002-01,29-01-76-1610,,CIVIL,Drawings,Drawings,package b schdule.xls,,2,2,low,CRS,0
"PAVING AND DRAINAGE FOR MSM AREA  FOR RDS-1, SHAH FIELD.",6569-30-400-D1317-003-01,29-11-76-1606,,CIVIL,Drawings,Drawings,package b schdule.xls,,3,3,medium,CRS,0
"PAVING AND DRAINAGE FOR MSM AREA  FOR RDS-2, SHAH FIELD.",6569-30-400-D1317-004-01,29-12-76-1606,,CIVIL,Drawings,Drawings,package b schdule.xls,,3,3,medium,CRS,0
"FOUNDATION FOR MSM FOR CDS, SHAH FIELD.",6569-30-400-D1323-001-01,29-01-76-1604,,CIVIL,Drawings,Drawings,package b schdule.xls,CIVIL,4,4,medium,CRS,0
"STEEL PLATFORM FOUNDATION FOR MSM FOR CDS, SHAH FIELD.",6569-30-400-D1323-002-01,29-01-76-1606,,CIVIL,Drawings,Drawings,package b schdule.xls,CIVIL,8,4,medium,CRS,0
"PIPE RACK STEEL STRUCTURE XXX-PR-XX FOUNDATION FOR CDS, SHAH FIELD.",6569-30-400-D1323-003-01,29-01-76-1609,,CIVIL,Drawings,Drawings,package b schdule.xls,CIVIL,8,4,medium,CRS,0
"FOUNDATION FOR MSM FOR RDS-1, SHAH FIELD.",6569-30-400-D1323-004-01,29-11-76-1603,,CIVIL,Drawings,Drawings,package b schdule.xls,CIVIL,4,4,medium,CRS,0
"STEEL SHED FOUNDATION FOR MSM FOR RDS-1, SHAH FIELD.",6569-30-400-D1323-005-01,29-11-76-1605,,CIVIL,Drawings,Drawings,package b schdule.xls,CIVIL,8,4,medium,CRS,0
"PIPE RACK STEEL STRUCTURE XXX-PR-XX FOUNDATION FOR RDS-1, SHAH FIELD.",6569-30-400-D1323-006-01,29-11-76-1608,,CIVIL,Drawings,Drawings,package b schdule.xls,CIVIL,8,4,medium,CRS,0
"FOUNDATION FOR MSM FOR RDS-2, SHAH FIELD.",6569-30-400-D1323-007-01,29-12-76-1603,,CIVIL,Drawings,Drawings,package b schdule.xls,CIVIL,4,4,medium,CRS,0
"STEEL SHED FOUNDATION FOR MSM FOR RDS-2, SHAH FIELD.",6569-30-400-D1323-008-01,29-12-76-1605,,CIVIL,Drawings,Drawings,package b schdule.xls,CIVIL,8,4,medium,CRS,0
"PIPE RACK STEEL STRUCTURE XXX-PR-XX FOUNDATION FOR RDS-2, SHAH FIELD.",6569-30-400-D1323-009-01,29-12-76-1608,,CIVIL,Drawings,Drawings,package b schdule.xls,CIVIL,8,4,medium,CRS,0
"LAYOUT AND DETAILS OF VALVE PIT FOR CDS, SHAH FIELD.",6569-30-400-D1325-001-01,29-01-76-1603,,CIVIL,Drawings,Drawings,package b schdule.xls,,7,5,high,CRS,0
"LAYOUT AND DETAILS OF PIPE SLEEPERS  FOR CDS, SHAH FIELD.",6569-30-400-D1326-001-01,29-01-76-1601,,CIVIL,Drawings,Drawings,package b schdule.xls,,11,5,high,CRS,0
"LAYOUT AND DETAILS OF PIPE SLEEPERS  FOR RDS-1, SHAH FIELD.",6569-30-400-D1326-002-01,29-11-76-1601,,CIVIL,Drawings,Drawings,package b schdule.xls,,11,5,high,CRS,0
"LAYOUT AND DETAILS OF PIPE SLEEPERS  FOR RDS-2, SHAH FIELD.",6569-30-400-D1326-003-01,29-12-76-1601,,CIVIL,Drawings,Drawings,package b schdule.xls,,11,5,high,CRS,0
"PIPE RACK STEEL STRUCTURE XXX-PR-XX FOR CDS, SHAH FIELD.",6569-30-400-D1331-001-01,29-01-76-1608,,CIVIL,Drawings,Drawings,package b schdule.xls,,4,4,medium,CRS,0
"PIPE RACK STEEL STRUCTURE XXX-PR-XX FOR RDS-1, SHAH FIELD.",6569-30-400-D1331-002-01,29-11-76-1607,,CIVIL,Drawings,Drawings,package b schdule.xls,,4,4,medium,CRS,0
"PIPE RACK STEEL STRUCTURE XXX-PR-XX FOR RDS-2, SHAH FIELD.",6569-30-400-D1331-003-01,29-12-76-1607,,CIVIL,Drawings,Drawings,package b schdule.xls,,4,4,medium,CRS,0
"STEEL SHED FOR MSM FOR CDS, SHAH FIELD.",6569-30-400-D1332-001-01,29-01-76-1605,,CIVIL,Drawings,Drawings,package b schdule.xls,,4,4,medium,CRS,0
"STEEL SHED FOR MSM FOR RDS-1, SHAH FIELD.",6569-30-400-D1332-002-01,29-11-76-1604,,CIVIL,Drawings,Drawings,package b schdule.xls,,4,4,medium,CRS,0
"STEEL SHED FOR MSM FOR RDS-2, SHAH FIELD.",6569-30-400-D1332-003-01,29-12-76-1604,,CIVIL,Drawings,Drawings,package b schdule.xls,,4,4,medium,CRS,0
"LAYOUT AND DETAILS OF PIPE SUPPORTS FOR CDS, SHAH FIELD.",6569-30-400-D1338-001-01,29-01-76-1602,,CIVIL,Drawings,Drawings,package b schdule.xls,,11,5,high,CRS,0
"LAYOUT AND DETAILS OF PIPE SUPPORTS FOR RDS-1, SHAH FIELD.",6569-30-400-D1338-002-01,29-11-76-1602,,CIVIL,Drawings,Drawings,package b schdule.xls,,11,5,high,CRS,0
"LAYOUT AND DETAILS OF PIPE SUPPORTS FOR RDS-2, SHAH FIELD.",6569-30-400-D1338-003-01,29-12-76-1602,,CIVIL,Drawings,Drawings,package b schdule.xls,,11,5,high,CRS,0
SITE LAYOUT OF RDS -1 FOR SHAH FIELD,6569-30-400-D1360-001-01,29-11-03-1601,,PIPNG,Drawings,Drawings,package b schdule.xls,,5,5,high,CRS,0
SITE LAYOUT OF RDS -2 FOR SHAH FIELD,6569-30-400-D1360-002-01,29-12-03-1601,,PIPNG,Drawings,Drawings,package b schdule.xls,,5,5,high,CRS,0
SITE LAYOUT OF CDS FOR SHAH FIELD,6569-30-400-D1360-003-01,29-01-03-1601,,PIPNG,Drawings,Drawings,package b schdule.xls,,5,5,high,CRS,0
PIPELINE APPROCH DRAWINGS/LAYOUT FOR RDS-1 FOR SHAH FIELD,6569-30-400-D1360-004-01,29-11-23-1602,,PIPNG,Drawings,Drawings,package b schdule.xls,,9,5,high,CRS,0
PIPELINE APPROCH DRAWINGS/LAYOUT FOR RDS-2 FOR SHAH FIELD,6569-30-400-D1360-005-01,29-12-23-1602,,PIPNG,Drawings,Drawings,package b schdule.xls,,9,5,high,CRS,0
PIPELINE APPROCH DRAWINGS/LAYOUT FOR CDS FOR SHAH FIELD,6569-30-400-D1360-006-01,29-01-23-1602,,PIPNG,Drawings,Drawings,package b schdule.xls,,9,5,high,CRS,0
PLOT PLAN SHAH RDS-1,6569-30-400-D1362-001-01,29-11-04-1601,A,PIPNG,Drawings,Drawings,package b schdule.xls,PROJECTS,4,4,medium,Procedures_Plans,3
PLOT PLAN RDS 2,6569-30-400-D1362-002-01,29-12-04-1601,A,PIPNG,Drawings,Drawings,package b schdule.xls,PROJECTS,4,4,medium,Procedures_Plans,3
PLOT PLAN AREA -1 SHAH CDS,6569-30-400-D1362-003-01,29-01-04-1601,,PIPNG,Drawings,Drawings,package b schdule.xls,PROJECTS,4,4,medium,Procedures_Plans,3
UPDATION OF PIPING LAYOUTS OF SHAH CDS FOR MSM1,6569-30-400-D1362-004-01,29-01-21-1601,,PIPNG,Drawings,Drawings,package b schdule.xls,PIPNG,5,5,high,CRS,0
UPDATION OF PIPING LAYOUTS OF SHAH RDS-1 FOR MSM2,6569-30-400-D1362-005-01,29-11-21-1601,,PIPNG,Drawings,Drawings,package b schdule.xls,PIPNG,5,5,high,CRS,0
UPDATION OF PIPING LAYOUTS OF SHAH RDS-2 FOR MSM3,6569-30-400-D1362-006-01,29-11-21-1601,,PIPNG,Drawings,Drawings,package b schdule.xls,PIPNG,5,5,high,CRS,0
PIPING LAYOUT OF RDS-1 SHAH,6569-30-400-D1362-007-01,29-11-13-1601,,PIPNG,Drawings,Drawings,package b schdule.xls,PIPNG,5,5,high,CRS,0
PIPING LAYOUT OF RDS-2 SHAH,6569-30-400-D1362-008-01,29-12-13-1601,,PIPNG,Drawings,Drawings,package b schdule.xls,PIPNG,5,5,high,CRS,0
PIPING LAYOUT OF CDS SHAH,6569-30-400-D1362-009-01,29-01-13-1601,,PIPNG,Drawings,Drawings,package b schdule.xls,PIPNG,5,5,high,CRS,0
PIPING GENERAL ARRANGEMENT DRAWINGS RDS-2 SHAH,6569-30-400-D1362-010-01,29-12-21-1601,,PIPNG,Drawings,Drawings,package b schdule.xls,PIPNG,13,5,high,CRS,0
PLOT PLAN SHAH RDS-1 DEMOLITION,6569-30-400-D1362-012-01,29-11-04-1602,,PIPNG,Drawings,Drawings,package b schdule.xls,PROJECTS,4,4,medium,Procedures_Plans,3
INSTRUMENT JB INTERCONNECTION / TERMINATION DRAWINGS - MSM 2,6569-30-400-D1378-006-01,29-71-47-1624,,INST,Drawings,Drawings,package b schdule.xls,INST,4,4,medium,CRS,0
INSTRUMENT AND TELECOM CABLE ROUTING / TRENCH LAYOUT  - MSM 2,6569-30-400-D1378-007-01,29-71-49-1624,,INST,Drawings,Drawings,package b schdule.xls,INST,9,5,high,CRS,0
INSTRUMENT CABLE BLOCK DIAGRAM - MSM 2,6569-30-400-D1378-008-01,29-71-49-1649,,INST,Drawings,Drawings,package b schdule.xls,INST,8,4,medium,CRS,0
INSTRUMENT SEGMENT DRAWINGS - MSM 3,6569-30-400-D1378-009-01,29-71-41-1625,,INST,Drawings,Drawings,package b schdule.xls,INST,4,4,medium,CRS,0
INSTRUMENT JB INTERCONNECTION / TERMINATION DRAWINGS - MSM 3,6569-30-400-D1378-010-01,29-71-47-1625,,INST,Drawings,Drawings,package b schdule.xls,INST,4,4,medium,CRS,0
INSTRUMENT AND TELECOM CABLE ROUTING / TRENCH LAYOUT  - MSM 3,6569-30-400-D1378-011-01,29-71-49-1625,,INST,Drawings,Drawings,package b schdule.xls,INST,9,5,high,CRS,0
INSTRUMENT CABLE BLOCK DIAGRAM - MSM 3,6569-30-400-D1378-012-01,29-71-49-1650,,INST,Drawings,Drawings,package b schdule.xls,INST,8,4,medium,CRS,0
INSTRUMENT JB INTERCONNECTION / TERMINATION DRAWINGS  - CDS (SY 84 WELL & SY WDW),6569-30-400-D1378-014-01,29-01-47-1621,,INST,Drawings,Drawings,package b schdule.xls,INST,4,4,medium,CRS,0
INSTRUMENT AND TELECOM CABLE ROUTING / TRENCH LAYOUT - CDS (SY 84 WELL & SY WDW),6569-30-400-D1378-015-01,29-01-49-1621,,INST,Drawings,Drawings,package b schdule.xls,INST,9,5,high,CRS,0
INSTRUMENT CABLE BLOCK DIAGRAM - CDS (SY 84 WELL & SY WDW),6569-30-400-D1378-016-01,29-01-49-1646,,INST,Drawings,Drawings,package b schdule.xls,INST,8,4,medium,CRS,0
INSTRUMENT AND TELECOM CABLE ROUTING / TRENCH LAYOUT - CDS / SY WDW,6569-30-400-D1378-017-01,29-01-49-1622,,INST,Drawings,Drawings,package b schdule.xls,INST,9,5,high,CRS,0
INSTRUMENT LOCATION LAYOUT - CDS (SY 84 WELL ),6569-30-400-D1378-018-01,29-01-44-1601,,INST,Drawings,Drawings,package b schdule.xls,INST,5,5,high,CRS,0
INSTRUMENT LOCATION LAYOUT - CDS / SY WDW,6569-30-400-D1378-019-01,29-01-44-1602,,INST,Drawings,Drawings,package b schdule.xls,INST,5,5,high,CRS,0
INSTRUMENT LOCATION LAYOUT - MSM 1,6569-30-400-D1378-020-01,29-71-44-1621,,INST,Drawings,Drawings,package b schdule.xls,INST,5,5,high,CRS,0
INSTRUMENT LOCATION LAYOUT - MSM 2,6569-30-400-D1378-021-01,29-71-44-1622,,INST,Drawings,Drawings,package b schdule.xls,INST,5,5,high,CRS,0
INSTRUMENT LOCATION LAYOUT - MSM 3,6569-30-400-D1378-022-01,29-71-44-1623,,INST,Drawings,Drawings,package b schdule.xls,INST,5,5,high,CRS,0
INSTRUMENT CABLE BLOCK DIAGRAM - MSM - CDS,6569-30-400-D1378-023-01,29-01-49-1648,,INST,Drawings,Drawings,package b schdule.xls,INST,8,4,medium,CRS,0
INSTRUMENT JB INTERCONNECTION / TERMINATION DRAWINGS - MSM -CDS,6569-30-400-D1378-024-01,29-01-47-1623,,INST,Drawings,Drawings,package b schdule.xls,INST,4,4,medium,CRS,0
INSTRUMENT JUNCTION BOX SCHEDULE - CDS / SY WDW,6569-30-400-D1378-025-01,20-01-48-1717,,INST,Drawings,Drawings,package b schdule.xls,INST,3,3,medium,Lists_MTOs_BOMs,2
INSTRUMENT JUNCTION BOX SCHEDULE - MSM - CDS,6569-30-400-D1378-026-01,20-01-48-1718,,INST,Drawings,Drawings,package b schdule.xls,INST,3,3,medium,Lists_MTOs_BOMs,2
INSTRUMENT CABLE BLOCK DIAGRAM - CDS / SY-WDW,6569-30-400-D1378-027-01,20-01-49-1647,,INST,Drawings,Drawings,package b schdule.xls,INST,8,4,medium,CRS,0
ELECTRICAL EQUIPMENT LOCATION & CABLE ROUTING LAYOUT SECTION-H SHAH CDS,6569-30-400-D1382-001-01,29-01-59-1601,,ELEC,Drawings,Drawings,package b schdule.xls,,9,5,high,CRS,0
Electrical Lighting System Block Diagram DB-4402-06 (Circuit 3 & 4) MDB-4402 SS/2 SHAH CDS,6569-30-400-D1382-002-01,29-01-63-1601,,ELEC,Drawings,Drawings,package b schdule.xls,,8,4,medium,CRS,0
ELECTRICAL CABLE SCHEDULE FOR MSM-1 AT SHAH CDS,6569-30-400-D1382-003-01,29-01-63-1602,,ELEC,Documents,Lists_MTOs_BOMs,package b schdule.xls,,2,2,low,CRS,0
ELECTRICAL CABLE ROUTING SECTION - B SHAH RDS -1,6569-30-400-D1382-004-01,29-11-59-1601,,ELEC,Drawings,Drawings,package b schdule.xls,,4,4,medium,CRS,0
Electrical Lighting System Block Diagram MDB-4402 (Circuit 10 & 12) Serivce Building SHAH RDS-1,6569-30-400-D1382-005-01,29-11-63-1601,,ELEC,Drawings,Drawings,package b schdule.xls,,8,4,medium,CRS,0
ELECTRICAL CABLE SCHEDULE FOR MSM-2 AT SHAH RDS-1,6569-30-400-D1382-006-01,29-11-63-1602,,ELEC,Documents,Lists_MTOs_BOMs,package b schdule.xls,,2,2,low,CRS,0
ELECTRICAL CABLE ROUTING LAYOUT SECTION - A SHAH RDS-2,6569-30-400-D1382-007-01,29-12-59-1601,,ELEC,Drawings,Drawings,package b schdule.xls,,9,5,high,CRS,0
Electrical Lighting System Block Diagram MDB-4402 (Circuit 10 & 12) Serivce Building SHAH RDS-2,6569-30-400-D1382-008-01,29-12-63-1601,,ELEC,Drawings,Drawings,package b schdule.xls,,8,4,medium,CRS,0
ELECTRICAL CABLE SCHEDULE FOR MSM-3 AT SHAH RDS 2,6569-30-400-D1382-009-01,29-12-63-1602,,ELEC,Documents,Lists_MTOs_BOMs,package b schdule.xls,,2,2,low,CRS,0
TBE FOR SOLAR POWER SYSTEM,6569-30-400-D1383-001-01,30-99-67-1608,1,ELEC,Documents,Reports,package b schdule.xls,,4,4,medium,CRS,0
"TBE OF ELECTRICAL MV POWER, LV POWER, CONTROL AND EARTHING CABLES",6569-30-400-D1383-002-01,30-99-67-1609,,ELEC,Documents,Reports,package b schdule.xls,ELEC,4,4,medium,CRS,0
TBE OF CATHODIC PROTECTION SYSTEM,6569-30-400-D1383-003-01,30-99-67-1610,,ELEC,Documents,Reports,package b schdule.xls,ELEC,4,4,medium,CRS,0
ELECTRICAL LIGHTING LAYOUT METERING STATION & MANIFOLD SHELTER SHAH CDS,6569-30-400-D1383-004-01,29-01-58-1608,,ELEC,Drawings,Drawings,package b schdule.xls,,5,5,high,CRS,0
ELECTRICAL LIGHTING LAYOUT MANIFOLD M-0101/M-0102 & PSV PLATFORM-1/2 SHAH RDS-1,6569-30-400-D1383-005-01,29-11-58-1609,,ELEC,Drawings,Drawings,package b schdule.xls,,5,5,high,CRS,0
ELECTRICAL LIGHTING LAYOUT MANIFOLD M-0101/02/03 SHELTER SHAH RDS-2,6569-30-400-D1383-006-01,29-12-58-1610,,ELEC,Drawings,Drawings,package b schdule.xls,,5,5,high,CRS,0
ELECTRICAL EARTHING LAYOUT SECTION - H SHAH CDS,6569-30-400-D1384-001-01,29-01-59-1602,,ELEC,Drawings,Drawings,package b schdule.xls,ELEC,5,5,high,CRS,0
ELECTRICAL EARTHING LAYOUT SECTION - B SHAH RDS-1,6569-30-400-D1384-002-01,29-11-59-1602,,ELEC,Drawings,Drawings,package b schdule.xls,ELEC,5,5,high,CRS,0
ELECTRICAL EARTHING LAYOUT SECTION -D SHAH RDS-2,6569-30-400-D1384-003-01,29-12-59-1602,,ELEC,Drawings,Drawings,package b schdule.xls,ELEC,5,5,high,CRS,0
PIPING ISOMETRICS FOR RDS-1 SHAH,6569-30-400-J1362-001-01,29-11-15-1601,,PIPNG,Drawings,Isometrics,package b schdule.xls,PIPNG,5,5,high,CRS,0
PIPING ISOMETRICS FOR RDS-2 SHAH,6569-30-400-J1362-002-01,29-12-15-1601,,PIPNG,Drawings,Isometrics,package b schdule.xls,PIPNG,5,5,high,CRS,0
PIPING ISOMETRICS FOR CDS SHAH,6569-30-400-J1362-003-01,58-01-15-1615,,PIPNG,Drawings,Isometrics,package b schdule.xls,PIPNG,5,5,high,CRS,0
LINE LIST FOR RDS-1 SHAH,6569-30-400-M1360-001-01,29-11-17-1601,,PIPNG,Documents,Lists_MTOs_BOMs,package b schdule.xls,,8,5,high,CRS,0
LINE LIST FOR RDS-2 SHAH,6569-30-400-M1360-002-01,29-12-17-1601,,PIPNG,Documents,Lists_MTOs_BOMs,package b schdule.xls,,8,5,high,CRS,0
EARLY TIE IN PACKAGE FOR RDS -1 SHAH,6569-30-400-M1360-003-01,29-11-19-1601,,PIPNG,Documents,Lists_MTOs_BOMs,package b schdule.xls,,4,4,medium,CRS,0
EARLY TIE IN PACKAGE FOR RDS -2 SHAH,6569-30-400-M1360-004-01,29-12-19-1601,,PIPNG,Documents,Lists_MTOs_BOMs,package b schdule.xls,,4,4,medium,CRS,0
EARLY TIE IN PACKAGE FOR CDS SHAH,6569-30-400-M1360-005-01,29-01-19-1601,,PIPNG,Documents,Lists_MTOs_BOMs,package b schdule.xls,,4,4,medium,CRS,0
LINE LIST FOR CDS SHAH,6569-30-400-M1360-006-01,29-01-17-1601,,PIPNG,Documents,Lists_MTOs_BOMs,package b schdule.xls,,8,5,high,CRS,0
PIPE SUPPORT SCHEDULE FOR RDS -1 SHAH,6569-30-400-M1362-001-01,29-11-17-1602,,PIPNG,Drawings,Drawings,package b schdule.xls,,4,4,medium,Lists_MTOs_BOMs,2
PIPE SUPPORT SCHEDULE FOR RDS -1 SHAH,6569-30-400-M1362-002-01,29-12-17-1602,,PIPNG,Drawings,Drawings,package b schdule.xls,,4,4,medium,Lists_MTOs_BOMs,2
PIPE SUPPORT SCHEDULE FOR RDS -1 SHAH,6569-30-400-M1362-003-01,29-01-17-1602,,PIPNG,Drawings,Drawings,package b schdule.xls,,4,4,medium,Lists_MTOs_BOMs,2
PIPELINE APPROCH DRAWINGS/LAYOUTS FOR RDS-1 FOR SHAH FIELD,6569-30-400-M1366-001-01,29-78-22-1650,,PIPNG,Drawings,Drawings,package b schdule.xls,,9,5,high,CRS,0
INSTRUMENT INDEX - MSM CDS,6569-30-400-S1371-001-01,29-71-48-1648,,INST,Documents,Lists_MTOs_BOMs,package b schdule.xls,INST,3,3,medium,CRS,0
INSTRUMENT INDEX SHAH CDS WATER DISPOSAL WELLS SY-084 & SY-WDW,6569-30-400-S1371-007-01,29-01-48-1646,1,INST,Documents,Lists_MTOs_BOMs,package b schdule.xls,INST,3,3,medium,CRS,0
DCS I/O LIST (CDS)  - CDS (SY 84 WELL & SY WDW),6569-30-400-S1371-008-01,29-01-48-1673,A,INST,Documents,Lists_MTOs_BOMs,package b schdule.xls,INST,8,5,high,CRS,0
INSTRUMENT INDEX - CDS / SY WDW,6569-30-400-S1371-009-01,29-01-48-1647,,INST,Documents,Lists_MTOs_BOMs,package b schdule.xls,INST,3,3,medium,CRS,0
INSTRUMENT I/O LIST  SHAH CDS WATER DISPOSAL WELLS SY-084 & SY-WDW,6569-30-400-S1371-010-01,29-01-48-1671,1,INST,Documents,Lists_MTOs_BOMs,package b schdule.xls,INST,8,5,high,CRS,0
DCS I/O LIST (CDS) - MSM - CDS,6569-30-400-S1371-011-01,29-01-48-1672,,INST,Documents,Lists_MTOs_BOMs,package b schdule.xls,INST,8,5,high,CRS,0
INSTRUMENT INDEX - MSM -RDS-1,6569-30-400-S1371-012-01,29-1148-1649,,INST,Documents,Lists_MTOs_BOMs,package b schdule.xls,INST,3,3,medium,CRS,0
DCS I/O LIST (CDS) - MSM RDS-1,6569-30-400-S1371-013-01,29-11-48-1674,A,INST,Documents,Lists_MTOs_BOMs,package b schdule.xls,INST,8,5,high,CRS,0
INSTRUMENT JUNCTION BOX SCHEDULE - RDS - 1,6569-30-400-S1371-014-01,29-11-48-1719,,INST,Drawings,Drawings,package b schdule.xls,INST,3,3,medium,Lists_MTOs_BOMs,2
INSTRUMENT CABLE SCHEDULE - RDS - 1,6569-30-400-S1371-015-01,29-11-48-1744,,INST,Documents,Lists_MTOs_BOMs,package b schdule.xls,INST,2,2,low,CRS,0
INSTRUMENT INDEX - MSM - RDS -2,6569-30-400-S1371-016-01,29-12-48-1650,A,INST,Documents,Lists_MTOs_BOMs,package b schdule.xls,INST,3,3,medium,CRS,0
DCS I/O LIST (CDS) - MSM - RDS-2,6569-30-400-S1371-017-01,29-12-48-1675,A,INST,Documents,Lists_MTOs_BOMs,package b schdule.xls,INST,8,5,high,CRS,0
INSTRUMENT JUNCTION BOX SCHEDULE - RDS - 2,6569-30-400-S1371-018-01,29-12-48-1720,,INST,Drawings,Drawings,package b schdule.xls,INST,3,3,medium,Lists_MTOs_BOMs,2
INSTRUMENT CABLE SCHEDULE - RDS-2,6569-30-400-S1371-019-01,29-12-48-1745,,INST,Documents,Lists_MTOs_BOMs,package b schdule.xls,INST,2,2,low,CRS,0
INSTRUMENT JUNCTION BOX SCHEDULE - CDS (SY 84 WELL & SY WDW),6569-30-400-S1378-007-01,29-01-48-1716,,INST,Drawings,Drawings,package b schdule.xls,INST,3,3,medium,Lists_MTOs_BOMs,2
INSTRUMENT CABLE SCHEDULE - CDS (SY 84 WELL & SY WDW),6569-30-400-S1378-008-01,29-01-48-1741,,INST,Documents,Lists_MTOs_BOMs,package b schdule.xls,INST,2,2,low,CRS,0
PIPING STRESS ANALYSIS REPORT FOR RDS-1 SHAH,6569-30-400-T1362-001-01,29-11-23-1601,,PIPNG,Documents,Reports,package b schdule.xls,PIPNG,5,5,high,Calculations,4
PIPING STRESS ANALYSIS REPORT FOR RDS-2 SHAH,6569-30-400-T1362-002-01,29-12-23-1601,,PIPNG,Documents,Reports,package b schdule.xls,PIPNG,5,5,high,Calculations,4
PIPING STRESS ANALYSIS REPORT FOR CDS SHAH,6569-30-400-T1362-003-01,29-01-23-1601,,PIPNG,Documents,Reports,package b schdule.xls,PIPNG,5,5,high,Calculations,4
CALCULATIONS FOR RTU SHED AND NITROGEN CYLINDER SHED IN WELLHEADS,6569-40-100-C1320-001-01,58-70-83-1609,,CIVIL,Documents,Calculations,package b schdule.xls,,5,5,high,CRS,0
CALCULATIONS FOR WINDSOCK SUPPORT POST FOUNDATION FOR WELLHEAD  FOR QUSAHWIRA FIELD,6569-40-100-C1323-001-01,58-70-83-1611,,CIVIL,Documents,Calculations,package b schdule.xls,CIVIL,5,5,high,Drawings,4
CALCULATIONS FOR FOUNDATION WHHP SHED FOR WELLHEADS FOR QUSAHWIRA FIELD,6569-40-100-C1323-002-01,58-70-83-1612,,CIVIL,Documents,Calculations,package b schdule.xls,CIVIL,5,5,high,Drawings,4
CALCULATIONS FOR FOUNDATION RTU SHELTER  FOR QUSAHWIRA FIELD,6569-40-100-C1323-003-01,58-70-83-1613,,CIVIL,Documents,Calculations,package b schdule.xls,CIVIL,5,5,high,Drawings,4
CALCULATIONS FOR FOUNDATION RTU SHELTER,6569-40-100-C1323-004-01,58-70-83-1614,,CIVIL,Documents,Calculations,package b schdule.xls,CIVIL,5,5,high,Drawings,4
CALCULATIONS FOR FOUNDATION OF SUPPORT STRUCTURE SOLAR POWER SYSTEM  FOR QUSAHWIRA FIELD,6569-40-100-C1323-005-01,58-70-83-1615,,CIVIL,Documents,Calculations,package b schdule.xls,CIVIL,5,5,high,Drawings,4
CALCULATIONS FOR FOUNDATION DETAILS FOR VENT STACK SUPPORT FOR WELLHEADS FOR QUSAHWIRA FIELD,6569-40-100-C1323-006-01,58-70-83-1616,,CIVIL,Drawings,Drawings,package b schdule.xls,CIVIL,6,4,medium,Calculations,5
CALCULATIONS FOR FOUNDATION FOR NITROGEN CYLINDER SHED IN WELLHEADS FOR QUSAHWIRA FIELD,6569-40-100-C1323-007-01,58-70-83-1617,,CIVIL,Documents,Calculations,package b schdule.xls,CIVIL,5,5,high,Drawings,4
CALCULATIONS FOR FOUNDATION FOR NITROGEN CYLINDER SHED IN WELLHEADS,6569-40-100-C1323-008-01,58-70-83-1618,,CIVIL,Documents,Calculations,package b schdule.xls,CIVIL,5,5,high,Drawings,4
CALCULATIONS FOR FOUNDATION FOR CROSSOVER TYPE 4 FOR WELLHEADS  FOR QUSAHWIRA FIELD ABX,6569-40-100-C1323-009-01,58-70-83-1619,C,CIVIL,Documents,Calculations,package b schdule.xls,CIVIL,5,5,high,Drawings,4
CALCULATIONS FOR FOUNDATION FOR  MISCELLANEOUS PALTFORMS IN WELLHEADS FOR QUSAHWIRA FIELD,6569-40-100-C1323-010-01,58-70-83-1620,,CIVIL,Documents,Calculations,package b schdule.xls,CIVIL,5,5,high,Drawings,4
CALCULATIONS FOR CROSSOVER IN QUSAHWIRA FIELD,6569-40-100-C1330-001-01,58-70-83-1602,,CIVIL,Documents,Calculations,package b schdule.xls,,5,5,high,CRS,0
CALCULATIONS FOR CROSSOVER TYPE 1A  1B AND 1C FOR WELLHEADS QUSAHWIRA FIELD,6569-40-100-C1330-002-01,58-70-83-1603,,CIVIL,Documents,Calculations,package b schdule.xls,,5,5,high,CRS,0
CALCULATIONS FOR CROSSOVER TYPE 2 & 3 FOR WELLHEADS FOR QUSAHWIRA FIELD,6569-40-100-C1330-003-01,58-70-83-1604,,CIVIL,Documents,Calculations,package b schdule.xls,,5,5,high,CRS,0
CALCULATIONS FOR CS TYPE PIPE SUPPORTS IN WELLHEADS FOR QUSAHWIRA FIELD,6569-40-100-C1330-004-01,58-70-83-1605,,CIVIL,Documents,Calculations,package b schdule.xls,,5,5,high,Drawings,4
CALCULATIONS OF VENT STACK SUPPORT & LADDER WELLHEADS FOR QUSAHWIRA FIELD,6569-40-100-C1330-005-01,58-70-83-1607,,CIVIL,Documents,Calculations,package b schdule.xls,,5,5,high,CRS,0
CALCULATIONS FOR RTU SHED AND NITROGEN CYLINDER SHED IN WELLHEADS FOR QUSAHWIRA FIELD,6569-40-100-C1330-006-01,58-70-83-1608,,CIVIL,Documents,Calculations,package b schdule.xls,,5,5,high,CRS,0
CALCULATIONS FOR PIPE SUPPORTS FOR WELLHEADS FOR QUSAHWIRA FIELD,6569-40-100-C1330-007-01,58-70-83-1610,,CIVIL,Documents,Calculations,package b schdule.xls,,5,5,high,Drawings,4
CALCULATIONS FOR WINDSOCK SUPPORT POST FOR WELLHEADS FOR QUSAHWIRA FIELD,6569-40-100-C1338-001-01,58-70-83-1606,,CIVIL,Documents,Calculations,package b schdule.xls,,5,5,high,CRS,0
PIPE SUPPORTS TYPICAL FOUNDATION DETAILS FOR WELLHEADS,6569-40-100-D1310-001-01,58-70-76-1610,2,CIVIL,Drawings,Drawings,package b schdule.xls,CIVIL,12,4,medium,CRS,0
MANIFOLD EXTENSION FOR QUSAHWIRA,6569-40-100-D1310-002-01,58-10-83-1602,,CIVIL,Drawings,Drawings,package b schdule.xls,,4,4,medium,CRS,0
TYPICAL DETAILS FOUNDATION PLAN AND RC  DETAILS WINDSOCK SUPPORT POST FOR,6569-40-100-D1316-001-01,58-70-76-1612,1,CIVIL,Drawings,Drawings,package b schdule.xls,CIVIL,10,4,medium,Procedures_Plans,3
TYPICAL DETAILS GA AND STRUCTURAL DETAILS MISCELLANEOUS PALTFORMS IN WELLHEADS FOR QUSAHWIRA FIELD,6569-40-100-D1320-001-01,58-70-76-1608,2,CIVIL,Drawings,Drawings,package b schdule.xls,CIVIL,9,3,medium,CRS,0
TYPICAL DETAILS GA & DETAILS OF FOUNDATION MISCELLANEOUS PLATFORMS IN WELLHEADS,6569-40-100-D1320-002-01,58-70-76-1625,1,CIVIL,Drawings,Drawings,package b schdule.xls,CIVIL,10,4,medium,CRS,0
TYPICAL DETAILS FOUNDATION DETAILS OF PIPE SUPPORTS FOR WELLHEADS,6569-40-100-D1323-001-01,58-70-76-1611,,CIVIL,Drawings,Drawings,package b schdule.xls,CIVIL,14,4,medium,CRS,0
TYPICAL DETAILS GA AND DETAILS OF FOUNDATION FOR PASSIVE COOL SHELTER,6569-40-100-D1323-002-01,58-70-76-1614,1,CIVIL,Drawings,Drawings,package b schdule.xls,CIVIL,10,4,medium,CRS,0
TYPICAL DETAILS GA & DETAIL OF FOUNDATION FOR CROSSOVER TYPE 1 2 3 AND 4 FOR WELLHEADS,6569-40-100-D1323-003-01,58-70-76-1615,1,CIVIL,Drawings,Drawings,package b schdule.xls,CIVIL,10,4,medium,CRS,0
TYPICAL DETAILS  FOUNDATION PLAN FOR SUPPORT STRUCTURE SOLAR POWER SYSTEM FOR QUSAHWIRA FIELD,6569-40-100-D1323-004-01,58-70-76-1616,,CIVIL,Drawings,Drawings,package b schdule.xls,CIVIL,8,4,medium,Procedures_Plans,3
TYPICAL DETAILS FOUNDATION DETAILS FOR VENT STACK SUPPORT FOR WELLHEADS,6569-40-100-D1323-005-01,58-70-76-1617,B,CIVIL,Drawings,Drawings,package b schdule.xls,CIVIL,10,4,medium,CRS,0
TYPICAL DETAILS GA AND DETAILS OF FOUNDATION NITROGEN CYLINDER SHED  for Qusahwira Field,6569-40-100-D1323-006-01,58-70-76-1618,,CIVIL,Drawings,Drawings,package b schdule.xls,CIVIL,10,4,medium,CRS,0
TYPICAL DETAILS GA & DETAILS OF FOUNDATION AND GRADE SLAB FOR RTU SHED IN WELLHEADS,6569-40-100-D1323-007-01,58-70-76-1619,1,CIVIL,Drawings,Drawings,package b schdule.xls,CIVIL,10,4,medium,CRS,0
TYPICAL DETAILS FOUNDATION DETAILS FOR CORROSION INHIBITOR SHELTER IN QUSAHWIRA WELLHEADS,6569-40-100-D1323-008-01,58-70-76-1621,,CIVIL,Drawings,Drawings,package b schdule.xls,CIVIL,10,4,medium,CRS,0
TYPICAL DETAILS FOUNDATION DETAILS FOR 5M TELECOM MAST IN WELLHEADS,6569-40-100-D1323-009-01,58-70-76-1622,A,CIVIL,Drawings,Drawings,package b schdule.xls,CIVIL,10,4,medium,CRS,0
TYPICAL DETAILS GA RC DETAILS OF ACCESS STOOL FOR WELLHEADS,6569-40-100-D1323-010-01,58-70-76-1623,1,CIVIL,Drawings,Drawings,package b schdule.xls,,6,2,low,CRS,0
TYPICAL DETAILS FOUNDATION DETAILS FOR 5M TELECOM MAST IN WELLHEADS,6569-40-100-D1323-011-01,58-70-76-1624,,CIVIL,Drawings,Drawings,package b schdule.xls,CIVIL,10,4,medium,CRS,0
FOUNDATION LAYOUT AND DETAILS OF FIRE POINT CABINETS IN WELLHEADS AREA FOR QUSAHWIRA FIELD,6569-40-100-D1323-012-01,58-70-76-1626,,CIVIL,Drawings,Drawings,package b schdule.xls,HSE,11,5,high,CRS,0
"DETAILS FOR CROSSOVERS, PIPE SUPPORTS AND PLATEFORM AT WELLHEAD QW- 85",6569-40-100-D1323-013-01,58-70-76-1627,,CIVIL,Drawings,Drawings,package b schdule.xls,,6,4,medium,CRS,0
"DETAILS FOR CROSSOVERS, PIPE SUPPORTS AND PLATEFORM AT WELLHEAD QW- 80",6569-40-100-D1323-014-01,58-70-76-1628,,CIVIL,Drawings,Drawings,package b schdule.xls,,6,4,medium,CRS,0
"TYPICAL DETAILS GA & STRUCTURAL DETAILS FOR CROSSOVER TYPE 1A, 1B & 1C FOR WELLHEADS",6569-40-100-D1330-001-01,58-70-76-1601,2,CIVIL,Drawings,Drawings,package b schdule.xls,CIVIL,9,3,medium,CRS,0
TYPICAL DETAILS GA PLANS AND DETAILS WHHP/WHCP SHED FOR WELLHEAD,6569-40-100-D1330-002-01,58-70-76-1602,1,CIVIL,Drawings,Drawings,package b schdule.xls,,6,2,low,CRS,0
TYPICAL DETAILS GA AND STRUCTURAL DETAILS CROSSOVER TYPE 2 & 3 FOR WELLHEADS,6569-40-100-D1330-003-01,58-70-76-1603,,CIVIL,Drawings,Drawings,package b schdule.xls,CIVIL,9,3,medium,CRS,0
TYPICAL DETAILS GA AND STRUCTURE DETAILS CROSSOVER TYPE 4 FOR WELLHEADS,6569-40-100-D1330-004-01,58-70-76-1604,,CIVIL,Drawings,Drawings,package b schdule.xls,,6,2,low,CRS,0
TYPICAL DETAILS GA AND DETAILS FOR RTU SHED IN WELLHEADS,6569-40-100-D1330-005-01,58-70-76-1606,1,CIVIL,Drawings,Drawings,package b schdule.xls,,6,2,low,CRS,0
TYPICAL DETAILS GA AND DETAILS FOR RTU SHED IN WELLHEADS,6569-40-100-D1330-005-02,58-70-76-1606,1,CIVIL,Drawings,Drawings,package b schdule.xls,,6,2,low,CRS,0
TYPICAL DETAILS GA & DETAILS FOR NITROGEN CYLINDER SHED IN WELLHEADS,6569-40-100-D1330-006-01,58-70-76-1607,1,CIVIL,Drawings,Drawings,package b schdule.xls,,6,2,low,CRS,0
TYPICAL DETAILS GA & DETAILS FOR NITROGEN CYLINDER SHED IN WELLHEADS,6569-40-100-D1330-006-02,58-70-76-1607,1,CIVIL,Drawings,Drawings,package b schdule.xls,,6,2,low,CRS,0
TYPICAL DETAIL GA AND DETAILS OF FOUNDATION WHHP / WHCP SHED IN WELLHEADS,6569-40-100-D1330-007-01,58-70-76-1609,1,CIVIL,Drawings,Drawings,package b schdule.xls,CIVIL,10,4,medium,CRS,0
TYPICAL DETAILS GA & DETAILS OF FOUNDATION FOR WHCP FOR OIL PRODUCER WELL,6569-40-100-D1330-008-01,58-70-76-1613,1,CIVIL,Drawings,Drawings,package b schdule.xls,CIVIL,10,4,medium,CRS,0
TYPICAL DETAIL GA & DETAILS OF FOUNDATION AND GRADE SLAB FOR NITROGEN CYLINDER SHED IN WELLHEADS,6569-40-100-D1330-009-01,58-70-76-1620,1,CIVIL,Drawings,Drawings,package b schdule.xls,CIVIL,10,4,medium,CRS,0
TYPICAL DETAILS GA & STRUCTURAL DETAILS WINDSOCK SUPPORT POST FOR WELLHEADS,6569-40-100-D1338-001-01,58-70-76-1605,1,CIVIL,Drawings,Drawings,package b schdule.xls,CIVIL,9,3,medium,CRS,0
TYPICAL DESIGN CALCULATIONS FOR PIPE SUPPORTS IN WELL HEAD AREA  FOR QUSAHWIRA FIELD,6569-40-100-D1338-002-01,58-70-83-1601,,CIVIL,Drawings,Drawings,package b schdule.xls,,6,4,medium,Calculations,5
OVERALL FIELD LAYOUT QW,6569-40-100-D1360-001-01,58-99-02-1601,,PIPNG,Drawings,Drawings,package b schdule.xls,,5,5,high,CRS,0
KEY PLAN FIELD AREA LAYOUT QW,6569-40-100-D1360-002-01,58-99-02-1602,,PIPNG,Drawings,Drawings,package b schdule.xls,PROJECTS,9,5,high,Procedures_Plans,3
UPDATION OF FIELD  AREA LAYOUT NO - 250 FOR QUSAHWIRA FIELD,6569-40-100-D1360-003-01,58-99-03-1603,,PIPNG,Drawings,Drawings,package b schdule.xls,,5,5,high,CRS,0
UPDATION OF FIELD  AREA LAYOUT NO - 299 FOR QUSAHWIRA FIELD,6569-40-100-D1360-004-01,58-99-03-1616,,PIPNG,Drawings,Drawings,package b schdule.xls,,5,5,high,CRS,0
UPDATION OF FIELD  AREA LAYOUT NO - 313 FOR QUSAHWIRA FIELD,6569-40-100-D1360-005-01,58-99-03-1617,,PIPNG,Drawings,Drawings,package b schdule.xls,,5,5,high,CRS,0
UPDATION OF FIELD  AREA LAYOUT NO - 314 FOR QUSAHWIRA FIELD,6569-40-100-D1360-006-01,58-99-03-1618,,PIPNG,Drawings,Drawings,package b schdule.xls,,5,5,high,CRS,0
UPDATION OF FIELD  AREA LAYOUT NO - 112 FOR QUSAHWIRA FIELD,6569-40-100-D1360-007-01,58-99-03-1907,,PIPNG,Drawings,Drawings,package b schdule.xls,,5,5,high,CRS,0
UPDATION OF FIELD  AREA LAYOUT NO - 112 FOR QUSAHWIRA FIELD,6569-40-100-D1360-008-01,58-99-03-1908,,PIPNG,Drawings,Drawings,package b schdule.xls,,5,5,high,CRS,0
UPDATION OF FIELD  AREA LAYOUT NO - 112 FOR QUSAHWIRA FIELD,6569-40-100-D1360-009-01,58-99-03-1909,,PIPNG,Drawings,Drawings,package b schdule.xls,,5,5,high,CRS,0
UPDATION OF FIELD  AREA LAYOUT NO - 112 FOR QUSAHWIRA FIELD,6569-40-100-D1360-010-01,58-99-03-1910,,PIPNG,Drawings,Drawings,package b schdule.xls,,5,5,high,CRS,0
UPDATION OF FIELD  AREA LAYOUT NO - 112 FOR QUSAHWIRA FIELD,6569-40-100-D1360-011-01,58-99-03-1911,,PIPNG,Drawings,Drawings,package b schdule.xls,,5,5,high,CRS,0
UPDATION OF FIELD  AREA LAYOUT NO - 112 FOR QUSAHWIRA FIELD,6569-40-100-D1360-012-01,58-99-03-1912,,PIPNG,Drawings,Drawings,package b schdule.xls,,5,5,high,CRS,0
UPDATION OF FIELD  AREA LAYOUT NO - 112 FOR QUSAHWIRA FIELD,6569-40-100-D1360-013-01,58-99-03-1913,,PIPNG,Drawings,Drawings,package b schdule.xls,,5,5,high,CRS,0
UPDATION OF FIELD  AREA LAYOUT NO - 112 FOR QUSAHWIRA FIELD,6569-40-100-D1360-014-01,58-99-03-1914,,PIPNG,Drawings,Drawings,package b schdule.xls,,5,5,high,CRS,0
UPDATION OF FIELD  AREA LAYOUT NO - 112 FOR QUSAHWIRA FIELD,6569-40-100-D1360-015-01,58-99-03-1915,,PIPNG,Drawings,Drawings,package b schdule.xls,,5,5,high,CRS,0
UPDATION OF FIELD  AREA LAYOUT NO - 112 FOR QUSAHWIRA FIELD,6569-40-100-D1360-016-01,58-99-03-1916,,PIPNG,Drawings,Drawings,package b schdule.xls,,5,5,high,CRS,0
UPDATION OF FIELD  AREA LAYOUT NO - 112 FOR QUSAHWIRA FIELD,6569-40-100-D1360-017-01,58-99-03-1917,,PIPNG,Drawings,Drawings,package b schdule.xls,,5,5,high,CRS,0
UPDATION OF FIELD  AREA LAYOUT NO - 112 FOR QUSAHWIRA FIELD,6569-40-100-D1360-018-01,58-99-03-1918,,PIPNG,Drawings,Drawings,package b schdule.xls,,5,5,high,CRS,0
UPDATION OF FIELD  AREA LAYOUT NO - 112 FOR QUSAHWIRA FIELD,6569-40-100-D1360-019-01,58-99-03-1919,,PIPNG,Drawings,Drawings,package b schdule.xls,,5,5,high,CRS,0
UPDATION OF FIELD  AREA LAYOUT NO - 112 FOR QUSAHWIRA FIELD,6569-40-100-D1360-020-01,58-99-03-1920,,PIPNG,Drawings,Drawings,package b schdule.xls,,5,5,high,CRS,0
UPDATION OF FIELD  AREA LAYOUT NO - 112 FOR QUSAHWIRA FIELD,6569-40-100-D1360-021-01,58-99-03-1921,,PIPNG,Drawings,Drawings,package b schdule.xls,,5,5,high,CRS,0
UPDATION OF FIELD  AREA LAYOUT NO - 112 FOR QUSAHWIRA FIELD,6569-40-100-D1360-022-01,58-99-03-1922,,PIPNG,Drawings,Drawings,package b schdule.xls,,5,5,high,CRS,0
UPDATION OF FIELD  AREA LAYOUT NO - 112 FOR QUSAHWIRA FIELD,6569-40-100-D1360-023-01,58-99-03-1923,,PIPNG,Drawings,Drawings,package b schdule.xls,,5,5,high,CRS,0
UPDATION OF FIELD  AREA LAYOUT NO - 112 FOR QUSAHWIRA FIELD,6569-40-100-D1360-024-01,58-99-03-1924,,PIPNG,Drawings,Drawings,package b schdule.xls,,5,5,high,CRS,0
UPDATION OF FIELD  AREA LAYOUT NO - 264 FOR QUSAHWIRA FIELD,6569-40-100-D1360-025-01,58-99-03-1610,,PIPNG,Drawings,Drawings,package b schdule.xls,,5,5,high,CRS,0
UPDATION OF FIELD  AREA LAYOUT NO -265 FOR QUSAHWIRA FIELD,6569-40-100-D1360-026-01,58-99-03-1611,,PIPNG,Drawings,Drawings,package b schdule.xls,,5,5,high,CRS,0
UPDATION OF FIELD  AREA LAYOUT NO - 266 FOR QUSAHWIRA FIELD,6569-40-100-D1360-027-01,58-99-03-1612,,PIPNG,Drawings,Drawings,package b schdule.xls,,5,5,high,CRS,0
UPDATION OF FIELD  AREA LAYOUT NO - 267 FOR QUSAHWIRA FIELD,6569-40-100-D1360-028-01,58-99-03-1613,,PIPNG,Drawings,Drawings,package b schdule.xls,,5,5,high,CRS,0
UPDATION OF FIELD  AREA LAYOUT NO - 112 FOR QUSAHWIRA FIELD,6569-40-100-D1360-029-01,58-99-03-1925,,PIPNG,Drawings,Drawings,package b schdule.xls,,5,5,high,CRS,0
UPDATION OF FIELD  AREA LAYOUT NO - 280 FOR QUSAHWIRA FIELD,6569-40-100-D1360-030-01,58-99-03-1606,,PIPNG,Drawings,Drawings,package b schdule.xls,,5,5,high,CRS,0
UPDATION OF FIELD  AREA LAYOUT NO - 281FOR QUSAHWIRA FIELD,6569-40-100-D1360-031-01,58-99-03-1607,,PIPNG,Drawings,Drawings,package b schdule.xls,,5,5,high,CRS,0
UPDATION OF FIELD  AREA LAYOUT NO - 282 FOR QUSAHWIRA FIELD,6569-40-100-D1360-032-01,58-99-03-1608,,PIPNG,Drawings,Drawings,package b schdule.xls,,5,5,high,CRS,0
UPDATION OF FIELD  AREA LAYOUT NO - 283 FOR QUSAHWIRA FIELD,6569-40-100-D1360-033-01,58-99-03-1609,,PIPNG,Drawings,Drawings,package b schdule.xls,,5,5,high,CRS,0
UPDATION OF FIELD  AREA LAYOUT NO - 112 FOR QUSAHWIRA FIELD,6569-40-100-D1360-034-01,58-99-03-1926,,PIPNG,Drawings,Drawings,package b schdule.xls,,5,5,high,CRS,0
UPDATION OF FIELD  AREA LAYOUT NO - 297 FOR QUSAHWIRA FIELD,6569-40-100-D1360-035-01,58-99-03-1604,,PIPNG,Drawings,Drawings,package b schdule.xls,,5,5,high,CRS,0
UPDATION OF FIELD  AREA LAYOUT NO - 298 FOR QUSAHWIRA FIELD,6569-40-100-D1360-036-01,58-99-03-1605,,PIPNG,Drawings,Drawings,package b schdule.xls,,5,5,high,CRS,0
UPDATION OF FIELD  AREA LAYOUT NO - 112 FOR QUSAHWIRA FIELD,6569-40-100-D1360-037-01,58-99-03-1927,,PIPNG,Drawings,Drawings,package b schdule.xls,,5,5,high,CRS,0
UPDATION OF FIELD  AREA LAYOUT NO - 112 FOR QUSAHWIRA FIELD,6569-40-100-D1360-038-01,58-99-03-1928,,PIPNG,Drawings,Drawings,package b schdule.xls,,5,5,high,CRS,0
UPDATION OF FIELD  AREA LAYOUT NO - 112 FOR QUSAHWIRA FIELD,6569-40-100-D1360-039-01,58-99-03-1929,,PIPNG,Drawings,Drawings,package b schdule.xls,,5,5,high,CRS,0
UPDATION OF FIELD  AREA LAYOUT NO - 112 FOR QUSAHWIRA FIELD,6569-40-100-D1360-040-01,58-99-03-1930,,PIPNG,Drawings,Drawings,package b schdule.xls,,5,5,high,CRS,0
TYPICAL INSTRUMENT INSTALLATION DRAWINGS - QUS AREA,6569-40-100-D1378-001-01,58-99-46-1601,,INST,Drawings,Drawings,package b schdule.xls,INST,9,4,medium,CRS,0
INSTRUMENT HYDRAULIC HOOK UP DRAWINGS QUSAHWIRA AREA,6569-40-100-D1378-002-01,58-99-46-1602,1,INST,Drawings,Drawings,package b schdule.xls,INST,11,4,medium,CRS,0
INSTRUMENT PROCESS / PNEUMATIC HOOK UP DRAWINGS (QUSAHWIRA AREA),6569-40-100-D1378-003-01,58-99-46-1603,1,INST,Drawings,Drawings,package b schdule.xls,INST,11,4,medium,CRS,0
WELL SITE COMMUNICATION BLOCK DIAGRAM (QW),6569-40-100-D1386-001-01,58-71-70-1601,3,ELEC,Drawings,Drawings,package b schdule.xls,,8,4,medium,CRS,0
WELL SITE COMMUNICATION TERMINATION DIAGRAM (QW),6569-40-100-D1386-002-01,58-71-70-1602,,ELEC,Drawings,Drawings,package b schdule.xls,,4,4,medium,CRS,0
TELECOM JUNCTOIN BOX & CABLE ROUTING LAYOUT QW (CDS),6569-40-100-D1386-003-01,58-71-70-1603,,ELEC,Drawings,Drawings,package b schdule.xls,,9,5,high,CRS,0
TELECOM CABLE ROUTING LAYOUT QW(RDS-1),6569-40-100-D1386-004-01,58-71-70-1604,,ELEC,Drawings,Drawings,package b schdule.xls,,9,5,high,CRS,0
HAZARDOUS AREA CLASSIFICATION SCHEDULE -TYPICAL,6569-40-100-M1240-001-01,58-71-91-1604,1,ENGG HSE,Drawings,Drawings,package b schdule.xls,,5,3,medium,Lists_MTOs_BOMs,2
MANIFOLD EXTENSION OF QUSAHWIRA,6569-40-100-M1310-001-01,14-99-11-1608,,PIPNG,Drawings,Drawings,package b schdule.xls,,4,4,medium,CRS,0
MANIFOLD EXTENSION FOR ASAB,6569-40-100-M1310-002-01,14-99-11-1607,,PIPNG,Drawings,Drawings,package b schdule.xls,,4,4,medium,CRS,0
PIPELINE CROSSING MATRIX FOR QUASAHWIRA FIELD,6569-40-100-M1360-001-01,58-99-23-1603,,PIPNG,Documents,Lists_MTOs_BOMs,package b schdule.xls,,7,5,high,CRS,0
TIE IN SCHEDULE AND DEATAILED DRAWING FOR WELLS QUSAHWIRA,6569-40-100-M1360-002-01,59-99-19-1601,,PIPNG,Documents,Lists_MTOs_BOMs,package b schdule.xls,,6,4,medium,Drawings,4
TIE IN SCHEDULE AND DEATAILED DRAWING FOR WELLS QUSAHWIRA,6569-40-100-M1360-003-01,58-01-19-1601,,PIPNG,Documents,Lists_MTOs_BOMs,package b schdule.xls,,6,4,medium,Drawings,4
PIPE SUPPORT SCHEDULE FOR WELLS QUSHAWIRA,6569-40-100-M1360-004-01,58-99-17-1603,,PIPNG,Drawings,Drawings,package b schdule.xls,,4,4,medium,Lists_MTOs_BOMs,2
LINE LIST FOR QUSAHWIRA WELLS,6569-40-100-M1360-005-01,58-99-17-1601,,PIPNG,Documents,Lists_MTOs_BOMs,package b schdule.xls,,8,5,high,CRS,0
"TIE-IN DETAILS ASAB GAS LIFT WELLS (CONSTRUCTION ONLY WELLS) Sb-018, Sb-098 & Sb-179",6569-40-100-M1360-006-01,14-99-19-1608,,PIPNG,Documents,Lists_MTOs_BOMs,package b schdule.xls,,4,4,medium,Drawings,2
CRITICAL LINE LIST FOR QUSAHWIRA FIELD,6569-40-100-M1362-001-01,58-99-17-1602,,PIPNG,Documents,Lists_MTOs_BOMs,package b schdule.xls,,8,5,high,CRS,0
SITE SURVEY / FIELD SURVEY REPORT - QUSHAWIRA,6569-40-100-M1362-004-01,58-99-23-1601,1,PIPNG,Documents,Reports,package b schdule.xls,,5,5,high,CRS,0
MATERIAL TAKE-OFFS FOR QUSAHWIRA FIELD,6569-40-100-M1364-001-01,58-99-19-1601,,PIPNG,Documents,Lists_MTOs_BOMs,package b schdule.xls,,8,4,medium,CRS,0
SITE VISIT REPORT FOR TELECOM SITE VISIT (QUSAHWIRA),6569-40-100-M1386-001-01,58-99-74-1601,A,ELEC,Documents,Reports,package b schdule.xls,,5,5,high,CRS,0
BOQ QUSAHWIRA FIELD,6569-40-100-Q1310-001-01,58-99-77-1601,,CIVIL,Documents,Lists_MTOs_BOMs,package b schdule.xls,,5,5,high,CRS,0
SCHEDULE AND BILL OF QUANTITY FOR CROSSOVER FOR EP SCOPE OF WELLHEADS,6569-40-100-Q1330-001-01,58-70-77-1601,,CIVIL,Documents,Lists_MTOs_BOMs,package b schdule.xls,,2,2,low,CRS,0
SCHEDULE AND BILL OF QUANTITY FOR MISCELLANEOUS PLATFORMS EP SCOPE OF WELLHEADS,6569-40-100-Q1336-001-01,58-70-77-1603,,CIVIL,Documents,Lists_MTOs_BOMs,package b schdule.xls,,2,2,low,CRS,0
SCHEDULE AND BILL OF QUANTITY FOR CS TYPE PIPE SUPPORTS FOR EP SCOPE OF WELLHEADS,6569-40-100-Q1338-001-01,58-70-77-1602,,CIVIL,Drawings,Drawings,package b schdule.xls,,4,4,medium,Lists_MTOs_BOMs,2
SCHEDULE AND BILL OF QUANTITY FOR PIPE SUPPORT FOUNDATION FOR EP SCOPE OF WELLHEADS,6569-40-100-Q1338-002-01,58-70-77-1604,,CIVIL,Drawings,Drawings,package b schdule.xls,CIVIL,8,4,medium,Lists_MTOs_BOMs,2
"REQUISITION FOR TOPOGRAPHICAL, UNDERGROUND DETECTION &
PIPELINE SURVEY FOR QUSAHWIRA",6569-40-100-R1311-001-01,58-99-83-1603,1,CIVIL,Documents,Documents,package b schdule.xls,,5,5,high,Reports,4
REQUISITION FOR GEOTECHNICAL INVESTIGATION FOE QUSAHWIRA,6569-40-100-R1311-002-01,58-99-91-1601,1,CIVIL,Documents,Documents,package b schdule.xls,,5,5,high,Reports,4
MATERIAL REQUISITION FOR WIRELESS EQUIPMENT (QW),6569-40-100-R1386-001-01,58-71-74-1601,2,ELEC,Documents,Documents,package b schdule.xls,,10,5,high,CRS,0
MR FOR MODIFICATION SCOPE OF WORK FOR ICSS SYSTEM - QUS AREA,6569-40-100-R2171-001-01,58-99-52-1602,,INST,Documents,Documents,package b schdule.xls,,4,4,medium,Reports,4
DATA SHEET FOR MANUAL VALVES - QUSAHWIRA,6569-40-100-S1362-001-01,58-99-18-1601,1,PIPNG,Documents,Datasheets,package b schdule.xls,,5,5,high,Documents,5
SPECIFICATION FOR WELLHEAD HYDRAULIC PANEL & WELLHEAD CONTROL PANEL QUSAHWIRA AREA,6569-40-100-S1371-001-01,58-99-39-1602,1,INST,Documents,Specifications,package b schdule.xls,PIPNG,5,5,high,CRS,0
SPECIFICATION FOR REMOTE TERMINAL UNIT (RTU) AT  OIL PRODUCING & WATER INJECTION WELLS,6569-40-100-S1371-002-01,58-99-39-1603,2,INST,Documents,Specifications,package b schdule.xls,,5,5,high,CRS,0
MODIFICATION SCOPE OF WORK FOR ICSS SYSTEM - QUS AREA,6569-40-100-S1371-003-01,58-99-39-1601,1,INST,Documents,Reports,package b schdule.xls,,4,4,medium,CRS,0
DATA SHEET FOR PRESSURE GAUGES - QUSAHWIRA AREA,6569-40-100-S1373-001-01,58-99-40-1601,1,INST,Documents,Datasheets,package b schdule.xls,,5,5,high,CRS,0
DATA SHEET FOR TEMPERATURE GAUGES & THERMOWELL - QUSAHWIRA AREA,6569-40-100-S1373-002-01,58-99-40-1603,1,INST,Documents,Datasheets,package b schdule.xls,,5,5,high,CRS,0
DATA SHEET FOR PRESSURE & DIFFERENTIAL PRESSURE INDICATING TRANSMITTER - QUS AREA,6569-40-100-S1373-003-01,58-99-40-1602,1,INST,Documents,Datasheets,package b schdule.xls,,5,5,high,CRS,0
DATA SHEET FOR TEMPERATURE TRANSMITTER - QUS AREA,6569-40-100-S1373-005-01,58-99-40-1604,1,INST,Documents,Datasheets,package b schdule.xls,,5,5,high,CRS,0
DATA SHEET FOR DIFFERENTIAL PRESSURE FLOW TRANSMITTER - QUSAHWIRA AREA,6569-40-100-S1373-006-01,58-99-40-1608,1,INST,Documents,Datasheets,package b schdule.xls,,5,5,high,CRS,0
DATA SHEET FOR MAGNETIC FLOW METER - QUS AREA,6569-40-100-S1373-007-01,58-99-40-1606,1,INST,Documents,Datasheets,package b schdule.xls,,5,5,high,CRS,0
INSTRUMENT ENGINEERING SHEET FOR PRESSURE  - QUS AREA,6569-40-100-S1373-008-01,58-99-51-1601,A,INST,Documents,Datasheets,package b schdule.xls,INST,4,4,medium,CRS,0
INSTRUMENT ENGINEERING SHEETS QUSAHWIRA  AREA TEMPERATURE INSTRUMENTS,6569-40-100-S1373-009-01,58-99-51-1602,A,INST,Documents,Datasheets,package b schdule.xls,INST,4,4,medium,CRS,0
INSTRUMENT ENGINEERING SHEET FOR FLOW - QUS AREA,6569-40-100-S1373-010-01,58-99-51-1603,A,INST,Documents,Datasheets,package b schdule.xls,INST,4,4,medium,CRS,0
INSTRUMENT ENGINEERING SHEET FOR MISC. INTRUMENTS - QUS AREA,6569-40-100-S1373-011-01,58-99-51-1604,1,INST,Documents,Datasheets,package b schdule.xls,INST,4,4,medium,CRS,0
DATA SHEET FOR DIFFERENTIAL PRESSURE INDICATING TRANSMITTER - QUSAHWIRA,6569-40-100-S1373-012-01,58-99-40-1614,1,INST,Documents,Datasheets,package b schdule.xls,,5,5,high,CRS,0
DATA SHEET FOR ORIFICE PLATE - QUSAHWIRA AREA,6569-40-100-S1373-013-01,58-99-40-1615,1,INST,Documents,Datasheets,package b schdule.xls,,5,5,high,CRS,0
DATA SHEET FOR SURFACE SAFETY VALVES - QUS AREA,6569-40-100-S1374-001-01,58-99-40-1610,1,INST,Documents,Datasheets,package b schdule.xls,HSE,5,5,high,CRS,0
DATA SHEET FOR SHUTDOWN VALVES - QUS AREA,6569-40-100-S1374-002-01,58-99-40-1609,,INST,Documents,Datasheets,package b schdule.xls,,5,5,high,CRS,0
DATA SHEET FOR MOTORISED CHOKE VALVE - QUS AREA,6569-40-100-S1374-003-01,58-99-40-1612,1,INST,Documents,Datasheets,package b schdule.xls,,5,5,high,CRS,0
"SPECIFICATION FOR INSTRUMENT BULK MATERIAL (JUNCTION BOXES, TUBE/FITTINGS, CABLE TRAYS) –  QUSAHWIRA AREA",6569-40-100-S1378-001-01,58-99-39-1604,1,INST,Documents,Specifications,package b schdule.xls,INST,5,5,high,Drawings,3
SPECIFICATION FOR INSTRUMENT  INSTALLATION- QUSAHWIRA AREA,6569-40-100-S1378-002-01,58-99-39-1606,1,INST,Documents,Specifications,package b schdule.xls,INST,5,5,high,CRS,0
SPECIFICATION FOR INSTRUMENT CABLES- QUSAHWIRA AREA,6569-40-100-S1378-003-01,58-99-39-1605,1,INST,Documents,Specifications,package b schdule.xls,INST,5,5,high,CRS,0
DATA SHEET FOR FIRE & GAS DETECTORS AND DEVICES - QUSAHWIRA AREA,6569-40-100-S1379-001-01,58-99-40-1613,B,INST,Documents,Datasheets,package b schdule.xls,HSE,5,5,high,CRS,0
TELECOM SYSTEM PHILOSOPHY - QUSAHWIRA,6569-40-100-S1386-001-01,58-71-74-1602,1,ELEC,Documents,Procedures_Plans,package b schdule.xls,,5,5,high,CRS,0
WIRELESS WELL SITE COMMUNICATION SYSTEM SPECIFICATION,6569-40-100-S1386-002-01,58-71-68-1601,,ELEC,Documents,Specifications,package b schdule.xls,,5,5,high,CRS,0
TELECOM CABLE SCHEDULE - GAS LIFT WELLS QUSAHWIRA AREA),6569-40-100-S1386-003-01,58-71-73-1601,,ELEC,Documents,Lists_MTOs_BOMs,package b schdule.xls,,2,2,low,CRS,0
TELECOM EQUIPMENT SCHEDULE- QUSAHWIRA AREA,6569-40-100-S1386-004-01,58-71-73-1602,,ELEC,Documents,Lists_MTOs_BOMs,package b schdule.xls,,2,2,low,CRS,0
TELECOM CABLE SCHEDULE QW-CDS,6569-40-100-S1386-005-01,58-71-73-1605,,ELEC,Documents,Lists_MTOs_BOMs,package b schdule.xls,,2,2,low,CRS,0
TELECOM EQUIPMENT SCHEDULE QW -CDS,6569-40-100-S1386-006-01,58-71-73-1604,,ELEC,Documents,Lists_MTOs_BOMs,package b schdule.xls,,2,2,low,CRS,0
TOPOGRAPHIC SURVEY REPORT,6569-40-100-T1311-001-01,58-99-83-1601,,CIVIL,Documents,Reports,package b schdule.xls,,9,5,high,CRS,0
GEOTECHNICAL INVESTIGATION REPORT FOR NEW WELLS,6569-40-100-T1311-002-01,58-99-83-1602,,CIVIL,Documents,Reports,package b schdule.xls,,9,5,high,CRS,0
TBE FOR TOPOGRAPHIC SURVEY REPORT,6569-40-100-T1311-003-01,58-99-83-1604,,CIVIL,Documents,Reports,package b schdule.xls,,13,5,high,CRS,0
TBE FOR GEOTECHNICAL INVESTIGATION REPORT FOR NEW WELLS,6569-40-100-T1311-004-01,58-99-83-1605,,CIVIL,Documents,Reports,package b schdule.xls,,13,5,high,CRS,0
WIRELESS COVERAGE STUDY,6569-40-100-T1386-001-01,58-71-74-1603,,ELEC,Documents,Reports,package b schdule.xls,,3,3,medium,CRS,0
TBE FOR MODIFICATION SCOPE OF WORK FOR ICSS SYSTEM - QUS AREA,6569-40-100-T2171-001-01,58-99-52-1603,,INST,Documents,Reports,package b schdule.xls,,8,4,medium,CRS,0
MECHANICAL DESIGN REPORT FOR QUSAHWIRA FIELD,6569-40-210-C1366-001-01,58-76-23-1601,1,PIPNG,Documents,Reports,package b schdule.xls,MECH,5,5,high,CRS,0
MTO FOR PIPELINE BULK ITEMS FOR QUSAHWIRA FIELD,6569-40-230-B1366-001-01,58-99-19-1603,,PIPNG,Documents,Lists_MTOs_BOMs,package b schdule.xls,,5,5,high,CRS,0
"MTO FOR POWER, CONTROL AND EARTHING CABLES - OP WELL",6569-40-230-B1382-001-01,58-71-63-1601,,ELEC,Documents,Lists_MTOs_BOMs,package b schdule.xls,ELEC,5,5,high,CRS,0
MTO FOR ELECTRICAL BULK MATERIAL - OP WELL,6569-40-230-B1382-002-01,58-71-63-1602,,ELEC,Documents,Lists_MTOs_BOMs,package b schdule.xls,,5,5,high,CRS,0
ELECTRICAL CABLE ROUTING / TRENCH LAYOUT OIL PRODUCTION WELL QW-052,6569-40-230-B1382-003-01,58-71-59-1641,,ELEC,Drawings,Drawings,package b schdule.xls,,9,5,high,CRS,0
ELECTRICAL CABLE ROUTING / TRENCH LAYOUT OIL PRODUCTION WELL QW-053,6569-40-230-B1382-004-01,58-71-59-1642,,ELEC,Drawings,Drawings,package b schdule.xls,,9,5,high,CRS,0
ELECTRICAL CABLE ROUTING / TRENCH LAYOUT OIL PRODUCTION WELL QW-012,6569-40-230-B1382-005-01,58-71-59-1643,,ELEC,Drawings,Drawings,package b schdule.xls,,9,5,high,CRS,0
ELECTRICAL CABLE ROUTING / TRENCH LAYOUT OIL PRDUCTION WELL QW-016,6569-40-230-B1382-006-01,58-71-59-1644,,ELEC,Drawings,Drawings,package b schdule.xls,,9,5,high,CRS,0
ELCTRICAL CABLE ROUTING / TRENCH LAYOUT OIL PROUCTION WELL QW-017,6569-40-230-B1382-007-01,58-71-59-1645,,ELEC,Drawings,Drawings,package b schdule.xls,,9,5,high,CRS,0
"ELECTRICAL CABLE SCHEDULE - OP WELLS QW-052, QW053, QW012, QW-016 AND QW-017 (DESCON SCOPE RELATED TO OHL WORKS)",6569-40-230-B1382-008-01,58-71-63-1616,,ELEC,Documents,Lists_MTOs_BOMs,package b schdule.xls,,2,2,low,CRS,0
"ELECTRICAL CABLE SCHEDULE - OP WELLS QW-052, QW053, QW012, QW-016 AND QW-017 (DESCON SCOPE RELATED TO OHL WORKS)",6569-40-230-B1382-009-01,58-71-63-1617,,ELEC,Documents,Lists_MTOs_BOMs,package b schdule.xls,,2,2,low,CRS,0
MTO FOR EARTHING MATERIAL - OP WELL,6569-40-230-B1384-001-01,58-71-63-1603,,ELEC,Documents,Lists_MTOs_BOMs,package b schdule.xls,ELEC,5,5,high,CRS,0
PIPELINE UPHEAVAL BUCKLING REPORT FOR QW FIELD (3” GAS INJECTION FLOWLINE),6569-40-230-C1366-002-01,58-76-23-1602,1,PIPNG,Documents,Reports,package b schdule.xls,,5,5,high,CRS,0
SOLAR SYSTEM SIZING - OP WELL,6569-40-230-C1381-001-01,58-71-67-1601,,ELEC,Documents,Calculations,package b schdule.xls,,3,3,medium,CRS,0
CABLE SIZING CALCULATION - OP WELL,6569-40-230-C1382-001-01,58-71-67-1602,,ELEC,Documents,Calculations,package b schdule.xls,,8,5,high,CRS,0
PIPING & INSTRUMENT DIAGRAM- SINGLE COMPLETION OIL WELL QW-085 OFFSITE - WELLS : QUSAHWIRA,6569-40-230-D1225-001-01,58-71-08-1601,C,PROC,Drawings,Drawings,package b schdule.xls,INST,9,5,high,CRS,0
Piping & Instrument Diagram - Single/Double Completion Oil Well QW-80 - Offsite Well (Tie-in at RDS),6569-40-230-D1225-002-01,58-71-08-1602,,PROC,Drawings,Drawings,package b schdule.xls,INST,9,5,high,Lists_MTOs_BOMs,4
Piping & Instrument Diagram - Single/Double Completion Oil Well QW-82 - Offsite Well (Tie-in at RDS),6569-40-230-D1225-003-01,58-71-08-1603,,PROC,Drawings,Drawings,package b schdule.xls,INST,9,5,high,Lists_MTOs_BOMs,4
PIPING & INSTRUMENT DIAGRAM- SINGLE COMPLETION OIL WELL QW-090 OFFSITE - WELLS : QUSAHWIRA,6569-40-230-D1225-004-01,58-71-08-1604,B,PROC,Drawings,Drawings,package b schdule.xls,INST,9,5,high,CRS,0
PIPING & INSTRUMENT DIAGRAM- SINGLE COMPLETION OIL WELL QW-061 OFFSITE - WELLS : QUSAHWIRA,6569-40-230-D1225-005-01,58-71-08-1605,B,PROC,Drawings,Drawings,package b schdule.xls,INST,9,5,high,CRS,0
PIPING & INSTRUMENT DIAGRAM- SINGLE COMPLETION OIL WELL QW-088 OFFSITE - WELLS : QUSAHWIRA,6569-40-230-D1225-006-01,58-71-08-1606,B,PROC,Drawings,Drawings,package b schdule.xls,INST,9,5,high,CRS,0
PIPING & INSTRUMENT DIAGRAM- SINGLE COMPLETION OIL WELL QW-087 OFFSITE - WELLS : QUSAHWIRA,6569-40-230-D1225-007-01,58-71-08-1607,B,PROC,Drawings,Drawings,package b schdule.xls,INST,9,5,high,CRS,0
Piping & Instrument Diagram - Single/Double Completion Oil Well QW-89 - Offsite Well (Tie-in at RDS),6569-40-230-D1225-008-01,58-71-08-1608,,PROC,Drawings,Drawings,package b schdule.xls,INST,9,5,high,Lists_MTOs_BOMs,4
Piping & Instrument Diagram - Single/Double Completion Oil Well QW-77 - Offsite Well (Tie-in),6569-40-230-D1225-009-01,58-71-08-1609,,PROC,Drawings,Drawings,package b schdule.xls,INST,9,5,high,Lists_MTOs_BOMs,4
Piping & Instrument Diagram - Single/Double Completion Oil Well QW-XX - Offsite Well (Tie-in),6569-40-230-D1225-010-01,58-71-72-08-1610,,PROC,Drawings,Drawings,package b schdule.xls,INST,9,5,high,Lists_MTOs_BOMs,4
Piping & Instrument Diagram - Single/Double Completion Oil Well QW-XX - Offsite Well  (Tie-in),6569-40-230-D1225-011-01,58-71-08-1611,,PROC,Drawings,Drawings,package b schdule.xls,INST,9,5,high,Lists_MTOs_BOMs,4
TYPICAL PIPING & INSTRUMENT DIAGRAM FOR CHEMICAL INJECTION PACKAGE-QUSAWHIRA NATURAL OIL PRODUCING WELLS,6569-40-230-D1225-012-01,58-71-72-08-1612,,PROC,Drawings,Drawings,package b schdule.xls,INST,11,5,high,CRS,0
P&ID - SINGLE COMPLETION OIL WELL QW-080 OFFSITE - WELLS : QUSAHWIRA,6569-40-230-D1225-013-01,58-71-08-1602,,PROC,Drawings,Drawings,package b schdule.xls,PROC,5,5,high,CRS,0
P&ID - SINGLE COMPLETION OIL WELL QW-082 OFFSITE - WELLS : QUSAHWIRA,6569-40-230-D1225-014-01,58-71-08-1603,,PROC,Drawings,Drawings,package b schdule.xls,PROC,5,5,high,CRS,0
P&ID - SINGLE COMPLETION OIL WELL QW-089 OFFSITE- WELLS : QUSAHWIRA,6569-40-230-D1225-015-01,58-71-08-1608,,PROC,Drawings,Drawings,package b schdule.xls,PROC,5,5,high,CRS,0
P&ID - SINGLE COMPLETION OIL WELL QW-077 OFFSITE - WELLS : QUSAHWIRA,6569-40-230-D1225-016-01,58-71-08-1609,,PROC,Drawings,Drawings,package b schdule.xls,PROC,5,5,high,CRS,0
P&ID - SINGLE COMPLETION OIL WELL QW-202 OFFSITE - WELLS : QUSAHWIRA,6569-40-230-D1225-017-01,58-71-08-1610,,PROC,Drawings,Drawings,package b schdule.xls,PROC,5,5,high,CRS,0
P&ID - SINGLE COMPLETION OIL WELL QW-072 OFFSITE - WELLS : QUSAHWIRA,6569-40-230-D1225-018-01,58-71-08-1611,,PROC,Drawings,Drawings,package b schdule.xls,PROC,5,5,high,CRS,0
Cause & Effect Diagram - Single/Double Completion Oil Well QW-85 - Offsite Well,6569-40-230-D1226-001-01,58-71-72-08-1617,,PROC,Drawings,Drawings,package b schdule.xls,PROC,9,5,high,CRS,0
Cause & Effect Diagram - Single/Double Completion Oil Well QW-80 - Offsite Well,6569-40-230-D1226-002-01,58-71-72-08-1619,,PROC,Drawings,Drawings,package b schdule.xls,PROC,9,5,high,CRS,0
Cause & Effect Diagram - Single/Double Completion Oil Well QW-82 - Offsite Well,6569-40-230-D1226-003-01,58-71-72-08-1620,,PROC,Drawings,Drawings,package b schdule.xls,PROC,9,5,high,CRS,0
Cause & Effect Diagram - Single/Double Completion Oil Well QW-90 - Offsite Well,6569-40-230-D1226-004-01,58-71-72-08-1621,,PROC,Drawings,Drawings,package b schdule.xls,PROC,9,5,high,CRS,0
Cause & Effect Diagram - Single/Double Completion Oil Well QW-61 - Offsite Well,6569-40-230-D1226-005-01,58-71-08-1622,,PROC,Drawings,Drawings,package b schdule.xls,PROC,9,5,high,CRS,0
Cause & Effect Diagram - Single/Double Completion Oil Well QW-88 - Offsite Well,6569-40-230-D1226-006-01,58-71-72-08-1623,,PROC,Drawings,Drawings,package b schdule.xls,PROC,9,5,high,CRS,0
Cause & Effect Diagram - Single/Double Completion Oil Well QW-87 - Offsite Well,6569-40-230-D1226-007-01,58-71-08-1624,,PROC,Drawings,Drawings,package b schdule.xls,PROC,9,5,high,CRS,0
Cause & Effect Diagram - Single/Double Completion Oil Well QW-89 - Offsite Well,6569-40-230-D1226-008-01,58-71-08-1625,,PROC,Drawings,Drawings,package b schdule.xls,PROC,9,5,high,CRS,0
Cause & Effect Diagram - Single/Double Completion Oil Well QW-77 - Offsite Well,6569-40-230-D1226-009-01,58-71-08-1626,,PROC,Drawings,Drawings,package b schdule.xls,PROC,9,5,high,CRS,0
Piping & Instrument Diagram - Single/Double Completion Oil Well QW-72 - Chemical Injection P&ID,6569-40-230-D1226-011-01,58-71-08-1628,,PROC,Drawings,Drawings,package b schdule.xls,INST,14,5,high,CRS,0
LAYOUT OF SAFETY EQUIPMENT (QW-80),6569-40-230-D1241-003-01,58-71-87-1601,,ENGG HSE,Drawings,Drawings,package b schdule.xls,HSE,5,5,high,CRS,0
LAYOUT OF SAFETY EQUIPMENT (QW-85),6569-40-230-D1241-015-01,58-71-87-1602,,ENGG HSE,Drawings,Drawings,package b schdule.xls,HSE,5,5,high,CRS,0
LAYOUT OF SAFETY EQUIPMENT (QW-82),6569-40-230-D1241-016-01,58-71-87-1603,,ENGG HSE,Drawings,Drawings,package b schdule.xls,HSE,5,5,high,CRS,0
LAYOUT OF SAFETY EQUIPMENT (QW-90),6569-40-230-D1241-017-01,58-71-87-1604,,ENGG HSE,Drawings,Drawings,package b schdule.xls,HSE,5,5,high,CRS,0
LAYOUT OF SAFETY EQUIPMENT (QW-61),6569-40-230-D1241-018-01,58-71-87-1605,,ENGG HSE,Drawings,Drawings,package b schdule.xls,HSE,5,5,high,CRS,0
LAYOUT OF SAFETY EQUIPMENT (QW-88),6569-40-230-D1241-019-01,58-71-87-1606,,ENGG HSE,Drawings,Drawings,package b schdule.xls,HSE,5,5,high,CRS,0
LAYOUT OF SAFETY EQUIPMENT (QW-87),6569-40-230-D1241-020-01,58-71-87-1607,,ENGG HSE,Drawings,Drawings,package b schdule.xls,HSE,5,5,high,CRS,0
LAYOUT OF SAFETY EQUIPMENT (QW-89),6569-40-230-D1241-021-01,58-71-87-1608,,ENGG HSE,Drawings,Drawings,package b schdule.xls,HSE,5,5,high,CRS,0
LAYOUT OF SAFETY EQUIPMENT (QW-77),6569-40-230-D1241-022-01,58-71-87-1609,,ENGG HSE,Drawings,Drawings,package b schdule.xls,HSE,5,5,high,CRS,0
LAYOUT OF SAFETY SIGNS & ESCAPE ROUTES (QW-91),6569-40-230-D1241-025-01,58-71-87-1610,,ENGG HSE,Drawings,Drawings,package b schdule.xls,HSE,5,5,high,CRS,0
LAYOUT OF SAFETY SIGNS & ESCAPE ROUTES (QW-85),6569-40-230-D1241-027-01,58-71-87-1620,,ENGG HSE,Drawings,Drawings,package b schdule.xls,HSE,5,5,high,CRS,0
LAYOUT OF SAFETY SIGNS & ESCAPE ROUTES (QW-82),6569-40-230-D1241-028-01,58-71-87-1621,,ENGG HSE,Drawings,Drawings,package b schdule.xls,HSE,5,5,high,CRS,0
LAYOUT OF SAFETY SIGNS & ESCAPE ROUTES (QW-90),6569-40-230-D1241-029-01,58-71-87-1622,,ENGG HSE,Drawings,Drawings,package b schdule.xls,HSE,5,5,high,CRS,0
LAYOUT OF SAFETY SIGNS & ESCAPE ROUTES (QW-61),6569-40-230-D1241-030-01,58-71-87-1623,,ENGG HSE,Drawings,Drawings,package b schdule.xls,HSE,5,5,high,CRS,0
LAYOUT OF SAFETY SIGNS & ESCAPE ROUTES (QW-88),6569-40-230-D1241-031-01,58-71-87-1624,,ENGG HSE,Drawings,Drawings,package b schdule.xls,HSE,5,5,high,CRS,0
LAYOUT OF SAFETY SIGNS & ESCAPE ROUTES (QW-87),6569-40-230-D1241-032-01,58-71-87-1625,,ENGG HSE,Drawings,Drawings,package b schdule.xls,HSE,5,5,high,CRS,0
LAYOUT OF SAFETY SIGNS & ESCAPE ROUTES (QW-89),6569-40-230-D1241-033-01,58-71-97-1610,,ENGG HSE,Drawings,Drawings,package b schdule.xls,HSE,5,5,high,CRS,0
LAYOUT OF SAFETY SIGNS & ESCAPE ROUTES (QW-77),6569-40-230-D1241-034-01,58-71-87-1611,,ENGG HSE,Drawings,Drawings,package b schdule.xls,HSE,5,5,high,CRS,0
LAYOUT OF SAFETY & ESCAPE ROUTES QW-080 QUSHAWIRA FIELD,6569-40-230-D1241-045-01,58-71-87-1626,,ENGG HSE,Drawings,Drawings,package b schdule.xls,HSE,5,5,high,CRS,0
LAYOUT OF SAFETY SIGNS & ESCAPW ROUTES QW-202 QUSAHWIRA FIELD,6569-40-230-D1241-046-01,58-71-87-1627,,ENGG HSE,Drawings,Drawings,package b schdule.xls,HSE,5,5,high,CRS,0
GENERAL ARRANGEMENT CIVIL DETAIL SINGLE COMPLETION PRODUCTION  OIL WELL (QW-088),6569-40-230-D1310-001-01,58-71-79-1606,A,CIVIL,Drawings,Drawings,package b schdule.xls,CIVIL,11,5,high,CRS,0
GENERAL ARRANGEMENT CIVIL  -OIL PROCUCER WELL  QW- 87,6569-40-230-D1310-002-01,58-71-79-1607,A,CIVIL,Drawings,Drawings,package b schdule.xls,CIVIL,9,5,high,CRS,0
GENERAL ARRANGEMENT CIVIL PART PLAN –A SINGLE COMPLETION PRODUCTION OIL WELL (QW-089),6569-40-230-D1310-003-01,58-71-79-1608,A,CIVIL,Drawings,Drawings,package b schdule.xls,CIVIL,9,5,high,Procedures_Plans,3
GENERAL ARRANGEMENT CIVIL  -OIL PROCUCER WELL  QW- 44,6569-40-230-D1310-004-01,58-71-79-1609,,CIVIL,Drawings,Drawings,package b schdule.xls,CIVIL,9,5,high,CRS,0
GENERAL ARRANGEMENT CIVIL  -OIL PROCUCER WELL  QW- 202,6569-40-230-D1310-005-01,58-71-79-1610,,CIVIL,Drawings,Drawings,package b schdule.xls,CIVIL,9,5,high,CRS,0
GENERAL ARRANGEMENT CIVIL  -OIL PROCUCER WELL  QW- 72,6569-40-230-D1310-006-01,58-71-79-1611,,CIVIL,Drawings,Drawings,package b schdule.xls,CIVIL,9,5,high,CRS,0
GENERAL ARRANGEMENT CIVIL  -GAS INJECTOR WELL  QW- 83,6569-40-230-D1310-007-01,58-71-79-1612,,CIVIL,Drawings,Drawings,package b schdule.xls,CIVIL,9,5,high,CRS,0
GENERAL ARRANGEMENT CIVIL PART PLAN-A  WATER INJECTION WELL (QW-057),6569-40-230-D1310-008-01,58-71-79-1613,A,CIVIL,Drawings,Drawings,package b schdule.xls,CIVIL,9,5,high,Procedures_Plans,3
GENERAL ARRANGEMENT CIVIL  -WATER INJECTOR WELL  QW- 59,6569-40-230-D1310-009-01,58-71-79-1614,A,CIVIL,Drawings,Drawings,package b schdule.xls,CIVIL,9,5,high,CRS,0
GENERAL ARRANGEMENT CIVIL PART PLAN-2 WATER INJECTION WELL (QW-091),6569-40-230-D1310-010-01,58-71-79-1615,A,CIVIL,Drawings,Drawings,package b schdule.xls,CIVIL,9,5,high,Procedures_Plans,3
GENERAL ARRANGEMENT CIVIL  -OP WELL -QW-XX-1,6569-40-230-D1310-011-01,58-71-79-1616,,CIVIL,Drawings,Drawings,package b schdule.xls,CIVIL,9,5,high,CRS,0
SITE PREPARATION LAYOUT WELLHEAD QW-088,6569-40-230-D1312-001-01,58-71-82-1606,A,CIVIL,Drawings,Drawings,package b schdule.xls,,8,5,high,CRS,0
SITE PREPARATION LAYOUT WELLHEAD QW-087,6569-40-230-D1312-002-01,58-71-82-1607,A,CIVIL,Drawings,Drawings,package b schdule.xls,,8,5,high,CRS,0
SITE PRORATION LAYOUT SINGLE PRODUCTION OIL WELL WELLHEAD QW-089,6569-40-230-D1312-003-01,58-71-82-1608,A,CIVIL,Drawings,Drawings,package b schdule.xls,,5,5,high,CRS,0
SITE PREPARATION - LAYOUT OIL PRODUCER WELL QW- 44,6569-40-230-D1312-004-01,58-71-82-1609,,CIVIL,Drawings,Drawings,package b schdule.xls,,8,5,high,CRS,0
SITE PREPARATION - LAYOUT OIL PRODUCER WELL QW- 202,6569-40-230-D1312-005-01,58-71-82-1610,,CIVIL,Drawings,Drawings,package b schdule.xls,,8,5,high,CRS,0
SITE PREPARATION - LAYOUT OIL PRODUCER WELL QW- 72,6569-40-230-D1312-006-01,58-71-82-1611,,CIVIL,Drawings,Drawings,package b schdule.xls,,8,5,high,CRS,0
SITE PREPARATION - LAYOUT GAS INJECTOR  WELL QW- 83,6569-40-230-D1312-007-01,58-71-82-1612,,CIVIL,Drawings,Drawings,package b schdule.xls,,8,5,high,CRS,0
SITE PREPARATION - LAYOUT WATER INJECTOR  WELL QW- 57,6569-40-230-D1312-008-01,58-71-82-1613,A,CIVIL,Drawings,Drawings,package b schdule.xls,,8,5,high,CRS,0
SITE PREPARATION LAYOUT WATER INJECTION (WELL –QW-059),6569-40-230-D1312-009-01,58-71-82-1614,A,CIVIL,Drawings,Drawings,package b schdule.xls,,8,5,high,CRS,0
SITE PREPARATION LAYOUT WATER INJECTION (WELL –QW-091),6569-40-230-D1312-010-01,58-71-82-1615,A,CIVIL,Drawings,Drawings,package b schdule.xls,,8,5,high,CRS,0
SITE PREPARATION - LAYOUT WELLHEAD OP WELL-QW-XX-1,6569-40-230-D1312-011-01,58-71-82-1616,,CIVIL,Drawings,Drawings,package b schdule.xls,,8,5,high,CRS,0
PLOT PLAN SINGLE COMPLETION PRODUCTION OIL WELL QW-085 QUSAHWIRA FIELD,6569-40-230-D1362-001-01,58-71-04-1601,2,PIPNG,Drawings,Drawings,package b schdule.xls,PROJECTS,4,4,medium,Procedures_Plans,3
PLOT PLAN FOR NATURAL OIL PRODUCER WELL QW-80 FOR QUSAHWIRA FIELD,6569-40-230-D1362-002-01,58-71-04-1602,2,PIPNG,Drawings,Drawings,package b schdule.xls,PROJECTS,4,4,medium,Procedures_Plans,3
PLOT PLAN FOR NATURAL OIL PRODUCER WELL QW-82 FOR QUSAHWIRA FIELD,6569-40-230-D1362-003-01,58-71-04-1603,2,PIPNG,Drawings,Drawings,package b schdule.xls,PROJECTS,4,4,medium,Procedures_Plans,3
PLOT PLAN SINGLE COMPLETION PRODUCTION OIL WELL QW-090 QUSAHWIRA FIELD,6569-40-230-D1362-004-01,58-71-04-1604,3,PIPNG,Drawings,Drawings,package b schdule.xls,PROJECTS,4,4,medium,Procedures_Plans,3
PLOT PLAN SINGLE COMPLETION PRODUCTION OIL WELL QW-061 QUSAHWIRA FIELD,6569-40-230-D1362-005-01,58-71-04-1605,2,PIPNG,Drawings,Drawings,package b schdule.xls,PROJECTS,4,4,medium,Procedures_Plans,3
PLOT PLAN SINGLE COMPLETION PRODUCTION OIL WELL QW-088 QUSAHWIRA FIELD,6569-40-230-D1362-006-01,58-71-04-1606,2,PIPNG,Drawings,Drawings,package b schdule.xls,PROJECTS,4,4,medium,Procedures_Plans,3
PLOT PLAN SINGLE COMPLETION PRODUCTION OIL WELL QW-087 QUSAHWIRA FIELD,6569-40-230-D1362-007-01,58-71-04-1607,2,PIPNG,Drawings,Drawings,package b schdule.xls,PROJECTS,4,4,medium,Procedures_Plans,3
PLOT PLAN SINGLE COMPLETION PRODUCTION OIL WELL QW-089 QUSAHWIRA FIELD,6569-40-230-D1362-008-01,58-71-04-1608,2,PIPNG,Drawings,Drawings,package b schdule.xls,PROJECTS,4,4,medium,Procedures_Plans,3
PLOT PLAN FOR NATURAL OIL PRODUCER WELL QW-77 FOR QUSAHWIRA FIELD,6569-40-230-D1362-009-01,58-71-04-1609,,PIPNG,Drawings,Drawings,package b schdule.xls,PROJECTS,4,4,medium,Procedures_Plans,3
PLOT PLAN FOR NATURAL OIL PRODUCER WELL QW-XX FOR QUSAHWIRA FIELD,6569-40-230-D1362-010-01,58-71-04-1610,,PIPNG,Drawings,Drawings,package b schdule.xls,PROJECTS,4,4,medium,Procedures_Plans,3
PLOT PLAN FOR NATURAL OIL PRODUCER WELL QW-XX FOR QUSAHWIRA FIELD,6569-40-230-D1362-011-01,58-71-04-1611,,PIPNG,Drawings,Drawings,package b schdule.xls,PROJECTS,4,4,medium,Procedures_Plans,3
GENERAL ARRANGEMENT PIPING SECTION - A SINGLE COMPLETION PRODUCTION OIL WELL QW-085 QUSAHWIRA FIELD,6569-40-230-D1362-012-01,58-71-21-1601,1,PIPNG,Drawings,Drawings,package b schdule.xls,PIPNG,9,5,high,CRS,0
GENERAL ARRANGEMENT PIPING SECTION - B SINGLE COMPLETION PRODUCTION OIL WELL QW-085 QUSAHWIRA FIELD,6569-40-230-D1362-013-01,58-71-21-1602,1,PIPNG,Drawings,Drawings,package b schdule.xls,PIPNG,9,5,high,CRS,0
GENERAL ARRANGEMENT PIPING SECTION –A SINGLE COMPLETION PRODUCTION OIL WELL QW-080 QUSAHWIRA FIELD,6569-40-230-D1362-014-01,58-71-21-1603,1,PIPNG,Drawings,Drawings,package b schdule.xls,PIPNG,9,5,high,CRS,0
GENERAL ARRANGEMENT PIPING SECTION –B SINGLE COMPLETION PRODUCTION OIL WELL QW-080 QUSAHWIRA,6569-40-230-D1362-015-01,58-71-21-1604,1,PIPNG,Drawings,Drawings,package b schdule.xls,PIPNG,9,5,high,CRS,0
GENERAL ARRANGEMENT PIPING SECTION –A SINGLE COMPLETION PRODUCTION OIL WELL QW-082 QUSAHWIRA,6569-40-230-D1362-016-01,58-71-21-1605,1,PIPNG,Drawings,Drawings,package b schdule.xls,PIPNG,9,5,high,CRS,0
GENERAL ARRANGEMENT PIPING SECTION –B SINGLE COMPLETION PRODUCTION OIL WELL QW-082 QUSAHWIRA FIELD,6569-40-230-D1362-017-01,58-71-21-1606,1,PIPNG,Drawings,Drawings,package b schdule.xls,PIPNG,9,5,high,CRS,0
GENERAL ARRANGEMENT PIPNG SECTION –A SINGLE COMPLETION PRODUCTION OIL WELL QW-090 QUSHAWIRA FIELD,6569-40-230-D1362-018-01,58-71-21-1607,1,PIPNG,Drawings,Drawings,package b schdule.xls,,9,5,high,CRS,0
GENERAL ARRANGEMENT PIPING SECTION-B SINGLE COMPLETION PRODUCTION OIL WELL QW-090 QUSHAWIRA FIELD,6569-40-230-D1362-019-01,58-71-21-1608,1,PIPNG,Drawings,Drawings,package b schdule.xls,PIPNG,9,5,high,CRS,0
GENERAL ARRANGEMENT PIPING SECTION - A SINGLE COMPLETION PRODUCTION OIL WELL QW-061 QUSAHWIRA FIELD,6569-40-230-D1362-020-01,58-71-21-1609,1,PIPNG,Drawings,Drawings,package b schdule.xls,PIPNG,9,5,high,CRS,0
GENERAL ARRANGEMENT PIPING SECTION - B SINGLE COMPLETION PRODUCTION OIL WELL QW-061 QUSAHWIRA FIELD,6569-40-230-D1362-021-01,58-71-21-1610,1,PIPNG,Drawings,Drawings,package b schdule.xls,PIPNG,9,5,high,CRS,0
GENERAL ARRANGEMENT PIPING SECTION –A SINGLE COMPLETION PRODUCTION OIL WELL QW-088 QUSHAWIRA FIELD,6569-40-230-D1362-022-01,58-71-21-1611,1,PIPNG,Drawings,Drawings,package b schdule.xls,PIPNG,9,5,high,CRS,0
PIPING LAYOUT AREA-A7 SINGLE COMPLETION PRODUCTION OIL WELL QW-085 QUSAHWIRA FIELD,6569-40-230-D1362-023-01,58-71-13-1601,,PIPNG,Drawings,Drawings,package b schdule.xls,PIPNG,5,5,high,CRS,0
PIPING LAYOUT AREA-B9 SINGLE COMPLETION PRODUCTION OIL WELL QW-085 QUSAHWIRA FIELD,6569-40-230-D1362-024-01,58-71-13-1602,,PIPNG,Drawings,Drawings,package b schdule.xls,PIPNG,5,5,high,CRS,0
PIPING LAYOUT AREA –A10 SINGLE COMPLETION PRODUCTION OIL WELL QW-080 QUSAHWIRA FIELD,6569-40-230-D1362-025-01,58-71-13-1603,,PIPNG,Drawings,Drawings,package b schdule.xls,PIPNG,5,5,high,CRS,0
PIPING LAYOUT AREA – B2 SINGLE COMPLETION PRODUCTION OIL WELL QW-080 QUSAHWIRA FIELD,6569-40-230-D1362-026-01,58-71-13-1604,,PIPNG,Drawings,Drawings,package b schdule.xls,PIPNG,5,5,high,CRS,0
PIPING LAYOUT AREA-A10 SINGLE COMPLETION PRODUCTION OIL WELL QW-082 QUSAHWIRA FIELD,6569-40-230-D1362-027-01,58-71-13-1605,,PIPNG,Drawings,Drawings,package b schdule.xls,PIPNG,5,5,high,CRS,0
PIPING LAYOUT AREA-B2 SINGLE COMPLETION PRODUCTION OIL WELL QW-082 QUSHAWIRA FIELD,6569-40-230-D1362-028-01,58-71-13-1606,,PIPNG,Drawings,Drawings,package b schdule.xls,PIPNG,5,5,high,CRS,0
PIPING LAYOUT AREA –A7 SINGLE COMPLETION PRODUCTION OIL WELL QW-090 QUSHAWIRA FIELD,6569-40-230-D1362-029-01,58-71-13-1607,,PIPNG,Drawings,Drawings,package b schdule.xls,PIPNG,5,5,high,CRS,0
PIPING LAYOUT AREA –B9 SINGLE COMPLETION PRODUCTION OIL WELL QW-090 QUSHAWIRA FIELD,6569-40-230-D1362-030-01,58-71-13-1608,,PIPNG,Drawings,Drawings,package b schdule.xls,PIPNG,5,5,high,CRS,0
PIPING LAYOUT AREA –A7 SINGLE COMPLETION PRODUCTION OIL WELL QW-061 QUSAHWIRA FIELD,6569-40-230-D1362-031-01,58-71-13-1609,,PIPNG,Drawings,Drawings,package b schdule.xls,PIPNG,5,5,high,CRS,0
PIPING LAYOUT AREA –B9 SINGLE COMPLETION PRODUCTION OIL WELL QW-061 QUSAHWIRA FIELD,6569-40-230-D1362-032-01,58-71-13-1610,,PIPNG,Drawings,Drawings,package b schdule.xls,PIPNG,5,5,high,CRS,0
PIPING LAYOUT AREA –A10 SINGLE COMPLETION PRODUCTION OIL WELL QW-088 QUSAHWIRA,6569-40-230-D1362-033-01,58-71-13-1611,,PIPNG,Drawings,Drawings,package b schdule.xls,PIPNG,5,5,high,CRS,0
PIPING LAYOUT AREA –A10 SINGLE COMPLETION PRODUCTION OIL WELL QW-088 QUSAHWIRA,6569-40-230-D1362-033-02,58-71-13-1611,,PIPNG,Drawings,Drawings,package b schdule.xls,PIPNG,5,5,high,CRS,0
PIPING LAYOUT AREA –A10 SINGLE COMPLETION PRODUCTION OIL WELL QW-088 QUSAHWIRA,6569-40-230-D1362-033-03,58-71-13-1611,,PIPNG,Drawings,Drawings,package b schdule.xls,PIPNG,5,5,high,CRS,0
PIPING LAYOUT AREA –A8 WATER INJECTION WELL QW-057 QUSAHWIRA FILED,6569-40-230-D1362-034-01,58-71-13-1625,,PIPNG,Drawings,Drawings,package b schdule.xls,PIPNG,5,5,high,CRS,0
PIPING LAYOUT AREA-B13 WATER INJECTION WELL QW-057 QUSHAWIRA FIELD,6569-40-230-D1362-035-01,58-71-13-1626,,PIPNG,Drawings,Drawings,package b schdule.xls,PIPNG,5,5,high,CRS,0
PIPING LAYOUT AREA –A10 WATER INJECTION WELL QW-059 QUSHAWIRA FIELD (10 OF 20),6569-40-230-D1362-042-01,58-71-13-1627,,INST,Drawings,Drawings,package b schdule.xls,PIPNG,5,5,high,CRS,0
PIPING LAYOUT AREA –A11 WATER INJECTION WELL QW-059 QUSHAWIRA FIELD (11 OF 20),6569-40-230-D1362-043-01,58-71-13-1627,,INST,Drawings,Drawings,package b schdule.xls,PIPNG,5,5,high,CRS,0
PIPING LAYOUT AREA –A12 WATER INJECTION WELL QW-059 QUSHAWIRA FIELD (12 OF 20),6569-40-230-D1362-044-01,58-71-13-1627,,INST,Drawings,Drawings,package b schdule.xls,PIPNG,5,5,high,CRS,0
PIPING LAYOUT AREA –B9 WATER INJECTION WELL QW-059 QUSHAWIRA FIELD (9 OF 20),6569-40-230-D1362-045-01,58-71-13-1628,,INST,Drawings,Drawings,package b schdule.xls,PIPNG,5,5,high,CRS,0
PIPING LAYOUT AREA –B10 WATER INJECTION WELL QW-059 QUSHAWIRA FIELD (10 OF 20),6569-40-230-D1362-046-01,58-71-13-1628,,INST,Drawings,Drawings,package b schdule.xls,PIPNG,5,5,high,CRS,0
PIPIING LAYOUT AREA –A10 SINGLE COMPLETION PRODUCTION OIL WELL QW-089 QUSAHWIRA FIELD,6569-40-230-D1362-047-01,58-71-13-1616,1,PIPNG,Drawings,Drawings,package b schdule.xls,,5,5,high,CRS,0
PIPIING LAYOUT AREA –A11 SINGLE COMPLETION PRODUCTION OIL WELL QW-089 QUSAHWIRA FIELD,6569-40-230-D1362-048-01,58-71-13-1616,1,PIPNG,Drawings,Drawings,package b schdule.xls,,5,5,high,CRS,0
PIPIING LAYOUT AREA –B9 SINGLE COMPLETION PRODUCTION OIL WELL QW-089 QUSAHWIRA FIELD,6569-40-230-D1362-049-01,58-71-13-1616,1,PIPNG,Drawings,Drawings,package b schdule.xls,,5,5,high,CRS,0
GENERAL ARRANGEMENT PIPING SECTION –B SINGLE COMPLETION PRODUCTION OIL WELL QW-089 QUSAHWIRA FIELD,6569-40-230-D1362-050-01,58-71-21-1616,1,PIPNG,Drawings,Drawings,package b schdule.xls,PIPNG,9,5,high,CRS,0
PIPING LAYOUT AREA –A11 WATER INJECTION WELL QW-091 QUSAHWIRA FIELD,6569-40-230-D1362-051-01,58-71-13-1623,1,PIPNG,Drawings,Drawings,package b schdule.xls,PIPNG,5,5,high,CRS,0
PIPING LAYOUT AREA –A12 WATER INJECTION WELL QW-091 QUSAHWIRA FIELD,6569-40-230-D1362-051-02,58-71-13-1623,1,PIPNG,Drawings,Drawings,package b schdule.xls,PIPNG,5,5,high,CRS,0
PIPING LAYOUT AREA –B10 WATER INJECTION WELL QW-091 QUSAHWIRA FIELD,6569-40-230-D1362-052-01,58-71-13-1624,1,PIPNG,Drawings,Drawings,package b schdule.xls,PIPNG,5,5,high,CRS,0
PIPING LAYOUT AREA –B11 WATER INJECTION WELL QW-091 QUSAHWIRA FIELD,6569-40-230-D1362-052-02,58-71-13-1624,1,PIPNG,Drawings,Drawings,package b schdule.xls,PIPNG,5,5,high,CRS,0
PIPING LAYOUT AREA –B9 WATER INJECTION WELL QW-091 QUSAHWIRA FIELD,6569-40-230-D1362-052-03,58-71-13-1624,1,PIPNG,Drawings,Drawings,package b schdule.xls,PIPNG,5,5,high,CRS,0
GENERAL ARRANGEMENT PIPING SECTION –B SINGLE COMPLETION PRODUCTION OIL WELL QW-085 QUSHAWIRA FIELD,6569-40-230-D1362-053-01,58-70-21-1602,,PIPNG,Drawings,Drawings,package b schdule.xls,PIPNG,9,5,high,CRS,0
PIPING LAYOUT AREA- A7 SINGLE COMPLETION PRODUCTION  OIL WELL QW-202 QUSAHWIRA FIELD,6569-40-230-D1362-054-01,58-71-13-1617,,PIPNG,Drawings,Drawings,package b schdule.xls,PIPNG,5,5,high,CRS,0
PIPING LAYOUT AREA- A8 SINGLE COMPLETION PRODUCTION  OIL WELL QW-202 QUSAHWIRA FIELD,6569-40-230-D1362-054-02,58-71-13-1617,,PIPNG,Drawings,Drawings,package b schdule.xls,PIPNG,5,5,high,CRS,0
PIPING LAYOUT AREA- A11 SINGLE COMPLETION PRODUCTION  OIL WELL QW-202 QUSAHWIRA FIELD,6569-40-230-D1362-054-03,58-71-13-1617,,PIPNG,Drawings,Drawings,package b schdule.xls,PIPNG,5,5,high,CRS,0
PIPING LAYOUT AREA- A12 SINGLE COMPLETION PRODUCTION  OIL WELL QW-202 QUSAHWIRA FIELD,6569-40-230-D1362-054-04,58-71-13-1617,,PIPNG,Drawings,Drawings,package b schdule.xls,PIPNG,5,5,high,CRS,0
PIPING LAYOUT AREA –B9 SINGLE COMPLETION PRODUCTION OIL WELL QW-202 QUSAHWIRA FIELD,6569-40-230-D1362-055-01,58-71-13-1618,,PIPNG,Drawings,Drawings,package b schdule.xls,PIPNG,5,5,high,CRS,0
PIPING LAYOUT AREA –B10 SINGLE COMPLETION PRODUCTION OIL WELL QW-202 QUSAHWIRA FIELD,6569-40-230-D1362-055-02,58-71-13-1618,,PIPNG,Drawings,Drawings,package b schdule.xls,PIPNG,5,5,high,CRS,0
PIPING LAYOUT AREA –B11 SINGLE COMPLETION PRODUCTION OIL WELL QW-202 QUSAHWIRA FIELD,6569-40-230-D1362-055-03,58-71-13-1618,,PIPNG,Drawings,Drawings,package b schdule.xls,PIPNG,5,5,high,CRS,0
PIPING LAYOUT AREA –A10 SINGLE COMPLETION PRODUCTION OIL WELL QW-044 QUSAHWIRA FIELD,6569-40-230-D1362-056-01,58-71-13-1621,,PIPNG,Drawings,Drawings,package b schdule.xls,PIPNG,5,5,high,CRS,0
PIPING LAYOUT AREA –A14 SINGLE COMPLETION PRODUCTION OIL WELL QW-044 QUSAHWIRA FIELD,6569-40-230-D1362-057-01,58-71-13-1621,,PIPNG,Drawings,Drawings,package b schdule.xls,PIPNG,5,5,high,CRS,0
PIPING LAYOUT AREA –A18 SINGLE COMPLETION PRODUCTION OIL WELL QW-044 QUSAHWIRA FIELD,6569-40-230-D1362-058-01,58-71-13-1621,,PIPNG,Drawings,Drawings,package b schdule.xls,PIPNG,5,5,high,CRS,0
PIPING LAYOUT AREA –B2 SINGLE COMPLETION PRODUCTION OIL WELL QW-044 QUSAHWIRA FIELD,6569-40-230-D1362-059-01,58-71-13-1622,,PIPNG,Drawings,Drawings,package b schdule.xls,PIPNG,5,5,high,CRS,0
PIPING LAYOUT AREA –B5 SINGLE COMPLETION PRODUCTION OIL WELL QW-044 QUSAHWIRA FIELD,6569-40-230-D1362-060-01,58-71-13-1622,,PIPNG,Drawings,Drawings,package b schdule.xls,PIPNG,5,5,high,CRS,0
PIPING LAYOUT AREA –B6 SINGLE COMPLETION PRODUCTION OIL WELL QW-044 QUSAHWIRA FIELD,6569-40-230-D1362-061-01,58-71-13-1622,,PIPNG,Drawings,Drawings,package b schdule.xls,PIPNG,5,5,high,CRS,0
PIPING LAYOUT AREA –B9 SINGLE COMPLETION PRODUCTION OIL WELL QW-044 QUSAHWIRA FIELD,6569-40-230-D1362-062-01,58-71-13-1622,,PIPNG,Drawings,Drawings,package b schdule.xls,PIPNG,5,5,high,CRS,0
PIPING LAYOUT AREA –B10 SINGLE COMPLETION PRODUCTION OIL WELL QW-044 QUSAHWIRA FIELD,6569-40-230-D1362-063-01,58-71-13-1622,,PIPNG,Drawings,Drawings,package b schdule.xls,PIPNG,5,5,high,CRS,0
PIPING LAYOUT AREA –B11 SINGLE COMPLETION PRODUCTION OIL WELL QW-044 QUSAHWIRA FIELD,6569-40-230-D1362-064-01,58-71-13-1622,,PIPNG,Drawings,Drawings,package b schdule.xls,PIPNG,5,5,high,CRS,0
INSTRUMENT LOOP DRAWINGS (RTU SIGNALS) (QUSAHWIRA AREA QW-080 WELL) (OIL PRODUCER WELL),6569-40-230-D1378-001-01,58-71-41-1601,A,INST,Drawings,Drawings,package b schdule.xls,INST,4,4,medium,CRS,0
INSTRUMENT JB INTERCONNECTION / TERMINATION DRAWINGS - QW-80,6569-40-230-D1378-002-01,58-71-47-1601,1,INST,Drawings,Drawings,package b schdule.xls,INST,4,4,medium,CRS,0
INSTRUMENT AND TELECOM CABLE ROUTING / TRENCH LAYOUT QW-080 WELL,6569-40-230-D1378-003-01,58-71-49-1601,B,INST,Drawings,Drawings,package b schdule.xls,INST,9,5,high,CRS,0
INSTRUMENT CABLE BLOCK DIAGRAM - QW-80,6569-40-230-D1378-004-01,58-71-49-1617,1,INST,Drawings,Drawings,package b schdule.xls,INST,8,4,medium,CRS,0
FIRE AND GAS DETECTOR LAYOUT  - QW-80,6569-40-230-D1378-005-01,58-71-45-1601,,INST,Drawings,Drawings,package b schdule.xls,HSE,5,5,high,CRS,0
INSTRUMENT LOOP DRAWINGS (RTU SIGNALS) QUSAHWIRA AREA QW-085 WELL) (OIL PRODUCER WELL),6569-40-230-D1378-006-01,58-71-41-1602,A,INST,Drawings,Drawings,package b schdule.xls,INST,4,4,medium,CRS,0
INSTRUMENT JB INTERCONNECTION / TERMINATION DRAWINGS - QW-85,6569-40-230-D1378-007-01,58-71-47-1602,1,INST,Drawings,Drawings,package b schdule.xls,INST,4,4,medium,CRS,0
INSTRUMENT AND TELECOM CABLE ROUTING / TRENCH LAYOUT  - QW-85,6569-40-230-D1378-008-01,58-71-49-1602,B,INST,Drawings,Drawings,package b schdule.xls,INST,9,5,high,CRS,0
INSTRUMENT CABLE BLOCK DIAGRAM - QW-85,6569-40-230-D1378-009-01,58-71-49-1618,1,INST,Drawings,Drawings,package b schdule.xls,INST,8,4,medium,CRS,0
FIRE AND GAS DETECTOR LAYOUT  - QW-85,6569-40-230-D1378-010-01,58-71-45-1602,,INST,Drawings,Drawings,package b schdule.xls,HSE,5,5,high,CRS,0
INSTRUMENT LOOP DRAWINGS (RTU SIGNALS) (QUSAHWIRA AREA QW-082 WELL) OIL PRODUCER WELL),6569-40-230-D1378-011-01,58-71-41-1603,A,INST,Drawings,Drawings,package b schdule.xls,INST,4,4,medium,CRS,0
INSTRUMENT JB INTERCONNECTION / TERMINATION DRAWINGS - QW-82,6569-40-230-D1378-012-01,58-71-47-1603,1,INST,Drawings,Drawings,package b schdule.xls,INST,4,4,medium,CRS,0
INSTRUMENT AND TELECOM CABLE ROUTING / TRENCH LAYOUT QW-082 WELL,6569-40-230-D1378-013-01,58-71-49-1603,B,INST,Drawings,Drawings,package b schdule.xls,INST,9,5,high,CRS,0
INSTRUMENT CABLE BLOCK DIAGRAM - QW-82,6569-40-230-D1378-014-01,58-71-49-1619,1,INST,Drawings,Drawings,package b schdule.xls,INST,8,4,medium,CRS,0
FIRE AND GAS DETECTOR LAYOUT  - QW-82,6569-40-230-D1378-015-01,58-71-45-1603,,INST,Drawings,Drawings,package b schdule.xls,HSE,5,5,high,CRS,0
INSTRUMENT LOOP DRAWING (RTU SIGNALS (QUSAHWIRA AREA QW-090 WELL (OIL PRODUCER WELL),6569-40-230-D1378-016-01,58-71-41-1604,A,INST,Drawings,Drawings,package b schdule.xls,INST,4,4,medium,CRS,0
INSTRUMENT JB INTERCONNECTION / TERMINATION DRAWINGS - QW-90,6569-40-230-D1378-017-01,58-71-47-1604,1,INST,Drawings,Drawings,package b schdule.xls,INST,4,4,medium,CRS,0
INSTRUMENT AND TELECOM CABLE ROUTING / TRENCH LAYOUT  - QW-90,6569-40-230-D1378-018-01,58-71-49-1604,B,INST,Drawings,Drawings,package b schdule.xls,INST,9,5,high,CRS,0
INSTRUMENT CABLE BLOCK DIAGRAM - QW-90,6569-40-230-D1378-019-01,58-71-49-1620,1,INST,Drawings,Drawings,package b schdule.xls,INST,8,4,medium,CRS,0
FIRE AND GAS DETECTOR LAYOUT  - QW-90,6569-40-230-D1378-020-01,58-71-45-1604,,INST,Drawings,Drawings,package b schdule.xls,HSE,5,5,high,CRS,0
INSTRUMENT LOOP DRAWING (RTU SIGNALS (QUSAHWIRA AREA QW-061 WELL) (OIL PRODUCER WELL),6569-40-230-D1378-021-01,58-71-41-1605,A,INST,Drawings,Drawings,package b schdule.xls,INST,4,4,medium,CRS,0
INSTRUMENT JB INTERCONNECTION / TERMINATION DRAWINGS - QW-61,6569-40-230-D1378-022-01,58-71-47-1605,1,INST,Drawings,Drawings,package b schdule.xls,INST,4,4,medium,CRS,0
INSTRUMENT AND TELECOM CABLE ROUTING / TRENCH LAYOUT  - QW-61,6569-40-230-D1378-023-01,58-71-49-1605,B,INST,Drawings,Drawings,package b schdule.xls,INST,9,5,high,CRS,0
INSTRUMENT CABLE BLOCK DIAGRAM - QW-61,6569-40-230-D1378-024-01,58-71-49-1621,1,INST,Drawings,Drawings,package b schdule.xls,INST,8,4,medium,CRS,0
FIRE AND GAS DETECTOR LAYOUT  - QW-61,6569-40-230-D1378-025-01,58-71-45-1605,,INST,Drawings,Drawings,package b schdule.xls,HSE,5,5,high,CRS,0
INSTRUMENT LOOP DRAWINGS - QW-88,6569-40-230-D1378-026-01,58-71-41-1606,,INST,Drawings,Drawings,package b schdule.xls,INST,4,4,medium,CRS,0
INSTRUMENT JB INTERCONNECTION / TERMINATION DRAWINGS - QW-88,6569-40-230-D1378-027-01,58-71-47-1606,1,INST,Drawings,Drawings,package b schdule.xls,INST,4,4,medium,CRS,0
INSTRUMENT AND TELECOM CABLE ROUTING / TRENCH LAYOUT  - QW-88,6569-40-230-D1378-028-01,58-71-49-1606,B,INST,Drawings,Drawings,package b schdule.xls,INST,9,5,high,CRS,0
INSTRUMENT CABLE BLOCK DIAGRAM - QW-88,6569-40-230-D1378-029-01,58-71-49-1622,1,INST,Drawings,Drawings,package b schdule.xls,INST,8,4,medium,CRS,0
FIRE AND GAS DETECTOR LAYOUT  - QW-88,6569-40-230-D1378-030-01,58-71-45-1606,,INST,Drawings,Drawings,package b schdule.xls,HSE,5,5,high,CRS,0
INSTRUMENT LOOP DRAWINGS - QW-87,6569-40-230-D1378-031-01,58-71-41-1607,,INST,Drawings,Drawings,package b schdule.xls,INST,4,4,medium,CRS,0
INSTRUMENT TERMINATION DIGRAMS (QUSAHWIRA AREA SB-087 WELL),6569-40-230-D1378-032-01,58-71-47-1607,A,INST,Drawings,Drawings,package b schdule.xls,INST,4,4,medium,CRS,0
INSTRUMENT AND TELECOM CABLE ROUTING / TRENCH LAYOUT  - QW-87,6569-40-230-D1378-033-01,58-71-49-1607,B,INST,Drawings,Drawings,package b schdule.xls,INST,9,5,high,CRS,0
INSTRUMENT CABLE BLOCK DIAGRAM - QW-87,6569-40-230-D1378-034-01,58-71-49-1623,1,INST,Drawings,Drawings,package b schdule.xls,INST,8,4,medium,CRS,0
FIRE AND GAS DETECTOR LAYOUT  - QW-87,6569-40-230-D1378-035-01,58-71-45-1607,,INST,Drawings,Drawings,package b schdule.xls,HSE,5,5,high,CRS,0
INSTRUMENT LOOP DRAWING (RTU SIGNALS (QUSAHWIRA AREA QW-089 WELL) (OIL PRODUCER WELL),6569-40-230-D1378-036-01,58-71-41-1608,A,INST,Drawings,Drawings,package b schdule.xls,INST,4,4,medium,CRS,0
INSTRUMENT TERMINATION DIAGRAMS QUSAHWIRA AREA SB-089 WELL),6569-40-230-D1378-037-01,58-71-47-1608,A,INST,Drawings,Drawings,package b schdule.xls,INST,4,4,medium,CRS,0
INSTRUMENT AND TELECOM CABLE ROUTING / TRENCH LAYOUT  - QW-89,6569-40-230-D1378-038-01,58-71-49-1608,,INST,Drawings,Drawings,package b schdule.xls,INST,9,5,high,CRS,0
INSTRUMENT CABLE BLOCK DIAGRAM - QW-89,6569-40-230-D1378-039-01,58-71-49-1624,1,INST,Drawings,Drawings,package b schdule.xls,INST,8,4,medium,CRS,0
FIRE AND GAS DETECTOR LAYOUT  - QW-89,6569-40-230-D1378-040-01,58-71-45-1608,,INST,Drawings,Drawings,package b schdule.xls,HSE,5,5,high,CRS,0
INSTRUMENT LOOP DRAWINGS - QW-77,6569-40-230-D1378-041-01,58-71-41-1609,,INST,Drawings,Drawings,package b schdule.xls,INST,4,4,medium,CRS,0
INSTRUMENT JB INTERCONNECTION / TERMINATION DRAWINGS - QW-77,6569-40-230-D1378-042-01,58-71-47-1609,,INST,Drawings,Drawings,package b schdule.xls,INST,4,4,medium,CRS,0
INSTRUMENT AND TELECOM CABLE ROUTING / TRENCH LAYOUT  - QW-77,6569-40-230-D1378-043-01,58-71-49-1609,,INST,Drawings,Drawings,package b schdule.xls,INST,9,5,high,CRS,0
INSTRUMENT CABLE BLOCK DIAGRAM - QW-77,6569-40-230-D1378-044-01,58-71-49-1625,,INST,Drawings,Drawings,package b schdule.xls,INST,8,4,medium,CRS,0
FIRE AND GAS DETECTOR LAYOUT  - QW-77,6569-40-230-D1378-045-01,58-71-45-1609,,INST,Drawings,Drawings,package b schdule.xls,HSE,5,5,high,CRS,0
INSTRUMENT LOOP DRAWINGS - QW-XX,6569-40-230-D1378-046-01,58-71-41-1610,,INST,Drawings,Drawings,package b schdule.xls,INST,4,4,medium,CRS,0
INSTRUMENT JB INTERCONNECTION / TERMINATION DRAWINGS - QW-XX,6569-40-230-D1378-047-01,58-71-47-1610,,INST,Drawings,Drawings,package b schdule.xls,INST,4,4,medium,CRS,0
INSTRUMENT AND TELECOM CABLE ROUTING / TRENCH LAYOUT  - QW-XX,6569-40-230-D1378-048-01,58-71-49-1610,,INST,Drawings,Drawings,package b schdule.xls,INST,9,5,high,CRS,0
INSTRUMENT CABLE BLOCK DIAGRAM - QW-XX,6569-40-230-D1378-049-01,58-71-49-1626,A,INST,Drawings,Drawings,package b schdule.xls,INST,8,4,medium,CRS,0
FIRE AND GAS DETECTOR LAYOUT  - QW-XX,6569-40-230-D1378-050-01,58-71-45-1610,,INST,Drawings,Drawings,package b schdule.xls,HSE,5,5,high,CRS,0
INSTRUMENT LOOP DRAWINGS - QW-XX,6569-40-230-D1378-051-01,58-71-41-1611,,INST,Drawings,Drawings,package b schdule.xls,INST,4,4,medium,CRS,0
INSTRUMENT JB INTERCONNECTION / TERMINATION DRAWINGS - QW-XX,6569-40-230-D1378-052-01,58-71-47-1611,,INST,Drawings,Drawings,package b schdule.xls,INST,4,4,medium,CRS,0
INSTRUMENT AND TELECOM CABLE ROUTING / TRENCH LAYOUT  - QW-XX,6569-40-230-D1378-053-01,58-71-49-1611,,INST,Drawings,Drawings,package b schdule.xls,INST,9,5,high,CRS,0
INSTRUMENT CABLE BLOCK DIAGRAM - QW-XX,6569-40-230-D1378-054-01,58-71-49-1627,A,INST,Drawings,Drawings,package b schdule.xls,INST,8,4,medium,CRS,0
FIRE AND GAS DETECTOR LAYOUT  - QW-XX,6569-40-230-D1378-055-01,58-71-45-1611,,INST,Drawings,Drawings,package b schdule.xls,HSE,5,5,high,CRS,0
INSTRUMENT LOCATION LAYOUT SY-080 WELL,6569-40-230-D1378-056-01,58-71-44-1601,B,INST,Drawings,Drawings,package b schdule.xls,INST,5,5,high,CRS,0
INSTRUMENT LOCATION LAYOUT - QW-85,6569-40-230-D1378-057-01,58-71-44-1602,1,INST,Drawings,Drawings,package b schdule.xls,INST,5,5,high,CRS,0
INSTRUMENT LOCATION LAYOUT QW-082 WELL,6569-40-230-D1378-058-01,58-71-44-1603,B,INST,Drawings,Drawings,package b schdule.xls,INST,5,5,high,CRS,0
INSTRUMENT LOCATION LAYOUT - QW-90,6569-40-230-D1378-059-01,58-71-44-1604,1,INST,Drawings,Drawings,package b schdule.xls,INST,5,5,high,CRS,0
INSTRUMENT LOCATION LAYOUT - QW-61,6569-40-230-D1378-060-01,58-71-44-1605,1,INST,Drawings,Drawings,package b schdule.xls,INST,5,5,high,CRS,0
INSTRUMENT LOCATION LAYOUT - QW-88,6569-40-230-D1378-061-01,58-71-44-1606,1,INST,Drawings,Drawings,package b schdule.xls,INST,5,5,high,CRS,0
INSTRUMENT LOCATION LAYOUT - QW-87,6569-40-230-D1378-062-01,58-71-44-1607,1,INST,Drawings,Drawings,package b schdule.xls,INST,5,5,high,CRS,0
INSTRUMENT LOCATION LAYOUT - QW-89,6569-40-230-D1378-063-01,58-71-44-1608,,INST,Drawings,Drawings,package b schdule.xls,INST,5,5,high,CRS,0
INSTRUMENT LOCATION LAYOUT - QW-77,6569-40-230-D1378-064-01,58-71-44-1609,,INST,Drawings,Drawings,package b schdule.xls,INST,5,5,high,CRS,0
INSTRUMENT LOCATION LAYOUT - QW-XX,6569-40-230-D1378-065-01,58-71-44-1610,,INST,Drawings,Drawings,package b schdule.xls,INST,5,5,high,CRS,0
INSTRUMENT LOCATION LAYOUT - QW-XX,6569-40-230-D1378-066-01,58-71-44-1611,,INST,Drawings,Drawings,package b schdule.xls,INST,5,5,high,CRS,0
INSTRUMENT LOCATION LAYOUT - QW-57,6569-40-230-D1378-067-01,58-71-44-1612,B,INST,Drawings,Drawings,package b schdule.xls,INST,5,5,high,CRS,0
INSTRUMENT LOCATION LAYOUT - QW-66,6569-40-230-D1378-068-01,58-71-44-1613,,INST,Drawings,Drawings,package b schdule.xls,INST,5,5,high,CRS,0
INSTRUMENT LOCATION LAYOUT - QW-59,6569-40-230-D1378-069-01,58-71-44-1614,B,INST,Drawings,Drawings,package b schdule.xls,INST,5,5,high,CRS,0
INSTRUMENT LOCATION LAYOUT - QW-91,6569-40-230-D1378-070-01,58-71-44-1615,B,INST,Drawings,Drawings,package b schdule.xls,INST,5,5,high,CRS,0
INSTRUMENT LOCATION LAYOUT - QW-83,6569-40-230-D1378-071-01,58-71-44-1616,,INST,Drawings,Drawings,package b schdule.xls,INST,5,5,high,CRS,0
HAZARDOUS AREA CLASSIFICATION LAYOUT OIL PRODUCER WELL  - QUSAHWIRA (TYPICAL),6569-40-230-D1380-001-01,58-71-01-1601,1,ELEC,Drawings,Drawings,package b schdule.xls,,10,5,high,CRS,0
HAZARDOUS AREA LAYOUT- WATER INJECTION WELL (TYPICAL),6569-40-230-D1380-002-01,58-71-01-1602,,ELEC,Drawings,Drawings,package b schdule.xls,,10,5,high,CRS,0
SINGLE LINE DIAGRAM OF SOLAR POWER SYSTEM OIL PRODUCTION WELL,6569-40-230-D1381-001-01,58-71-56-1601,,ELEC,Drawings,Drawings,package b schdule.xls,,8,4,medium,CRS,0
ELECTRICAL CABLE ROUTING / TRENCH LAYOUT WELLHEAD OIL PRODUCER SINGLE COMPLETION OIL WELL QW-85,6569-40-230-D1382-001-01,58-71-59-1601,,ELEC,Drawings,Drawings,package b schdule.xls,,9,5,high,CRS,0
ELECTRICAL CABLE ROUTING / TRENCH LAYOUT SINGLE COMPLETION PRODUCTION OIL WELL QW-080,6569-40-230-D1382-002-01,58-71-59-1602,A,ELEC,Drawings,Drawings,package b schdule.xls,,9,5,high,CRS,0
ELECTRICAL CABLE ROUTING / TRENCH LAYOUT WELLHEAD OIL PRODUCER SINGLE COMPLETION OIL WELL QW-82,6569-40-230-D1382-003-01,58-71-59-1603,,ELEC,Drawings,Drawings,package b schdule.xls,,9,5,high,CRS,0
ELECTRICAL CABLE ROUTING / TRENCH LAYOUT WELLHEAD OIL PRODUCER SINGLE COMPLETION OIL WELL QW-90,6569-40-230-D1382-004-01,58-71-59-1604,B,ELEC,Drawings,Drawings,package b schdule.xls,,9,5,high,CRS,0
ELECTRICAL CABLE ROUTING / TRENCH LAYOUT SINGLE COMPLETION PRODUCTION OIL WELL QW-061,6569-40-230-D1382-005-01,58-71-59-1605,B,ELEC,Drawings,Drawings,package b schdule.xls,,9,5,high,CRS,0
ELECTRICAL CABLE ROUTING / TRENCH LAYOUT SINGLE COMPLETION PRODUCTION OIL WELL QW-061,6569-40-230-D1382-005-02,58-71-59-1605,B,ELEC,Drawings,Drawings,package b schdule.xls,,9,5,high,CRS,0
ELECTRICAL CABLE ROUTING / TRENCH LAYOUT SINGLE COMPLETION PRODUCTION OIL WELL QW-088,6569-40-230-D1382-006-01,58-71-59-1606,B,ELEC,Drawings,Drawings,package b schdule.xls,,9,5,high,CRS,0
ELECTRICAL CABLE ROUTING / TRENCH LAYOUT SINGLE COMPLETION PRODUCTION OIL WELL QW-088,6569-40-230-D1382-006-02,58-71-59-1606,B,ELEC,Drawings,Drawings,package b schdule.xls,,9,5,high,CRS,0
ELECTRICAL CABLE ROUTING / TRENCH LAYOUT SINGLE COMPLETION PRODUCTION OIL WELL QW-087,6569-40-230-D1382-007-01,58-71-59-1607,B,ELEC,Drawings,Drawings,package b schdule.xls,,9,5,high,CRS,0
ELECTRICAL CABLE ROUTING / TRENCH LAYOUT SINGLE COMPLETION PRODUCTION OIL WELL QW-087,6569-40-230-D1382-007-02,58-71-59-1607,B,ELEC,Drawings,Drawings,package b schdule.xls,,9,5,high,CRS,0
ELECTRICAL CABLE ROUTING / TRENCH LAYOUT WELLHEAD OIL PRODUCER SINGLE COMPLETION OIL WELL QW-89,6569-40-230-D1382-008-01,58-71-59-1608,,ELEC,Drawings,Drawings,package b schdule.xls,,9,5,high,CRS,0
ELECTRICAL CABLE ROUTING / TRENCH LAYOUT WELLHEAD OIL PRODUCER SINGLE COMPLETION OIL WELL QW-044,6569-40-230-D1382-009-01,58-71-59-1609,,ELEC,Drawings,Drawings,package b schdule.xls,,9,5,high,CRS,0
ELECTRICAL CABLE ROUTING / TRENCH LAYOUT WELLHEAD OIL PRODUCER SINGLE COMPLETION OIL WELL QW-202,6569-40-230-D1382-010-01,58-71-59-1610,,ELEC,Drawings,Drawings,package b schdule.xls,,9,5,high,CRS,0
ELECTRICAL CABLE ROUTING / TRENCH LAYOUT WELLHEAD OIL PRODUCER SINGLE COMPLETION OIL WELL QW-72,6569-40-230-D1382-011-01,58-71-59-1611,,ELEC,Drawings,Drawings,package b schdule.xls,,9,5,high,CRS,0
EARTHING LAYOUT WELLHEAD OIL PRODUCER SINGLE COMPLETION OIL WELL  QW-85,6569-40-230-D1384-001-01,58-71-59-1612,,ELEC,Drawings,Drawings,package b schdule.xls,ELEC,5,5,high,CRS,0
EARTHING LAYOUT SINGLE COMPLETION PRODUCTION OIL WELL QW-080,6569-40-230-D1384-002-01,58-71-59-1613,A,ELEC,Drawings,Drawings,package b schdule.xls,ELEC,5,5,high,CRS,0
EARTHING LAYOUT WELLHEAD OIL PRODUCER SINGLE COMPLETION OIL WELL QW-82,6569-40-230-D1384-003-01,58-71-59-1614,,ELEC,Drawings,Drawings,package b schdule.xls,ELEC,5,5,high,CRS,0
EARTHING LAYOUT WELLHEAD OIL PRODUCER SINGLE COMPLETION OIL WELL QW-90,6569-40-230-D1384-004-01,58-71-59-1615,B,ELEC,Drawings,Drawings,package b schdule.xls,ELEC,5,5,high,CRS,0
EARTHING LAYOUT SINGLE COMPLETION PRODUCTION OIL WELL QW-061,6569-40-230-D1384-005-01,58-71-59-1616,B,ELEC,Drawings,Drawings,package b schdule.xls,ELEC,5,5,high,CRS,0
EARTHING LAYOUT SINGLE COMPLETION PRODUCTION OIL WELL QW-061,6569-40-230-D1384-005-02,58-71-59-1616,B,ELEC,Drawings,Drawings,package b schdule.xls,ELEC,5,5,high,CRS,0
EARTHING LAYOUT SINGLE COMPLETION PRODUCTION OIL WELL QW-088,6569-40-230-D1384-006-01,58-71-59-1617,B,ELEC,Drawings,Drawings,package b schdule.xls,ELEC,5,5,high,CRS,0
EARTHING LAYOUT SINGLE COMPLETION PRODUCTION OIL WELL QW-088,6569-40-230-D1384-006-02,58-71-59-1617,B,ELEC,Drawings,Drawings,package b schdule.xls,ELEC,5,5,high,CRS,0
EARTHING LAYOUT SINGLE PRODUCTION OIL WELL QW-087,6569-40-230-D1384-007-01,58-71-59-1618,B,ELEC,Drawings,Drawings,package b schdule.xls,ELEC,5,5,high,CRS,0
EARTHING LAYOUT SINGLE PRODUCTION OIL WELL QW-087,6569-40-230-D1384-007-02,58-71-59-1618,B,ELEC,Drawings,Drawings,package b schdule.xls,ELEC,5,5,high,CRS,0
EARTHING LAYOUT WELLHEAD OIL PRODUCER SINGLE COMPLETION OIL WELL QW-89,6569-40-230-D1384-008-01,58-71-59-1619,,ELEC,Drawings,Drawings,package b schdule.xls,ELEC,5,5,high,CRS,0
EARTHING LAYOUT WELLHEAD OIL PRODUCER SINGLE COMPLETION OIL WELL QW-044,6569-40-230-D1384-009-01,58-71-59-1620,,ELEC,Drawings,Drawings,package b schdule.xls,ELEC,5,5,high,CRS,0
EARTHING LAYOUT WELLHEAD OIL PRODUCER SINGLE COMPLETION OIL WELL QW-202,6569-40-230-D1384-010-01,58-71-59-1621,,ELEC,Drawings,Drawings,package b schdule.xls,ELEC,5,5,high,CRS,0
EARTHING LAYOUT WELLHEAD OIL PRODUCER SINGLE COMPLETION OIL WELL QW-72,6569-40-230-D1384-011-01,58-71-59-1622,,ELEC,Drawings,Drawings,package b schdule.xls,ELEC,5,5,high,CRS,0
EARTHING LAYOUT SINGLE COMPLETION PRODUCTION OIL WELL QW-202,6569-40-230-D1384-012-01,5-71-59-1621,,ELEC,Drawings,Drawings,package b schdule.xls,ELEC,5,5,high,CRS,0
EARTHING LAYOUT SINGLE COMPLETION PRODUCTION OIL WELL QW-202,6569-40-230-D1384-012-02,5-71-59-1621,,ELEC,Drawings,Drawings,package b schdule.xls,ELEC,5,5,high,CRS,0
TELECOM CABLE ROUTING LAYOUT WELLHEAD OIL PRODUCER SINGLE COMPLETION OIL WELL QW-85,6569-40-230-D1386-001-01,58-71-71-1601,,ELEC,Drawings,Drawings,package b schdule.xls,,9,5,high,CRS,0
TELECOM CABLE ROUTING LAYOUT WELLHEAD OIL PRODUCER SINGLE COMPLETION OIL WELL QW-80,6569-40-230-D1386-002-01,58-71-71-1602,,ELEC,Drawings,Drawings,package b schdule.xls,,9,5,high,CRS,0
TELECOM CABLE ROUTING LAYOUT WELLHEAD OIL PRODUCER SINGLE COMPLETION OIL WELL QW-82,6569-40-230-D1386-003-01,58-71-71-1603,,ELEC,Drawings,Drawings,package b schdule.xls,,9,5,high,CRS,0
TELECOM CABLE ROUTING LAYOUT WELLHEAD OIL PRODUCER SINGLE COMPLETION OIL WELL QW-90,6569-40-230-D1386-004-01,58-71-71-1604,,ELEC,Drawings,Drawings,package b schdule.xls,,9,5,high,CRS,0
TELECOM CABLE ROUTING LAYOUT WELLHEAD OIL PRODUCER SINGLE COMPLETION OIL WELL QW-61,6569-40-230-D1386-005-01,58-71-71-1605,,ELEC,Drawings,Drawings,package b schdule.xls,,9,5,high,CRS,0
TELECOM CABLE ROUTING LAYOUT WELLHEAD OIL PRODUCER SINGLE COMPLETION OIL WELL QW-88,6569-40-230-D1386-006-01,58-71-71-1606,,ELEC,Drawings,Drawings,package b schdule.xls,,9,5,high,CRS,0
TELECOM CABLE ROUTING LAYOUT WELLHEAD OIL PRODUCER SINGLE COMPLETION OIL WELL QW-87,6569-40-230-D1386-007-01,58-71-71-1607,,ELEC,Drawings,Drawings,package b schdule.xls,,9,5,high,CRS,0
TELECOM CABLE ROUTING LAYOUT WELLHEAD OIL PRODUCER SINGLE COMPLETION OIL WELL QW-89,6569-40-230-D1386-008-01,58-71-71-1608,,ELEC,Drawings,Drawings,package b schdule.xls,,9,5,high,CRS,0
TELECOM CABLE ROUTING LAYOUT WELLHEAD OIL PRODUCER SINGLE COMPLETION OIL WELL QW-77,6569-40-230-D1386-009-01,58-71-71-1609,,ELEC,Drawings,Drawings,package b schdule.xls,,9,5,high,CRS,0
TELECOM CABLE ROUTING LAYOUT WELLHEAD OIL PRODUCER SINGLE COMPLETION OIL WELL QW-202,6569-40-230-D1386-010-01,58-71-71-1610,,ELEC,Drawings,Drawings,package b schdule.xls,,9,5,high,CRS,0
TELECOM CABLE ROUTING LAYOUT WELLHEAD OIL PRODUCER SINGLE COMPLETION OIL WELL QW-72,6569-40-230-D1386-011-01,58-71-71-1611,,ELEC,Drawings,Drawings,package b schdule.xls,,9,5,high,CRS,0
PIPING ISOMETRICS INDEX FOR OIL PRODUCER WELLHEAD Qw-085,6569-40-230-J1362-001-01,58-70-15-1601,,PIPNG,Drawings,Isometrics,package b schdule.xls,PIPNG,5,5,high,Lists_MTOs_BOMs,3
PIPING ISOMETRICS FOR NATURAL OIL PRODUCER WELL QW-80 FOR QUSAHWIRA FIELD,6569-40-230-J1362-002-01,58-71-15-1616,,PIPNG,Drawings,Isometrics,package b schdule.xls,PIPNG,5,5,high,CRS,0
PIPING ISOMETRICS INDEX FOR OIL PRODUCER WELLHEAD Qw-082,6569-40-230-J1362-003-01,58-70-15-1603,,PIPNG,Drawings,Isometrics,package b schdule.xls,PIPNG,5,5,high,Lists_MTOs_BOMs,3
PIPING ISOMETRICS FOR OIL PRODUCER WELLHEAD Qw-090,6569-40-230-J1362-004-01,58-70-15-1604,,PIPNG,Drawings,Isometrics,package b schdule.xls,PIPNG,5,5,high,CRS,0
PIPING ISOMETRICS FOR OIL PRODUCER WELLHEAD Qw-061,6569-40-230-J1362-005-01,58-70-15-1605,,PIPNG,Drawings,Isometrics,package b schdule.xls,PIPNG,5,5,high,CRS,0
PIPING ISOMETRICS INDEX FOR OIL PRODUCER WELLHEAD Qw-088,6569-40-230-J1362-006-01,58-70-15-1606,,PIPNG,Drawings,Isometrics,package b schdule.xls,PIPNG,5,5,high,Lists_MTOs_BOMs,3
PIPING ISOMETRICS INDEX FOR OIL PRODUCER WELLHEAD Qw-087,6569-40-230-J1362-007-01,58-70-15-1607,,PIPNG,Drawings,Isometrics,package b schdule.xls,PIPNG,5,5,high,Lists_MTOs_BOMs,3
PIPING ISOMETRICS FOR OIL PRODUCER WELLHEAD Qw-089,6569-40-230-J1362-008-01,58-70-15-1608,,PIPNG,Drawings,Isometrics,package b schdule.xls,PIPNG,5,5,high,CRS,0
PIPING ISOMETRICS FOR NATURAL OIL PRODUCER WELL QW-77 FOR QUSAHWIRA FIELD,6569-40-230-J1362-009-01,58-71-15-1721,,PIPNG,Drawings,Isometrics,package b schdule.xls,PIPNG,5,5,high,CRS,0
PIPING ISOMETRICS FOR NATURAL OIL PRODUCER WELL QW-XX FOR QUSAHWIRA FIELD,6569-40-230-J1362-010-01,58-71-15-1736,,PIPNG,Drawings,Isometrics,package b schdule.xls,PIPNG,5,5,high,CRS,0
PIPING ISOMETRICS FOR NATURAL OIL PRODUCER WELL QW-XX FOR QUSAHWIRA FIELD,6569-40-230-J1362-011-01,58-71-15-1751,,PIPNG,Drawings,Isometrics,package b schdule.xls,PIPNG,5,5,high,CRS,0
GENERAL ARRANGEMENT PIPING SECTION –A SINGLE COMPLETION PRODUCTION OIL WELL QW-202 QUSAHWIRA FIELD,6569-40-230-M1362-001-01,58-71-21-1617,,PIPNG,Drawings,Drawings,package b schdule.xls,PIPNG,9,5,high,CRS,0
GENERAL ARRANGEMENT PIPING SECTION –B SINGLE COMPLETION PRODUCTION OIL WELL QW-202 QUSAHWIRA FIELD,6569-40-230-M1362-002-01,58-71-21-1618,,PIPNG,Drawings,Drawings,package b schdule.xls,PIPNG,9,5,high,CRS,0
PIPELINE ALIGNMENTS SHEET OF FLOWLINE FOR  OP WELL QW-85 FOR QUSAHWIRA FIELD.,6569-40-230-M1366-001-01,58-78-22-1601,,PIPNG,Drawings,Drawings,package b schdule.xls,,10,5,high,CRS,0
PIPELINE ALIGNMENTS SHEET OF FLOWLINE FOR  OP WELL QW-80 FOR QUSAHWIRA FIELD.,6569-40-230-M1366-002-01,58-78-22-1602,,PIPNG,Drawings,Drawings,package b schdule.xls,,10,5,high,CRS,0
PIPELINE ALIGNMENTS SHEET OF FLOWLINE FOR OP  WELL QW-82 FOR QUSAHWIRA FIELD.,6569-40-230-M1366-003-01,58-78-22-1603,,PIPNG,Drawings,Drawings,package b schdule.xls,,10,5,high,CRS,0
PIPELINE ALIGNMENTS SHEET OF FLOWLINE FOR OP  WELL QW-90 FOR QUSAHWIRA FIELD.,6569-40-230-M1366-004-01,58-78-22-1604,,PIPNG,Drawings,Drawings,package b schdule.xls,,10,5,high,CRS,0
PIPELINE ALIGNMENTS SHEET OF FLOWLINE FOR OP WELL QW-61 FOR QUSAHWIRA FIELD.,6569-40-230-M1366-005-01,58-78-22-1605,,PIPNG,Drawings,Drawings,package b schdule.xls,,10,5,high,CRS,0
PIPELINE ALIGNMENTS SHEET OF FLOWLINE FOR OP WELL QW-88 FOR QUSAHWIRA FIELD.,6569-40-230-M1366-006-01,58-78-22-1606,,PIPNG,Drawings,Drawings,package b schdule.xls,,10,5,high,CRS,0
PIPELINE ALIGNMENTS SHEET OF FLOWLINE FOR OP WELL QW-87 FOR QUSAHWIRA FIELD.,6569-40-230-M1366-007-01,58-78-22-1607,,PIPNG,Drawings,Drawings,package b schdule.xls,,10,5,high,CRS,0
PIPELINE ALIGNMENTS SHEET OF FLOWLINE FOR OP WELL QW-89 FOR QUSAHWIRA FIELD.,6569-40-230-M1366-008-01,58-78-22-1608,,PIPNG,Drawings,Drawings,package b schdule.xls,,10,5,high,CRS,0
PIPELINE ALIGNMENTS SHEET OF FLOWLINE FOR OP WELL QW-77 FOR QUSAHWIRA FIELD.,6569-40-230-M1366-009-01,58-78-22-1609,,PIPNG,Drawings,Drawings,package b schdule.xls,,10,5,high,CRS,0
PIPELINE ALIGNMENTS SHEET OF FLOWLINE FOR OP WELL QW-XX FOR QUSAHWIRA FIELD.,6569-40-230-M1366-010-01,58-78-22-1610,,PIPNG,Drawings,Drawings,package b schdule.xls,,10,5,high,CRS,0
PIPELINE ALIGNMENTS SHEET OF FLOWLINE FOR OP WELL QW-072 FOR QUSAHWIRA FIELD.,6569-40-230-M1366-011-01,58-78-22-1611,,PIPNG,Drawings,Drawings,package b schdule.xls,,10,5,high,CRS,0
MATERIAL REQUISITION FOR SAFETY EQUIPMENT AND WIND SOCKS,6569-40-230-R1247-001-01,30-99-89-1601,,ENGG HSE,Documents,Documents,package b schdule.xls,HSE,10,5,high,CRS,0
MR FOR SAFETY SIGNS,6569-40-230-R1247-002-01,58-71-89-1604,,ENGG HSE,Documents,Documents,package b schdule.xls,HSE,4,4,medium,CRS,0
DATA SHEET OF SAFETY EQUIPMENT,6569-40-230-S1241-001-01,58-71-89-1601,,ENGG HSE,Documents,Datasheets,package b schdule.xls,HSE,5,5,high,CRS,0
DATA SHEET OF SAFETY SIGNS,6569-40-230-S1241-002-01,58-71-85-1602,,ENGG HSE,Documents,Datasheets,package b schdule.xls,HSE,5,5,high,CRS,0
INSTRUMENT INDEX QUSAHWIRA OIL PRODUCER WELL QW-080,6569-40-230-S1371-001-01,58-71-48-1617,B,INST,Documents,Lists_MTOs_BOMs,package b schdule.xls,INST,3,3,medium,CRS,0
INSTRUMENT I/O LIST QUSAHWIRA OIL PRODUCER WELL QW-080,6569-40-230-S1371-002-01,58-71-48-1633,B,INST,Documents,Lists_MTOs_BOMs,package b schdule.xls,INST,8,5,high,CRS,0
I/O LIST (F&G) - QW-80,6569-40-230-S1371-003-01,58-71-48-1649,,INST,Documents,Lists_MTOs_BOMs,package b schdule.xls,HSE,8,5,high,CRS,0
INSTRUMENT INDEX - QUSAHWIRA OIL PRODUCER WELL -85,6569-40-230-S1371-004-01,58-71-48-1618,1,INST,Documents,Lists_MTOs_BOMs,package b schdule.xls,INST,3,3,medium,CRS,0
INSTRUMENT I/O LIST QUSAHWIRA OIL PRODUCER WELL QW -085,6569-40-230-S1371-005-01,58-71-48-1634,1,INST,Documents,Lists_MTOs_BOMs,package b schdule.xls,INST,8,5,high,CRS,0
I/O LIST (F&G) - QW-85,6569-40-230-S1371-006-01,58-71-48-1650,,INST,Documents,Lists_MTOs_BOMs,package b schdule.xls,HSE,8,5,high,CRS,0
INSTRUMENT INDEX QUSAHWIRA OIL PRODUCER WELL QW-082,6569-40-230-S1371-007-01,58-71-48-1619,B,INST,Documents,Lists_MTOs_BOMs,package b schdule.xls,INST,3,3,medium,CRS,0
INSTRUMENT I/O LIST QUSAHWIRA OIL PRODUCER WELL QW-082,6569-40-230-S1371-008-01,58-71-48-1635,B,INST,Documents,Lists_MTOs_BOMs,package b schdule.xls,INST,8,5,high,CRS,0
I/O LIST (F&G) - QW-82,6569-40-230-S1371-009-01,58-71-48-1651,,INST,Documents,Lists_MTOs_BOMs,package b schdule.xls,HSE,8,5,high,CRS,0
INSTRUMENT INDEX QUSAHWIRA OIL PRODUCER WELL QW-090,6569-40-230-S1371-010-01,58-71-48-1620,1,INST,Documents,Lists_MTOs_BOMs,package b schdule.xls,INST,3,3,medium,CRS,0
I/O LIST (F&G) - QW-90,6569-40-230-S1371-011-01,58-71-48-1652,,INST,Documents,Lists_MTOs_BOMs,package b schdule.xls,HSE,8,5,high,CRS,0
INSTRUMENT I/O LIST QUSAHWIRA OIL PRODUCER WELL QW-090,6569-40-230-S1371-012-01,58-71-48-1636,1,INST,Documents,Lists_MTOs_BOMs,package b schdule.xls,INST,8,5,high,CRS,0
INSTRUMENT INDEX - QUSAHWIRA OIL PRODUCER WELL-061,6569-40-230-S1371-013-01,58-71-48-1621,1,INST,Documents,Lists_MTOs_BOMs,package b schdule.xls,INST,3,3,medium,CRS,0
INSTRUMENT I/O LIST QUSAHWIRA OIL PRODUCER WELL QW-061,6569-40-230-S1371-014-01,58-71-48-1637,1,INST,Documents,Lists_MTOs_BOMs,package b schdule.xls,INST,8,5,high,CRS,0
I/O LIST (F&G) - QW-61,6569-40-230-S1371-015-01,58-71-48-1653,,INST,Documents,Lists_MTOs_BOMs,package b schdule.xls,HSE,8,5,high,CRS,0
INSTRUMENT INDEX QUSAHWIRA OIL PRODUCER WELL-088,6569-40-230-S1371-016-01,58-71-48-1622,1,INST,Documents,Lists_MTOs_BOMs,package b schdule.xls,INST,3,3,medium,CRS,0
INSTRUMENT I/O LIST QUSAHWIRA OIL PRODUCER WELL QW-088,6569-40-230-S1371-017-01,58-71-48-1638,1,INST,Documents,Lists_MTOs_BOMs,package b schdule.xls,INST,8,5,high,CRS,0
I/O LIST (F&G) - QW-88,6569-40-230-S1371-018-01,58-71-48-1654,,INST,Documents,Lists_MTOs_BOMs,package b schdule.xls,HSE,8,5,high,CRS,0
INSTRUMENT INDEX  QUSAHWIRA OIL PRODUCER WELL QW-087,6569-40-230-S1371-019-01,58-71-48-1623,1,INST,Documents,Lists_MTOs_BOMs,package b schdule.xls,INST,3,3,medium,CRS,0
INSTRUMENT I/O LIST QUSAHWIRA OIL PRODUCER WEL QW-087,6569-40-230-S1371-020-01,58-71-48-1639,1,INST,Documents,Lists_MTOs_BOMs,package b schdule.xls,INST,8,5,high,CRS,0
I/O LIST (F&G) - QW-87,6569-40-230-S1371-021-01,58-71-48-1655,,INST,Documents,Lists_MTOs_BOMs,package b schdule.xls,HSE,8,5,high,CRS,0
INSTRUMENT INDEX QUSAHWIRA OIL PRODUCER WELL QW-089,6569-40-230-S1371-022-01,58-71-48-1624,B,INST,Documents,Lists_MTOs_BOMs,package b schdule.xls,INST,3,3,medium,CRS,0
INSTRUMENT I/O LIST QUSAHWIRA OIL PRODUCER WELL QW-089,6569-40-230-S1371-023-01,58-71-48-1640,B,INST,Documents,Lists_MTOs_BOMs,package b schdule.xls,INST,8,5,high,CRS,0
I/O LIST (F&G) - QW-89,6569-40-230-S1371-024-01,58-71-48-1656,,INST,Documents,Lists_MTOs_BOMs,package b schdule.xls,HSE,8,5,high,CRS,0
INSTRUMENT INDEX QUSAHWIRA OIL PRODUCER WELL QW-044,6569-40-230-S1371-025-01,58-71-48-1625,B,INST,Documents,Lists_MTOs_BOMs,package b schdule.xls,INST,3,3,medium,CRS,0
INSTRUMENT I/O LIST QUSAHWIRA OIL PRODUCER WELL QW-044,6569-40-230-S1371-026-01,58-71-48-1641,B,INST,Documents,Lists_MTOs_BOMs,package b schdule.xls,INST,8,5,high,CRS,0
I/O LIST (F&G) - QW-77,6569-40-230-S1371-027-01,58-71-48-1657,,INST,Documents,Lists_MTOs_BOMs,package b schdule.xls,HSE,8,5,high,CRS,0
INSTRUMENT INDEX QUSAHWIRA OIL PRODUCER WELL QW-202,6569-40-230-S1371-028-01,58-71-48-1626,B,INST,Documents,Lists_MTOs_BOMs,package b schdule.xls,INST,3,3,medium,CRS,0
INSTRUMENT I/O LIST QUSAHWIRA OIL PRODUCER WELL QW-202,6569-40-230-S1371-029-01,58-71-48-1642,B,INST,Documents,Lists_MTOs_BOMs,package b schdule.xls,INST,8,5,high,CRS,0
I/O LIST (F&G) - QW-XX,6569-40-230-S1371-030-01,58-71-48-1658,,INST,Documents,Lists_MTOs_BOMs,package b schdule.xls,HSE,8,5,high,CRS,0
INSTRUMENT INDEX QUSAHWIRA OIL PRODUCER WELL QW-202,6569-40-230-S1371-031-01,58-71-48-1627,B,INST,Documents,Lists_MTOs_BOMs,package b schdule.xls,INST,3,3,medium,CRS,0
INSTRUMENT I/O LIST QUSAHWIRA OIL PRODUCER WELL QW-072,6569-40-230-S1371-032-01,58-71-48-1643,B,INST,Documents,Lists_MTOs_BOMs,package b schdule.xls,INST,8,5,high,CRS,0
I/O LIST (F&G) - QW-XX,6569-40-230-S1371-033-01,58-71-48-1659,,INST,Documents,Lists_MTOs_BOMs,package b schdule.xls,HSE,8,5,high,CRS,0
INSTRUMENT JUNCTION BOX SCHEDULE - QW-80,6569-40-230-S1378-001-01,58-71-48-1661,1,INST,Drawings,Drawings,package b schdule.xls,INST,3,3,medium,Lists_MTOs_BOMs,2
INSTRUMENT CABLE SCHEDULE (QUSAHWIRA AREA QW-080 WELL),6569-40-230-S1378-002-01,58-71-48-1677,1,INST,Documents,Lists_MTOs_BOMs,package b schdule.xls,INST,2,2,low,CRS,0
INSTRUMENT JUNCTION BOX SCHEDULE - QW-85,6569-40-230-S1378-003-01,58-71-48-1662,1,INST,Drawings,Drawings,package b schdule.xls,INST,3,3,medium,Lists_MTOs_BOMs,2
INSTRUMENT CABLE SCHEDULE - QW-85,6569-40-230-S1378-004-01,58-71-48-1678,1,INST,Documents,Lists_MTOs_BOMs,package b schdule.xls,INST,2,2,low,CRS,0
INSTRUMENT JUNCTION BOX SCHEDULE - QW-82,6569-40-230-S1378-005-01,58-71-48-1663,1,INST,Drawings,Drawings,package b schdule.xls,INST,3,3,medium,Lists_MTOs_BOMs,2
INSTRUMENT CABLE SCHEDULE (QUSAHWIRA AREA QW-082 WELL),6569-40-230-S1378-006-01,58-71-48-1679,1,INST,Documents,Lists_MTOs_BOMs,package b schdule.xls,INST,2,2,low,CRS,0
INSTRUMENT JUNCTION BOX SCHEDULE - QW-90,6569-40-230-S1378-007-01,58-71-48-1664,1,INST,Drawings,Drawings,package b schdule.xls,INST,3,3,medium,Lists_MTOs_BOMs,2
INSTRUMENT CABLE SCHEDULE - QW-90,6569-40-230-S1378-008-01,58-71-48-1680,1,INST,Documents,Lists_MTOs_BOMs,package b schdule.xls,INST,2,2,low,CRS,0
INSTRUMENT JUNCTION BOX SCHEDULE - QW-61,6569-40-230-S1378-009-01,58-71-48-1665,1,INST,Drawings,Drawings,package b schdule.xls,INST,3,3,medium,Lists_MTOs_BOMs,2
INSTRUMENT CABLE SCHEDULE - QW-61,6569-40-230-S1378-010-01,58-71-48-1681,1,INST,Documents,Lists_MTOs_BOMs,package b schdule.xls,INST,2,2,low,CRS,0
INSTRUMENT JUNCTION BOX SCHEDULE - QW-88,6569-40-230-S1378-011-01,58-71-48-1666,1,INST,Drawings,Drawings,package b schdule.xls,INST,3,3,medium,Lists_MTOs_BOMs,2
INSTRUMENT CABLE SCHEDULE (QUSAHWIRA AREA QW-088 WELL),6569-40-230-S1378-012-01,58-71-48-1682,1,INST,Documents,Lists_MTOs_BOMs,package b schdule.xls,INST,2,2,low,CRS,0
INSTRUMENT JUNCTION BOX SCHEDULE - QW-87,6569-40-230-S1378-013-01,58-71-48-1667,1,INST,Drawings,Drawings,package b schdule.xls,INST,3,3,medium,Lists_MTOs_BOMs,2
INSTRUMENT CABLE SCHEDULE - QW-87,6569-40-230-S1378-014-01,58-71-48-1683,1,INST,Documents,Lists_MTOs_BOMs,package b schdule.xls,INST,2,2,low,CRS,0
INSTRUMENT JUNCTION BOX SCHEDULE (QUSAHWIRA AREA QW-089 WELL),6569-40-230-S1378-015-01,58-71-48-1668,1,INST,Drawings,Drawings,package b schdule.xls,INST,3,3,medium,Lists_MTOs_BOMs,2
INSTRUMENT CABLE SCHEDULE - (QUSAHWIRA AREA QW-089 WELL),6569-40-230-S1378-016-01,58-71-48-1684,B,INST,Documents,Lists_MTOs_BOMs,package b schdule.xls,INST,2,2,low,CRS,0
INSTRUMENT JUNCTION BOX SCHEDULE (QUSAHWIRA AREA QW-077 WELL),6569-40-230-S1378-017-01,58-71-48-1669,A,INST,Drawings,Drawings,package b schdule.xls,INST,3,3,medium,Lists_MTOs_BOMs,2
INSTRUMENT CABLE SCHEDULE (QUSAHWIRA AREA QW-077 WELL),6569-40-230-S1378-018-01,58-71-48-1685,A,INST,Documents,Lists_MTOs_BOMs,package b schdule.xls,INST,2,2,low,CRS,0
INSTRUMENT JUNCTION BOX SCHEDULE (QUSAHWIRA AREA QW-202 WELL),6569-40-230-S1378-019-01,58-71-48-1670,A,INST,Drawings,Drawings,package b schdule.xls,INST,3,3,medium,Lists_MTOs_BOMs,2
INSTRUMENT CABLE SCHEDULE (QUSAHWIRA AREA QW-202 WELL),6569-40-230-S1378-020-01,58-71-48-1686,A,INST,Documents,Lists_MTOs_BOMs,package b schdule.xls,INST,2,2,low,CRS,0
INSTRUMENT JUNCTION BOX SCHEDULE (QUSAHWIRA AREA QW-72 WELL),6569-40-230-S1378-021-01,58-71-48-1671,A,INST,Drawings,Drawings,package b schdule.xls,INST,3,3,medium,Lists_MTOs_BOMs,2
INSTRUMENT CABLE SCHEDULE - QW-XX,6569-40-230-S1378-022-01,58-71-48-1687,,INST,Documents,Lists_MTOs_BOMs,package b schdule.xls,INST,2,2,low,CRS,0
ELECTRICAL LOAD LIST - OIL PRODUCING WELL,6569-40-230-S1381-001-01,58-71-55-1601,1,ELEC,Documents,Lists_MTOs_BOMs,package b schdule.xls,,7,4,medium,CRS,0
DATASHEET FOR SOLAR POWER SYSTEM OF OIL PRODUCTION WELL,6569-40-230-S1381-002-01,58-71-54-1601,,ELEC,Documents,Datasheets,package b schdule.xls,,5,5,high,CRS,0
ELECTRICAL CABLE SCHEDULE - OIL PRODUCING WELLS,6569-40-230-S1382-001-01,58-71-63-1604,B,ELEC,Documents,Lists_MTOs_BOMs,package b schdule.xls,,2,2,low,CRS,0
SPECIFICATION FOR OIL CORROSION INHIBITOR INJECTION PACKAGES (QUSAHWIRA WELL HEAD),6569-40-230-S1392-001-01,58-99-24-1601,B,PACKAGE EQUIP,Documents,Specifications,package b schdule.xls,,5,5,high,CRS,0
DATA SHEET FOR OIL WELLHEAD CORROSION INHIBITOR INJECTION PACKAGES (QUSAHWIRA AREA),6569-40-230-S1392-003-01,58-99-27-1601,B,PACKAGE EQUIP,Documents,Datasheets,package b schdule.xls,,5,5,high,CRS,0
PIPING STRESS ANALYSIS REPORT FOR NATURAL OIL PRODUCER WELL QW-80 - QUSHAWIRA,6569-40-230-T1362-001-01,58-71-23-1602,,PIPNG,Documents,Reports,package b schdule.xls,PIPNG,5,5,high,Calculations,4
PIPING STRESS ANALYSIS REPORT FOR NATURAL OIL PRODUCER WELL QW-85 - QUSHAWIRA,6569-40-230-T1362-002-01,58-71-23-1601,,PIPNG,Documents,Reports,package b schdule.xls,PIPNG,5,5,high,Calculations,4
PIPING STRESS ANALYSIS REPORT FOR NATURAL OIL PRODUCER WELL QW-82 - QUSHAWIRA,6569-40-230-T1362-003-01,58-71-23-1603,,PIPNG,Documents,Reports,package b schdule.xls,PIPNG,5,5,high,Calculations,4
PIPING STRESS ANALYSIS REPORT FOR NATURAL OIL PRODUCER WELL QW-90- QUSHAWIRA,6569-40-230-T1362-004-01,58-71-23-1604,,PIPNG,Documents,Reports,package b schdule.xls,PIPNG,5,5,high,Calculations,4
PIPING STRESS ANALYSIS REPORT FOR NATURAL OIL PRODUCER WELL QW-61 - QUSHAWIRA,6569-40-230-T1362-005-01,58-71-23-1605,,PIPNG,Documents,Reports,package b schdule.xls,PIPNG,5,5,high,Calculations,4
PIPING STRESS ANALYSIS REPORT FOR NATURAL OIL PRODUCER WELL QW-88 - QUSHAWIRA,6569-40-230-T1362-006-01,58-71-23-1606,,PIPNG,Documents,Reports,package b schdule.xls,PIPNG,5,5,high,Calculations,4
PIPING STRESS ANALYSIS REPORT FOR NATURAL OIL PRODUCER WELL QW-87 - QUSHAWIRA,6569-40-230-T1362-007-01,58-71-23-1607,,PIPNG,Documents,Reports,package b schdule.xls,PIPNG,5,5,high,Calculations,4
PIPING STRESS ANALYSIS REPORT FOR NATURAL OIL PRODUCER WELL QW-89 - QUSHAWIRA,6569-40-230-T1362-008-01,58-71-23-1608,,PIPNG,Documents,Reports,package b schdule.xls,PIPNG,5,5,high,Calculations,4
PIPING STRESS ANALYSIS REPORT FOR NATURAL OIL PRODUCER WELL QW-77 - QUSHAWIRA,6569-40-230-T1362-009-01,58-71-23-1609,,PIPNG,Documents,Reports,package b schdule.xls,PIPNG,5,5,high,Calculations,4
PIPING STRESS ANALYSIS REPORT FOR NATURAL OIL PRODUCER WELL QW-XX - QUSHAWIRA,6569-40-230-T1362-010-01,58-71-23-1610,,PIPNG,Documents,Reports,package b schdule.xls,PIPNG,5,5,high,Calculations,4
PIPING STRESS ANALYSIS REPORT FOR NATURAL OIL PRODUCER WELL QW-XX-1 QUSHAWIRA,6569-40-230-T1362-011-01,58-71-23-1611,,PIPNG,Documents,Reports,package b schdule.xls,PIPNG,5,5,high,Calculations,4
INSTRUMENT BULK MTO (QUSAHWIRA AREA),6569-40-240-B1378-001-01,58-71-48-1612,A,INST,Documents,Lists_MTOs_BOMs,package b schdule.xls,INST,5,5,high,CRS,0
"MTO FOR POWER, CONTROL AND EARTHING CABLES - WATER INJECTION WELL",6569-40-240-B1382-001-01,58-71-63-1605,,ELEC,Documents,Lists_MTOs_BOMs,package b schdule.xls,ELEC,5,5,high,CRS,0
MTO FOR ELECTRICAL BULK MATERIAL - WATER INJECTION WELL,6569-40-240-B1382-002-01,58-71-63-1606,,ELEC,Documents,Lists_MTOs_BOMs,package b schdule.xls,,5,5,high,CRS,0
MTO FOR EARTHING MATERIAL - WATER INJECTION WELL,6569-40-240-B1384-001-01,58-71-63-1607,,ELEC,Documents,Lists_MTOs_BOMs,package b schdule.xls,ELEC,5,5,high,CRS,0
SOLAR SYSTEM SIZING - WATER INJECTION WELL,6569-40-240-C1381-001-01,58-71-67-1603,,ELEC,Documents,Calculations,package b schdule.xls,,3,3,medium,CRS,0
CABLE SIZING CALCULATION - WATER INJECTION WELL,6569-40-240-C1382-001-01,58-71-67-1604,,ELEC,Documents,Calculations,package b schdule.xls,,8,5,high,CRS,0
Piping & Instrument Diagram - Single Completion Water Injection Well QW-66 - Cluster-2 Qusahwira,6569-40-240-D1225-001-01,58-71-08-1613,,PROC,Drawings,Drawings,package b schdule.xls,INST,9,5,high,CRS,0
Piping & Instrument Diagram - Single Completion Water Injection Well QW-57 - Cluster-1 Qusahwira,6569-40-240-D1225-002-01,58-71-08-1614,,PROC,Drawings,Drawings,package b schdule.xls,INST,9,5,high,CRS,0
Piping & Instrument Diagram - Single Completion Water Injection Well QW-59 - Cluster-2 Qusahwira,6569-40-240-D1225-003-01,58-71-08-1615,,PROC,Drawings,Drawings,package b schdule.xls,INST,9,5,high,CRS,0
Piping & Instrument Diagram - Single Completion Water Injection Well QW-91 - Cluster-2 Qusahwira,6569-40-240-D1225-004-01,58-71-08-1616,,PROC,Drawings,Drawings,package b schdule.xls,INST,9,5,high,CRS,0
Cause & Effect Diagram - Single Completion Water Injection Well QW-66 - Cluster-2 Qusahwira,6569-40-240-D1226-001-01,58-71-42-1612,,PROC,Drawings,Drawings,package b schdule.xls,PROC,9,5,high,CRS,0
Cause & Effect Diagram - Single Completion Water Injection Well QW-57 - Cluster-1 Qusahwira,6569-40-240-D1226-002-01,58-71-42-1613,,PROC,Drawings,Drawings,package b schdule.xls,PROC,9,5,high,CRS,0
Cause & Effect Diagram - Single Completion Water Injection Well QW-59 - Cluster-2 Qusahwira,6569-40-240-D1226-003-01,58-71-42-1614,,PROC,Drawings,Drawings,package b schdule.xls,PROC,9,5,high,CRS,0
Cause & Effect Diagram - Single Completion Water Injection Well QW-91 - Cluster-2 Qusahwira,6569-40-240-D1226-004-01,58-71-42-1615,,PROC,Drawings,Drawings,package b schdule.xls,PROC,9,5,high,CRS,0
GENERAL ARRANGEMENT CIVIL  -OIL PROCUCER WELL  QW- 85,6569-40-240-D1310-001-01,58-71-79-1601,A,CIVIL,Drawings,Drawings,package b schdule.xls,CIVIL,9,5,high,CRS,0
GENERAL ARRANGEMENT CIVIL DETAIL SINGLE COMPLETION PRODUCTION OIL WELL (QW-080),6569-40-240-D1310-002-01,58-71-79-1602,A,CIVIL,Drawings,Drawings,package b schdule.xls,CIVIL,11,5,high,CRS,0
GENERAL ARRANGEMENT CIVIL DETAILS SINGLE COMPLETION PRODUCTION OIL WELL (QW-082),6569-40-240-D1310-003-01,58-71-79-1603,A,CIVIL,Drawings,Drawings,package b schdule.xls,CIVIL,11,5,high,CRS,0
GENERAL ARRANGEMENT CIVIL DETAIL SINGLE COMPLETION PRODUCTION OIL WELL (QW-090),6569-40-240-D1310-004-01,58-71-79-1604,A,CIVIL,Drawings,Drawings,package b schdule.xls,CIVIL,11,5,high,CRS,0
"CIVIL GA FOR WIC, FOR QUSAHWIRA FIELD.",6569-40-240-D1310-005-01,58-01-79-1601,,CIVIL,Drawings,Drawings,package b schdule.xls,CIVIL,4,4,medium,CRS,0
"CIVIL GA FOR WIC, FOR QUSAHWIRA FIELD.",6569-40-240-D1310-006-01,58-01-79-1602,,CIVIL,Drawings,Drawings,package b schdule.xls,CIVIL,4,4,medium,CRS,0
"CIVIL GA FOR RDS-1, FOR QUSAHWIRA FIELD.",6569-40-240-D1310-007-01,58-01-79-1603,,CIVIL,Drawings,Drawings,package b schdule.xls,CIVIL,4,4,medium,CRS,0
SITE PREPARATION - LAYOUT OIL PRODUCER WELL QW- 80,6569-40-240-D1312-002-01,58-71-82-1602,B,CIVIL,Drawings,Drawings,package b schdule.xls,,8,5,high,CRS,0
SITE PREPARATION - LAYOUT OIL PRODUCER WELL QW- 80,6569-40-240-D1312-002-02,58-71-82-1602,B,CIVIL,Drawings,Drawings,package b schdule.xls,,8,5,high,CRS,0
SITE PREPARATION - LAYOUT OIL PRODUCER WELL QW- 82,6569-40-240-D1312-003-01,58-71-82-1603,B,CIVIL,Drawings,Drawings,package b schdule.xls,,8,5,high,CRS,0
SITE PREPARATION - LAYOUT OIL PRODUCER WELL QW- 82,6569-40-240-D1312-003-02,58-71-82-1603,B,CIVIL,Drawings,Drawings,package b schdule.xls,,8,5,high,CRS,0
SITE PREPARATION - LAYOUT OIL PRODUCER WELL QW- 90,6569-40-240-D1312-004-01,58-71-82-1604,B,CIVIL,Drawings,Drawings,package b schdule.xls,,8,5,high,CRS,0
SITE PREPARATION - LAYOUT OIL PRODUCER WELL QW- 90,6569-40-240-D1312-004-02,58-71-82-1604,B,CIVIL,Drawings,Drawings,package b schdule.xls,,8,5,high,CRS,0
PLOT PLAN WATER INJECTION WELL QW-091 QUSAHWIRA FIELD,6569-40-240-D1362-003-01,58-71-04-1615,1,PIPNG,Drawings,Drawings,package b schdule.xls,PROJECTS,4,4,medium,Procedures_Plans,3
PLOT PLAN WATER INJECTION WELL QW-057 QUSAHWIRA FIELD,6569-40-240-D1362-004-01,58-71-04-1613,1,PIPNG,Drawings,Drawings,package b schdule.xls,PROJECTS,4,4,medium,Procedures_Plans,3
PLOT PLAN WATER INJECTION WELL QW-059,6569-40-240-D1362-005-01,58-71-04-1614,1,PIPNG,Drawings,Drawings,package b schdule.xls,PROJECTS,4,4,medium,Procedures_Plans,3
GENERAL ARRANGEMENT PIPING SECTION –A SINGLE COMPLETION PRODUCTION OIL WELL QW-089 QUSAHWIRA FIELD,6569-40-240-D1362-006-01,58-71-21-1615,1,PIPNG,Drawings,Drawings,package b schdule.xls,PIPNG,9,5,high,CRS,0
GENERAL ARRANGEMENT PIPING SECTION - A SINGLE COMPLETION PRODUCTION OIL WELL QW-087 QUSHAWIRA FIELD,6569-40-240-D1362-007-01,58-71-21-1613,1,PIPNG,Drawings,Drawings,package b schdule.xls,PIPNG,9,5,high,CRS,0
GENERAL ARRANGEMENT PIPING SECITION –B SINGLE COMPLETION PRODUCTION OIL WELL QW-087 QUSAHWIRA FIELD,6569-40-240-D1362-008-01,58-71-21-1614,1,PIPNG,Drawings,Drawings,package b schdule.xls,PIPNG,9,5,high,CRS,0
PIPIING LAYOUT AREA –A10 SINGLE COMPLETION PRODUCTION OIL WELL QW-089 QUSAHWIRA FIELD,6569-40-240-D1362-009-01,58-71-13-1615,1,PIPNG,Drawings,Drawings,package b schdule.xls,,5,5,high,CRS,0
PIPING LAYOUT AREA –A10 SINGLE COMPLETION PRODUCTION OIL WELL QW-087 QUSAHWIRA FIELD,6569-40-240-D1362-010-01,58-71-13-1613,,PIPNG,Drawings,Drawings,package b schdule.xls,PIPNG,5,5,high,CRS,0
PIPING LAYOUT AREA –A11 SINGLE COMPLETION PRODUCITON OIL WELL QW-087 QUSHAWIRA FIELD,6569-40-240-D1362-010-02,58-71-13-1613,,PIPNG,Drawings,Drawings,package b schdule.xls,PIPNG,5,5,high,CRS,0
PIPING LAYOUT AREA –A12 SINGLE COMPLETION PRODUCITON OIL WELL QW-087 QUSHAWIRA FIELD,6569-40-240-D1362-010-03,58-71-13-1613,,PIPNG,Drawings,Drawings,package b schdule.xls,PIPNG,5,5,high,CRS,0
PIPING LAYOUT AREA –B6 SINGLE COMPLETION PRODUCITON OIL WELL QW-087 QUSHAWIRA FIELD,6569-40-240-D1362-011-01,58-71-13-1614,,PIPNG,Drawings,Drawings,package b schdule.xls,PIPNG,5,5,high,CRS,0
PIPING LAYOUT AREA –B9 SINGLE COMPLETION PRODUCITON OIL WELL QW-087 QUSHAWIRA FIELD,6569-40-240-D1362-011-02,58-71-13-1614,,PIPNG,Drawings,Drawings,package b schdule.xls,PIPNG,5,5,high,CRS,0
PIPING LAYOUT AREA –B10 SINGLE COMPLETION PRODUCITON OIL WELL QW-087 QUSHAWIRA FIELD,6569-40-240-D1362-011-03,58-71-13-1614,,PIPNG,Drawings,Drawings,package b schdule.xls,PIPNG,5,5,high,CRS,0
PIPING LAYOUT AREA –B11 SINGLE COMPLETION PRODUCITON OIL WELL QW-087 QUSHAWIRA FIELD,6569-40-240-D1362-011-04,58-71-13-1614,,PIPNG,Drawings,Drawings,package b schdule.xls,PIPNG,5,5,high,CRS,0
PIPING LAYOUT AREA –B14 SINGLE COMPLETION PRODUCITON OIL WELL QW-087 QUSHAWIRA FIELD,6569-40-240-D1362-011-05,58-71-13-1614,,PIPNG,Drawings,Drawings,package b schdule.xls,PIPNG,5,5,high,CRS,0
PIPING LAYOUT AREA –B15 SINGLE COMPLETION PRODUCITON OIL WELL QW-087 QUSHAWIRA FIELD,6569-40-240-D1362-011-06,58-71-13-1614,,PIPNG,Drawings,Drawings,package b schdule.xls,PIPNG,5,5,high,CRS,0
GENERAL ARRAGEMENT PIPING SECTION –A WATER INJECTION WELL QW-091 QUSAHWIRA FIELD,6569-40-240-D1362-014-01,58-71-04-1623,A,PIPNG,Drawings,Drawings,package b schdule.xls,PIPNG,4,4,medium,CRS,0
GENERAL ARRAGEMENT PIPING SECTION -B WATER INJECTION WELL QW-091 QUSAHWIRA FIELD,6569-40-240-D1362-015-01,58-71-04-1624,A,PIPNG,Drawings,Drawings,package b schdule.xls,PIPNG,4,4,medium,CRS,0
GENERAL ARRANGEMENT PIPING SECTION - A WATER INJECTION WELL QW-057 QUSAHWIRA FIELD,6569-40-240-D1362-016-01,58-71-21-1625,1,PIPNG,Drawings,Drawings,package b schdule.xls,PIPNG,9,5,high,CRS,0
GENERAL ARRANGEMENT PIPING SECTION -B WATER INJECTION WELL QW-057 QUSAHWIRA FIELD,6569-40-240-D1362-017-01,58-71-21-1626,1,PIPNG,Drawings,Drawings,package b schdule.xls,PIPNG,9,5,high,CRS,0
GENERAL ARRAGEMENT PIPING SECTION -A WATER INJECTION WELL QW-059 QUSAHWIRA FIELD,6569-40-240-D1362-018-01,58-71-04-1627,A,PIPNG,Drawings,Drawings,package b schdule.xls,PIPNG,4,4,medium,CRS,0
GENERAL ARRAGEMENT PIPING SECTION -B WATER INJECTION WELL QW-059 QUSAHWIRA FIELD,6569-40-240-D1362-019-01,58-71-04-1628,A,PIPNG,Drawings,Drawings,package b schdule.xls,PIPNG,4,4,medium,CRS,0
PIPING LAYOUT AREA - A11 WATER INJECTION WELL QW-091 QUSAHWIRA FIELD,6569-40-240-D1362-020-01,58-71-21-1623,,INST,Drawings,Drawings,package b schdule.xls,PIPNG,5,5,high,CRS,0
PIPING LAYOUT AREA - A11 WATER INJECTION WELL QW-091 QUSAHWIRA FIELD,6569-40-240-D1362-021-01,58-71-21-1624,,INST,Drawings,Drawings,package b schdule.xls,PIPNG,5,5,high,CRS,0
GENERAL ARRANGEMENT PIPING SECTION – A WATER INJECTION WELL QW-059,6569-40-240-D1362-022-01,58-71-21-1627,1,PIPNG,Drawings,Drawings,package b schdule.xls,PIPNG,9,5,high,CRS,0
GENERAL ARRANGEMENT PIPING SECTION –B WATER INJECTION WELL QW-059,6569-40-240-D1362-023-01,58-71-21-1628,1,PIPNG,Drawings,Drawings,package b schdule.xls,PIPNG,9,5,high,CRS,0
INSTRUMENT LOOP DRAWINGS (RTU SIGNALS) (QUSAHWIRA AREA QW-057 WELL) (WATER INJECTION WELL),6569-40-240-D1378-001-01,58-71-41-1612,1,INST,Drawings,Drawings,package b schdule.xls,INST,4,4,medium,CRS,0
INSTRUMENT JB INTERCONNECTION / TERMINATION DRAWINGS - QW-57,6569-40-240-D1378-002-01,58-71-47-1612,1,INST,Drawings,Drawings,package b schdule.xls,INST,4,4,medium,CRS,0
INSTRUMENT AND TELECOM CABLE ROUTING / TRENCH LAYOUT QW-057 WELL,6569-40-240-D1378-003-01,58-71-49-1612,B,INST,Drawings,Drawings,package b schdule.xls,INST,9,5,high,CRS,0
INSTRUMENT CABLE BLOCK DIAGRAM - QW-57,6569-40-240-D1378-004-01,58-71-49-1628,1,INST,Drawings,Drawings,package b schdule.xls,INST,8,4,medium,CRS,0
INSTRUMENT LOOP DRAWINGS - QW-66,6569-40-240-D1378-005-01,58-71-41-1613,,INST,Drawings,Drawings,package b schdule.xls,INST,4,4,medium,CRS,0
INSTRUMENT JB INTERCONNECTION / TERMINATION DRAWINGS - QW-66,6569-40-240-D1378-006-01,58-71-47-1613,,INST,Drawings,Drawings,package b schdule.xls,INST,4,4,medium,CRS,0
INSTRUMENT AND TELECOM CABLE ROUTING / TRENCH LAYOUT  - QW-66,6569-40-240-D1378-007-01,58-71-49-1613,,INST,Drawings,Drawings,package b schdule.xls,INST,9,5,high,CRS,0
INSTRUMENT LOOP DRAWING (RTU SIGNALS) (QUSAHWIRA AREA QW-059 WELL) (WATER INJECTION WELL),6569-40-240-D1378-009-01,58-71-41-1614,1,INST,Drawings,Drawings,package b schdule.xls,INST,4,4,medium,CRS,0
INSTRUMENT JB INTERCONNECTION / TERMINATION DRAWINGS - QW-59,6569-40-240-D1378-010-01,58-71-47-1614,1,INST,Drawings,Drawings,package b schdule.xls,INST,4,4,medium,CRS,0
INSTRUMENT AND TELECOM CABLE ROUTING / TRENCH LAYOUT QW-059 WELL,6569-40-240-D1378-011-01,58-71-49-1614,B,INST,Drawings,Drawings,package b schdule.xls,INST,9,5,high,CRS,0
INSTRUMENT CABLE BLOCK DIAGRAM (QUSAHWIRA AREA QW-059 WELL),6569-40-240-D1378-012-01,58-71-49-1630,B,INST,Drawings,Drawings,package b schdule.xls,INST,8,4,medium,CRS,0
INSTRUMENT LOOP DRAWINGS (RTU SIGNALS (QUSAHWIRA AREA QW-091 WELL) (WATER INJECTION WELL),6569-40-240-D1378-013-01,58-71-41-1615,1,INST,Drawings,Drawings,package b schdule.xls,INST,4,4,medium,CRS,0
INSTRUMENT JB INTERCONNECTION / TERMINATION DRAWINGS - QW-91,6569-40-240-D1378-014-01,58-71-47-1615,1,INST,Drawings,Drawings,package b schdule.xls,INST,4,4,medium,CRS,0
INSTRUMENT AND TELECOM CABLE ROUTING / TRENCH LAYOUT QW-091 WELL,6569-40-240-D1378-015-01,58-71-49-1615,B,INST,Drawings,Drawings,package b schdule.xls,INST,9,5,high,CRS,0
INSTRUMENT CABLE BLOCK DIAGRAM - QW-91,6569-40-240-D1378-016-01,58-71-49-1631,1,INST,Drawings,Drawings,package b schdule.xls,INST,8,4,medium,CRS,0
SINGLE LINE DIAGRAM OF SOLAR POWER SYSTEM WATER INJECTION WELL,6569-40-240-D1381-001-01,58-71-56-1602,,ELEC,Drawings,Drawings,package b schdule.xls,,8,4,medium,CRS,0
ELECTRICAL CABLE ROUTING/TRENCH LAYOUT WATER INJECTION WELL QW-091,6569-40-240-D1382-001-01,58-71-59-1623,1,ELEC,Drawings,Drawings,package b schdule.xls,,9,5,high,CRS,0
ELECTRICAL CABLE ROUTING / TRENCH LAYOUT WELLHEAD WATER INJECTION SINGLE COMPLETION OIL WELL QW-57,6569-40-240-D1382-002-01,58-71-59-1624,,ELEC,Drawings,Drawings,package b schdule.xls,,9,5,high,CRS,0
ELECTRICAL CABLE ROUTING / TRENCH LAYOUT WELLHEAD WATER INJECTION SINGLE COMPLETION OIL WELL QW-59,6569-40-240-D1382-003-01,58-71-59-1625,,ELEC,Drawings,Drawings,package b schdule.xls,,9,5,high,CRS,0
EARTHING LAYOUT WATER INJECTION WELL QW-091,6569-40-240-D1384-001-01,58-71-59-1626,1,ELEC,Drawings,Drawings,package b schdule.xls,ELEC,5,5,high,CRS,0
EARTHING LAYOUT WATER INJECTION WELL QW-091,6569-40-240-D1384-001-02,58-71-59-1626,1,ELEC,Drawings,Drawings,package b schdule.xls,ELEC,5,5,high,CRS,0
EARTHING LAYOUT WELLHEAD WATER INJECTION SINGLE COMPLETION OIL WELL QW-57,6569-40-240-D1384-002-01,58-71-59-1627,,ELEC,Drawings,Drawings,package b schdule.xls,ELEC,5,5,high,CRS,0
EARTHING LAYOUT WELLHEAD WATER INJECTION SINGLE COMPLETION OIL WELL QW-59,6569-40-240-D1384-003-01,58-71-59-1628,,ELEC,Drawings,Drawings,package b schdule.xls,ELEC,5,5,high,CRS,0
EARTHING LAYOUT OIL PRODUCTION WELL QW-012,6569-40-240-D1384-004-01,58-71-59-1648,,ELEC,Drawings,Drawings,package b schdule.xls,ELEC,5,5,high,CRS,0
EARTHING LAYOUT OIL PRODUCTION WELL QW-016,6569-40-240-D1384-005-01,58-71-59-1649,,ELEC,Drawings,Drawings,package b schdule.xls,ELEC,5,5,high,CRS,0
EARTHING LAYOUT OIL PRODUCTION WELL QW-017,6569-40-240-D1384-006-01,58-71-59-1650,,ELEC,Drawings,Drawings,package b schdule.xls,ELEC,5,5,high,CRS,0
EARTHING LAYOUT OIL PRODUCTION WELL QW-052,6569-40-240-D1384-007-01,58-71-59-1646,,ELEC,Drawings,Drawings,package b schdule.xls,ELEC,5,5,high,CRS,0
EARTHING LAYOUT OIL PRODUCTION WELL QW-053,6569-40-240-D1384-008-01,58-71-59-1647,,ELEC,Drawings,Drawings,package b schdule.xls,ELEC,5,5,high,CRS,0
TELECOM CABLE ROUTING LAYOUT WELLHEAD WATER INJECTION SINGLE COMPLETION OIL WELL QW-91,6569-40-240-D1386-001-01,58-71-71-1612,,ELEC,Drawings,Drawings,package b schdule.xls,,9,5,high,CRS,0
TELECOM CABLE ROUTING LAYOUT WELLHEAD WATER INJECTION SINGLE COMPLETION OIL WELL QW-57,6569-40-240-D1386-002-01,58-71-71-1613,,ELEC,Drawings,Drawings,package b schdule.xls,,9,5,high,CRS,0
TELECOM CABLE ROUTING LAYOUT WELLHEAD WATER INJECTION SINGLE COMPLETION OIL WELL QW-59,6569-40-240-D1386-003-01,58-71-71-1614,,ELEC,Drawings,Drawings,package b schdule.xls,,9,5,high,CRS,0
PIPING ISOMETRICS FOR WATER INJECTION WELLHEAD Qw-091,6569-40-240-J1362-001-01,58-70-15-1615,A,PIPNG,Drawings,Isometrics,package b schdule.xls,PIPNG,5,5,high,CRS,0
PIPING ISOMETRICS FOR WATER INJECTION WELLHEAD Qw-057,6569-40-240-J1362-002-01,58-70-15-1613,A,PIPNG,Drawings,Isometrics,package b schdule.xls,PIPNG,5,5,high,CRS,0
PIPING ISOMETRICS FOR WATER INJECTION WELL QW-59 FOR QUSAHWIRA FIELD,6569-40-240-J1362-003-01,58-71-15-1796,A,PIPNG,Drawings,Isometrics,package b schdule.xls,PIPNG,5,5,high,CRS,0
PIPELINE ALIGNMENTS SHEET FOR WATER INJECTION WELL QW-91 FOR QUSAHWIRA FIELD.,6569-40-240-M1366-001-01,58-78-22-1615,,PIPNG,Drawings,Drawings,package b schdule.xls,,10,5,high,CRS,0
PIPELINE ALIGNMENTS SHEET FOR WATER INJECTION WELL QW-057 FOR QUSAHWIRA FIELD.,6569-40-240-M1366-002-01,58-78-22-1613,,PIPNG,Drawings,Drawings,package b schdule.xls,,10,5,high,CRS,0
PIPELINE ALIGNMENTS SHEET FOR WATER INJECTION WELL QW-59 FOR QUSAHWIRA FIELD.,6569-40-240-M1366-003-01,58-78-22-1614,,PIPNG,Drawings,Drawings,package b schdule.xls,,10,5,high,CRS,0
INSTRUMENT QUSAHWIRA WATER INJECTION WELL - QW 057,6569-40-240-S1371-001-01,58-71-48-1628,1,INST,Undefined,Documents,package b schdule.xls,INST,0,0,low,CRS,0
INSTRUMENT I/O LIST  QUSAHWIRA WATER INJECTION WELL QW-057,6569-40-240-S1371-002-01,58-71-48-1644,1,INST,Documents,Lists_MTOs_BOMs,package b schdule.xls,INST,8,5,high,CRS,0
INSTRUMENT INDEX - QW-91,6569-40-240-S1371-003-01,58-71-48-1629,,INST,Documents,Lists_MTOs_BOMs,package b schdule.xls,INST,3,3,medium,CRS,0
I/O LIST (WELL HEAD AREA) - QW-66,6569-40-240-S1371-004-01,58-71-48-1645,,INST,Documents,Lists_MTOs_BOMs,package b schdule.xls,,8,5,high,CRS,0
INSTRUMENT QUSAHWIRA WATER INJECTION WELL QW-059,6569-40-240-S1371-005-01,58-71-48-1630,1,INST,Undefined,Documents,package b schdule.xls,INST,0,0,low,CRS,0
INSTRUMENT I/O LIST  QUSAHWIRA WATER INJECTION WELL QW-059,6569-40-240-S1371-006-01,58-71-48-1646,1,INST,Documents,Lists_MTOs_BOMs,package b schdule.xls,INST,8,5,high,CRS,0
INSTRUMENT QUSAHWIRA WATER INJECTION WELL QW-091,6569-40-240-S1371-007-01,58-71-48-1631,1,INST,Undefined,Documents,package b schdule.xls,INST,0,0,low,CRS,0
INSTRUMENT I/O LIST  QUSAHWIRA WATER INJECTION WELL QW-091,6569-40-240-S1371-008-01,58-71-48-1647,1,INST,Documents,Lists_MTOs_BOMs,package b schdule.xls,INST,8,5,high,CRS,0
INSTRUMENT JUNCTION BOX SCHEDULE - QW-57,6569-40-240-S1378-001-01,58-71-48-1672,1,INST,Drawings,Drawings,package b schdule.xls,INST,3,3,medium,Lists_MTOs_BOMs,2
INSTRUMENT CABLE SCHEDULE (QUSAHWIRA AREA QW-057 WELL),6569-40-240-S1378-002-01,58-71-48-1688,B,INST,Documents,Lists_MTOs_BOMs,package b schdule.xls,INST,2,2,low,CRS,0
INSTRUMENT JUNCTION BOX SCHEDULE - QW-66,6569-40-240-S1378-003-01,58-71-48-1673,,INST,Drawings,Drawings,package b schdule.xls,INST,3,3,medium,Lists_MTOs_BOMs,2
INSTRUMENT CABLE SCHEDULE - QW-66,6569-40-240-S1378-004-01,58-71-48-1689,,INST,Documents,Lists_MTOs_BOMs,package b schdule.xls,INST,2,2,low,CRS,0
INSTRUMENT JUNCTION BOX SCHEDULE - QW-59,6569-40-240-S1378-005-01,58-71-48-1674,1,INST,Drawings,Drawings,package b schdule.xls,INST,3,3,medium,Lists_MTOs_BOMs,2
INSTRUMENT CABLE SCHEDULE (QUSAHWIRA AREA QW-059 WELL),6569-40-240-S1378-006-01,58-71-48-1690,B,INST,Documents,Lists_MTOs_BOMs,package b schdule.xls,INST,2,2,low,CRS,0
INSTRUMENT JUNCTION BOX SCHEDULE - QW-91,6569-40-240-S1378-007-01,58-71-48-1675,1,INST,Drawings,Drawings,package b schdule.xls,INST,3,3,medium,Lists_MTOs_BOMs,2
INSTRUMENT CABLE SCHEDULE (QUSAHWIRA AREA QW-091 WELL),6569-40-240-S1378-008-01,58-71-48-1691,B,INST,Documents,Lists_MTOs_BOMs,package b schdule.xls,INST,2,2,low,CRS,0
ELECTRICAL LOAD LIST - WATER INJECTION WELL,6569-40-240-S1381-001-01,58-71-55-1602,1,ELEC,Documents,Lists_MTOs_BOMs,package b schdule.xls,,7,4,medium,CRS,0
DATASHEET FOR SOLAR POWER SYSTEM - WATER INJECTION WELL,6569-40-240-S1381-002-01,58-71-54-1602,,ELEC,Documents,Datasheets,package b schdule.xls,,5,5,high,CRS,0
ELECTRICAL CABLE SCHEDULE - WATER INJECTION WELL,6569-40-240-S1382-001-01,58-71-63-1608,B,ELEC,Documents,Lists_MTOs_BOMs,package b schdule.xls,,2,2,low,CRS,0
PIPING STRESS ANALYSIS REPORT FOR WATER INJECTION WELL QW-057- QUSAHWIRA,6569-40-240-T1362-001-01,58-71-23-1613,,PIPNG,Documents,Reports,package b schdule.xls,PIPNG,5,5,high,Calculations,4
PIPING STRESS ANALYSIS REPORT FOR WATER INJECTION WELL QW-091- QUSAHWIRA,6569-40-240-T1362-002-01,58-71-23-1615,,PIPNG,Documents,Reports,package b schdule.xls,PIPNG,5,5,high,Calculations,4
PIPING STRESS ANALYSIS REPORT FOR WATER INJECTION WELL QW-059- QUSAHWIRA,6569-40-240-T1362-003-01,58-71-23-1614,,PIPNG,Documents,Reports,package b schdule.xls,PIPNG,5,5,high,Calculations,4
PIPING STRESS ANALYSIS REPORT  FOR CDS- QUSAHWIRA,6569-40-240-T1362-004-01,58-71-23-1617,,PIPNG,Documents,Reports,package b schdule.xls,PIPNG,5,5,high,Calculations,4
"MTO FOR POWER, CONTROL AND EARTHING CABLES GAS INJECTION WELL QW-83",6569-40-250-B1382-001-01,58-71-63-1609,,ELEC,Documents,Lists_MTOs_BOMs,package b schdule.xls,ELEC,5,5,high,CRS,0
MTO FOR ELECTRICAL BULK MATERIAL GAS INJECTION WELL QW-83,6569-40-250-B1382-002-01,58-71-63-1610,,ELEC,Documents,Lists_MTOs_BOMs,package b schdule.xls,,5,5,high,CRS,0
MTO FOR EARTHING MATERIAL GAS INJECTION WELL QW-83,6569-40-250-B1384-001-01,58-71-63-1611,,ELEC,Documents,Lists_MTOs_BOMs,package b schdule.xls,ELEC,5,5,high,CRS,0
SOLAR SYSTEM SIZING GAS INJECTION WELL,6569-40-250-C1381-001-01,58-71-67-1605,,ELEC,Documents,Calculations,package b schdule.xls,,3,3,medium,CRS,0
CABLE SIZING CALCULATION GAS INJECTION WELL QW-83,6569-40-250-C1382-001-01,58-71-67-1606,,ELEC,Documents,Calculations,package b schdule.xls,,8,5,high,CRS,0
P&ID- SINGLE COMPLETION GAS  INJECTION WELL QW-083 OFFSITE – WELLS : QUSAHWIRA,6569-40-250-D1225-001-01,58-71-08-1617,,PROC,Drawings,Drawings,package b schdule.xls,PROC,5,5,high,CRS,0
P&ID- INJECTION GAS DISTRIBUTION HEADER QUSAHWIRA CDS,6569-40-250-D1225-002-01,58-01-08-1603,,PROC,Drawings,Drawings,package b schdule.xls,PROC,5,5,high,CRS,0
P&ID- NITROGEN DISTRIBUTION HEADER – QUSAHWIRA - CDS,6569-40-250-D1225-003-01,58-01-08-1604,,PROC,Drawings,Drawings,package b schdule.xls,PROC,5,5,high,CRS,0
P&ID – (UTILITY GENERATION) – POTABLE WATER DISTRIBUTION,6569-40-250-D1225-004-01,58-01-08-1605,,PROC,Drawings,Drawings,package b schdule.xls,PROC,5,5,high,CRS,0
P&ID- PLANT AIR DISTRIBUTION – QUSAHWIRA - CDS,6569-40-250-D1225-005-01,58-01-08-1606,,PROC,Drawings,Drawings,package b schdule.xls,PROC,5,5,high,CRS,0
P&ID- INSTRUMENT AIR DISTRIBUTION – QUSAHWIRA - CDS,6569-40-250-D1225-006-01,58-01-08-1607,,PROC,Drawings,Drawings,package b schdule.xls,INST,5,5,high,CRS,0
Cause & Effect Diagram - Single Completion Gas Injection Well QW-83 - Offsite Wel Qusahwira,6569-40-250-D1226-001-01,58-71-42-1616,,PROC,Drawings,Drawings,package b schdule.xls,PROC,9,5,high,CRS,0
GENERAL ARRANGEMENT CIVIL  -OIL PROCUCER WELL  QW- 61,6569-40-250-D1310-001-01,58-71-79-1605,A,CIVIL,Drawings,Drawings,package b schdule.xls,CIVIL,9,5,high,CRS,0
SITE PREPARATION - LAYOUT OIL PRODUCER WELL QW- 61,6569-40-250-D1312-001-01,58-71-82-1605,B,CIVIL,Drawings,Drawings,package b schdule.xls,,8,5,high,CRS,0
PLOT PLAN FOR GAS INJECTION WELL QW-83 FOR QUSAHWIRA FIELD,6569-40-250-D1362-001-01,58-71-04-1612,,PIPNG,Drawings,Drawings,package b schdule.xls,PROJECTS,4,4,medium,Procedures_Plans,3
GENERAL ARRANGEMENT PIPING SECTION - B SINGLE COMPLETION PRODUCTION OIL WELL QW-088 QUSAHWIRA FIELD,6569-40-250-D1362-002-01,58-71-21-1612,1,PIPNG,Drawings,Drawings,package b schdule.xls,PIPNG,9,5,high,CRS,0
PIPING LAYOUT AREA –B6 SINGLE COMPLETION PRODUCTION OIL WELL QW-088 QUSAHWIRA,6569-40-250-D1362-003-01,58-71-13-1612,,PIPNG,Drawings,Drawings,package b schdule.xls,PIPNG,5,5,high,CRS,0
PIPING LAYOUT AREA –B6 SINGLE COMPLETION PRODUCTION OIL WELL QW-088 QUSAHWIRA,6569-40-250-D1362-003-02,58-71-13-1612,,PIPNG,Drawings,Drawings,package b schdule.xls,PIPNG,5,5,high,CRS,0
PIPING LAYOUT AREA –B6 SINGLE COMPLETION PRODUCTION OIL WELL QW-088 QUSAHWIRA,6569-40-250-D1362-003-03,58-71-13-1612,,PIPNG,Drawings,Drawings,package b schdule.xls,PIPNG,5,5,high,CRS,0
PIPING LAYOUT AREA –B6 SINGLE COMPLETION PRODUCTION OIL WELL QW-088 QUSAHWIRA,6569-40-250-D1362-003-04,58-71-13-1612,,PIPNG,Drawings,Drawings,package b schdule.xls,PIPNG,5,5,high,CRS,0
PIPING LAYOUT AREA –B6 SINGLE COMPLETION PRODUCTION OIL WELL QW-088 QUSAHWIRA,6569-40-250-D1362-003-05,58-71-13-1612,,PIPNG,Drawings,Drawings,package b schdule.xls,PIPNG,5,5,high,CRS,0
PIPING LAYOUT AREA –B6 SINGLE COMPLETION PRODUCTION OIL WELL QW-088 QUSAHWIRA,6569-40-250-D1362-003-06,58-71-13-1612,,PIPNG,Drawings,Drawings,package b schdule.xls,PIPNG,5,5,high,CRS,0
PIPING LAYOUT AREA –B9 GAS INEJECTION WELL QW-083 QUSAHWIRA FIELD,6569-40-250-D1362-004-01,58-71-13-1630,,PIPNG,Drawings,Drawings,package b schdule.xls,PIPNG,5,5,high,CRS,0
PIPING LAYOUT AREA –B10 GAS INJECTION WELL QW-083 QUSAHWIRA FIELD,6569-40-250-D1362-005-01,58-71-13-1630,,PIPNG,Drawings,Drawings,package b schdule.xls,PIPNG,5,5,high,CRS,0
PIPING LAYOUT AREA –B14 GAS INJECTION WELL QW-083 QUSAHWIRA FIELD,6569-40-250-D1362-006-01,58-71-13-1630,,PIPNG,Drawings,Drawings,package b schdule.xls,PIPNG,5,5,high,CRS,0
GENERAL ARRANGEMENT PIPING SECTION –A GAS INJECTION WELL QW-083 QUSAHWIRA FIELD,6569-40-250-D1362-007-01,58-71-21-1629,,PIPNG,Drawings,Drawings,package b schdule.xls,PIPNG,9,5,high,CRS,0
GENERAL ARRANGEMENT PIPING SECTION –B GAS INJECTION WELL QW-083 QUSHAWIRA FIELD,6569-40-250-D1362-008-01,58-71-21-1630,,PIPNG,Drawings,Drawings,package b schdule.xls,PIPNG,9,5,high,CRS,0
INSTRUMENT LOOP DRAWINGS - QW-83,6569-40-250-D1378-001-01,58-71-41-1616,,INST,Drawings,Drawings,package b schdule.xls,INST,4,4,medium,CRS,0
INSTRUMENT JB INTERCONNECTION / TERMINATION DRAWINGS - QW-83,6569-40-250-D1378-002-01,58-71-47-1616,,INST,Drawings,Drawings,package b schdule.xls,INST,4,4,medium,CRS,0
INSTRUMENT AND TELECOM CABLE ROUTING / TRENCH LAYOUT  - QW-83,6569-40-250-D1378-003-01,58-71-49-1616,,INST,Drawings,Drawings,package b schdule.xls,INST,9,5,high,CRS,0
INSTRUMENT CABLE BLOCK DIAGRAM - QW-83,6569-40-250-D1378-004-01,58-71-49-1632,,INST,Drawings,Drawings,package b schdule.xls,INST,8,4,medium,CRS,0
FIRE AND GAS DETECTOR LAYOUT  - QW-83,6569-40-250-D1378-005-01,58-71-45-1612,,INST,Drawings,Drawings,package b schdule.xls,HSE,5,5,high,CRS,0
HAZARDOUS AREA LAYOUT- GAS INJECTION WELL QW-83,6569-40-250-D1380-001-01,58-71-01-1603,,ELEC,Drawings,Drawings,package b schdule.xls,,8,5,high,CRS,0
SINGLE LINE DIAGRAM OF SOLAR POWER SYSTEM GAS INJECTION WELL QW-83,6569-40-250-D1381-001-01,58-71-56-1603,,ELEC,Drawings,Drawings,package b schdule.xls,,8,4,medium,CRS,0
ELECTRICAL CABLE ROUTING / TRENCH LAYOUT WELLHEAD GAS INJECTION SINGLE COMPLETION OIL WELL QW-83,6569-40-250-D1382-001-01,58-71-59-1629,,ELEC,Drawings,Drawings,package b schdule.xls,,9,5,high,CRS,0
EARTHING LAYOUT WELLHEAD GAS INJECTION SINGLE COMPLETION OIL WELL QW-83,6569-40-250-D1384-001-01,58-71-59-1630,,ELEC,Drawings,Drawings,package b schdule.xls,ELEC,5,5,high,CRS,0
TELECOM CABLE ROUTING LAYOUT WELLHEAD GAS INJECTION SINGLE COMPLETION OIL WELL QW-83,6569-40-250-D1386-001-01,58-71-71-1615,,ELEC,Drawings,Drawings,package b schdule.xls,,9,5,high,CRS,0
PIPING ISOMETRICS FOR GAS INJECTION WELL QW-83 FOR QUSAHWIRA FIELD,6569-40-250-J1362-001-01,58-71-15-1811,,PIPNG,Drawings,Isometrics,package b schdule.xls,PIPNG,5,5,high,CRS,0
PIPELINE ALIGNMENTS SHEET FOR GAS INJECTION WELL QW-83 FOR QUSAHWIRA FIELD.,6569-40-250-M1366-001-01,58-76-22-1612,,PIPNG,Drawings,Drawings,package b schdule.xls,,10,5,high,CRS,0
INSTRUMENT INDEX - QW-83,6569-40-250-S1371-001-01,58-71-48-1632,,INST,Documents,Lists_MTOs_BOMs,package b schdule.xls,INST,3,3,medium,CRS,0
I/O LIST (WELL HEAD AREA) - QW-83,6569-40-250-S1371-002-01,58-71-48-1648,,INST,Documents,Lists_MTOs_BOMs,package b schdule.xls,,8,5,high,CRS,0
I/O LIST (F&G) - QW-83,6569-40-250-S1371-003-01,58-71-48-1660,,INST,Documents,Lists_MTOs_BOMs,package b schdule.xls,HSE,8,5,high,CRS,0
INSTRUMENT JUNCTION BOX SCHEDULE - QW-83,6569-40-250-S1378-001-01,58-71-48-1676,,INST,Drawings,Drawings,package b schdule.xls,INST,3,3,medium,Lists_MTOs_BOMs,2
INSTRUMENT CABLE SCHEDULE - QW-83,6569-40-250-S1378-002-01,58-71-48-1692,,INST,Documents,Lists_MTOs_BOMs,package b schdule.xls,INST,2,2,low,CRS,0
ELECTRICAL LOAD LIST GAS INJECTION WELL,6569-40-250-S1381-001-01,58-71-55-1603,1,ELEC,Documents,Lists_MTOs_BOMs,package b schdule.xls,,7,4,medium,CRS,0
DATASHEET FOR SOLAR POWER SYSTEM GAS INJECTION WELL,6569-40-250-S1381-002-01,58-71-54-1603,1,ELEC,Documents,Datasheets,package b schdule.xls,,5,5,high,CRS,0
ELECTRICAL CABLE SCHEDULE GAS INJECTION WELL QW-83,6569-40-250-S1382-001-01,58-71-63-1612,,ELEC,Documents,Lists_MTOs_BOMs,package b schdule.xls,,2,2,low,CRS,0
STRESS ANALYSIS REPORT FOR GAS INJECTION WELL QW-83 - QUSAHWIRA,6569-40-250-T1362-001-01,58-71-23-1612,,PIPNG,Documents,Reports,package b schdule.xls,PIPNG,5,5,high,Calculations,4
MTO FOR CATHODIC PROTECTION SYSTEM OF BURRIED PIPELINES GAS INJECTION WELL QW-83,6569-40-300-B1387-001-01,58-71-63-1613,,ELEC,Documents,Lists_MTOs_BOMs,package b schdule.xls,ELEC,5,5,high,CRS,0
PIPELINE ALINGMENT SHEET NEW” 3 GAS INJECTION FLOWLINE FROM CDS- TO QW-83 CHAINAGE FROM KM 0+022.33 TO KM 1+000.00,6569-40-300-D1363-001-01,58-78-22-1612,,PIPNG,Drawings,Drawings,package b schdule.xls,,10,5,high,CRS,0
PIPELINE ALINGMENT SHEET NEW” 3 GAS INJECTION FLOWLINE FROM CDS- TO QW-83 CHAINAGE FROM KM 1+000.00 TO KM 2+000.00,6569-40-300-D1363-001-02,58-78-22-1612,,PIPNG,Drawings,Drawings,package b schdule.xls,,10,5,high,CRS,0
PIPELINE ALINGMENT SHEET NEW” 3 GAS INJECTION FLOWLINE FROM CDS- TO QW-83 CHAINAGE FROM KM 2+000.00 TO KM 3+000.00,6569-40-300-D1363-001-03,58-78-22-1612,,PIPNG,Drawings,Drawings,package b schdule.xls,,10,5,high,CRS,0
PIPELINE ALINGMENT SHEET NEW” 3 GAS INJECTION FLOWLINE FROM CDS- TO QW-83 CHAINAGE FROM KM 2+000.00 TO KM 3+000.00,6569-40-300-D1363-001-04,58-78-22-1612,,PIPNG,Drawings,Drawings,package b schdule.xls,,10,5,high,CRS,0
PIPELINE ALINGMENT SHEET NEW” 3 GAS INJECTION FLOWLINE FROM CDS- TO QW-83 CHAINAGE FROM KM 4+000.00TO KM 5+000.00,6569-40-300-D1363-001-05,58-78-22-1612,,PIPNG,Drawings,Drawings,package b schdule.xls,,10,5,high,CRS,0
PIPELINE ALINGMENT SHEET NEW” 3 GAS INJECTION FLOWLINE FROM CDS- TO QW-83 CHAINAGE FROM KM 5+000.00 TO KM 5+700.00,6569-40-300-D1363-001-06,58-78-22-1612,,PIPNG,Drawings,Drawings,package b schdule.xls,,10,5,high,CRS,0
PIPELINE ALINGMENT SHEET NEW” 3 GAS INJECTION FLOWLINE FROM CDS- TO QW-83 CHAINAGE FROM KM 5+000.00 TO KM 5+700.00,6569-40-300-D1363-001-07,58-78-22-1612,,PIPNG,Drawings,Drawings,package b schdule.xls,,10,5,high,CRS,0
MTO FOR CATHODIC PROTECTION SYSTEM OF PIPELINES CROSSINGS - OP WELL,6569-40-310-B1387-001-01,58-71-63-1614,,ELEC,Documents,Lists_MTOs_BOMs,package b schdule.xls,ELEC,5,5,high,CRS,0
MTO FOR CATHODIC PROTECTION SYSTEM OF PIPELINES CROSSINGS - WATER INJECTION WELL,6569-40-320-B1387-001-01,58-71-63-1615,,ELEC,Documents,Lists_MTOs_BOMs,package b schdule.xls,ELEC,5,5,high,CRS,0
"CALCULATION REPORT FOR STEEL PLATFORM FOUNDATION AT GAS INJECTION HEADER EXTENSION FOR CDS, QUSAHWIRA FIELD",6569-40-400-C1323-001-01,58-01-83-1604,,CIVIL,Drawings,Drawings,package b schdule.xls,CIVIL,8,4,medium,Calculations,5
"CALCULATION REPORT FOR PIPE SLEEPERS  FOR CDS, QUSAHWIRA FIELD",6569-40-400-C1326-001-01,58-01-83-1601,,CIVIL,Documents,Calculations,package b schdule.xls,,5,5,high,Reports,5
"CALCULATION REPORT FOR PIPE SLEEPERS  FOR RDS-1, QUSAHWIRA FIELD",6569-40-400-C1326-002-01,58-11-83-1601,,CIVIL,Documents,Calculations,package b schdule.xls,,5,5,high,Reports,5
"CALCULATION REPORT FOR PIPE SLEEPERS  FOR WIC, QUSAHWIRA FIELD",6569-40-400-C1326-003-01,58-20-83-1601,,CIVIL,Documents,Calculations,package b schdule.xls,,5,5,high,Reports,5
"CALCULATION REPORT FOR STEEL PLATFORM STUCTURE AT GAS INJECTION HEADER EXTENSION FOR CDS, QUSAHWIRA FIELD",6569-40-400-C1336-001-01,58-01-83-1603,,CIVIL,Documents,Calculations,package b schdule.xls,,5,5,high,Reports,5
"CALCULATION REPORT FOR PIPE SUPPORTS FOR CDS, QUSAHWIRA FIELD",6569-40-400-C1338-001-01,58-01-83-1602,,CIVIL,Documents,Calculations,package b schdule.xls,,5,5,high,Reports,5
"CALCULATION REPORT FOR PIPE SUPPORTS FOR RDS-1, QUSAHWIRA FIELD",6569-40-400-C1338-002-01,58-11-83-1602,,CIVIL,Documents,Calculations,package b schdule.xls,,5,5,high,Reports,5
"CALCULATION REPORT FOR PIPE SUPPORTS FOR WIC, QUSAHWIRA FIELD",6569-40-400-C1338-003-01,58-20-83-1602,,CIVIL,Documents,Calculations,package b schdule.xls,,5,5,high,Reports,5
PIPING & INSTRUMENT DIAGRAM - INLET MANIFOLD M-0201 QUSAHWIRA CDS,6569-40-400-D1225-001-01,58-01-08-1601,C,PROC,Drawings,Drawings,package b schdule.xls,INST,9,5,high,CRS,0
PIPING & INSTRUMENT DIAGRAM - OIL GATHERING RDS,6569-40-400-D1225-002-01,58-11-08-1601,,PROC,Drawings,Drawings,package b schdule.xls,INST,9,5,high,CRS,0
PIPING & INSTRUMENT DIAGRAM - WATER INJECTION DISTRIBUTION HEADER - QUSAHWIRA WIC-1,6569-40-400-D1225-003-01,58-20-08-1601,,PROC,Drawings,Drawings,package b schdule.xls,INST,9,5,high,CRS,0
PIPING & INSTRUMENT DIAGRAM - WATER INJECTION DISTRIBUTION HEADER - QUSAHWIRA WIC-2,6569-40-400-D1225-004-01,58-20-08-1602,,PROC,Drawings,Drawings,package b schdule.xls,INST,9,5,high,CRS,0
PIPING & INSTRUMENT DIAGRAM - INJECTION GAS DISTRIBUTION HEADER - QUSAHWIRA CDS,6569-40-400-D1225-005-01,58-01-08-1602,,PROC,Drawings,Drawings,package b schdule.xls,INST,9,5,high,CRS,0
PIPING & INSTRUMENT DIAGRAM INLET MANIFOLD M-0213 QUSHAWIRA RDS-1,6569-40-400-D1225-006-01,58-11-08-1602,,PROC,Drawings,Drawings,package b schdule.xls,INST,9,5,high,CRS,0
CAUSE & EFFECT DIAGRAM - WATER INJECTION DISTRIBUTION HEADER - QUSAHWIRA WIC-1,6569-40-400-D1226-001-01,58-20-42-1601,,PROC,Drawings,Drawings,package b schdule.xls,PROC,9,5,high,CRS,0
CAUSE & EFFECT DIAGRAM - WATER INJECTION DISTRIBUTION HEADER - QUSAHWIRA WIC-2,6569-40-400-D1226-002-01,58-20-42-1602,,PROC,Drawings,Drawings,package b schdule.xls,PROC,9,5,high,CRS,0
CAUSE & EFFECT DIAGRAM QUSAHWIRA CENTRAL DEGASSING STATION,6569-40-400-D1226-003-01,58-01-42-1601,A,PROC,Drawings,Drawings,package b schdule.xls,PROC,9,5,high,CRS,0
"CIVIL GA FOR RDS-1, FOR QUSAHWIRA FIELD.",6569-40-400-D1310-001-01,58-11-79-1601,,CIVIL,Drawings,Drawings,package b schdule.xls,CIVIL,4,4,medium,CRS,0
STEEL PLATFORM FOUNDATION AT GAS INJECTION HEADER EXTENSION,6569-40-400-D1323-001-01,58-01-76-1604,,CIVIL,Drawings,Drawings,package b schdule.xls,CIVIL,8,4,medium,CRS,0
"LAYOUT AND DETAILS OF VALVE PIT FOR WIC, QUSAHWIRA FIELD",6569-40-400-D1325-001-01,58-20-76-1603,,CIVIL,Drawings,Drawings,package b schdule.xls,,7,5,high,CRS,0
"LAYOUT AND DETAILS OF PIPE SUPPORTS  FOR CDS, QUSAHWIRA FIELD",6569-40-400-D1326-001-01,58-01-76-1601,,CIVIL,Drawings,Drawings,package b schdule.xls,,11,5,high,CRS,0
"LAYOUT AND DETAILS OF PIPE SLEEPERS  FOR RDS-1, QUSAHWIRA FIELD",6569-40-400-D1326-002-01,58-11-76-1601,,CIVIL,Drawings,Drawings,package b schdule.xls,,11,5,high,CRS,0
"LAYOUT AND DETAILS OF PIPE SLEEPERS  FOR WIC, QUSAHWIRA FIELD",6569-40-400-D1326-003-01,58-20-76-1601,,CIVIL,Drawings,Drawings,package b schdule.xls,,11,5,high,CRS,0
STEEL PLATFORM STUCTURE AT GAS INJECTION HEADER EXTENSION,6569-40-400-D1336-001-01,58-01-76-1603,,CIVIL,Drawings,Drawings,package b schdule.xls,,4,4,medium,CRS,0
"LAYOUT AND DETAILS OF PIPE SUPPORTS FOR CDS, QUSAHWIRA FIELD",6569-40-400-D1338-001-01,58-01-76-1602,,CIVIL,Drawings,Drawings,package b schdule.xls,,11,5,high,CRS,0
"LAYOUT AND DETAILS OF PIPE SUPPORTS FOR RDS-1, QUSAHWIRA FIELD",6569-40-400-D1338-002-01,58-11-76-1602,,CIVIL,Drawings,Drawings,package b schdule.xls,,11,5,high,CRS,0
"LAYOUT AND DETAILS OF PIPE SUPPORTS FOR WIC, QUSAHWIRA FIELD",6569-40-400-D1338-003-01,58-20-76-1602,,CIVIL,Drawings,Drawings,package b schdule.xls,,11,5,high,CRS,0
SITE LAYOUT OF RDS FOR-1  QUSAHWIRA FIELD,6569-40-400-D1360-001-01,58-11-03-1601,,PIPNG,Drawings,Drawings,package b schdule.xls,,5,5,high,CRS,0
SITE LAYOUT OF CDS FOR  QUSAHWIRA FIELD,6569-40-400-D1360-002-01,58-01-03-1601,,PIPNG,Drawings,Drawings,package b schdule.xls,,5,5,high,CRS,0
SITE LAYOUT OF WIC-1 FOR  QUSAHWIRA FIELD,6569-40-400-D1360-003-01,58-20-03-1601,,PIPNG,Drawings,Drawings,package b schdule.xls,,5,5,high,CRS,0
SITE LAYOUT OF WIC-2 FOR  QUSAHWIRA FIELD,6569-40-400-D1360-004-01,58-20-03-1602,,PIPNG,Drawings,Drawings,package b schdule.xls,,5,5,high,CRS,0
PLOT PLAN FOR CDS FOR QUSAHWIRA FIELD,6569-40-400-D1362-002-01,58-01-04-1601,,PIPNG,Drawings,Drawings,package b schdule.xls,PROJECTS,4,4,medium,Procedures_Plans,3
UPDATION OF EXISTING PIPING PLANS AT  QUSAHWIRA CDS FOR GAS INJECTION HEADER,6569-40-400-D1362-003-01,58-01-13-1601,,PIPNG,Drawings,Drawings,package b schdule.xls,PIPNG,4,4,medium,CRS,0
PIPING GENERAL ARRANGEMENT DRAWINGS CDS- QUSAHWIRA,6569-40-400-D1362-005-01,58-01-21-1601,,PIPNG,Drawings,Drawings,package b schdule.xls,PIPNG,13,5,high,CRS,0
PLOT PLAN AREA -3 QUSAHWIRA CDS,6569-40-400-D1362-006-01,58-01-04-1602,,PIPNG,Drawings,Drawings,package b schdule.xls,PROJECTS,4,4,medium,Procedures_Plans,3
PIPING ISOMETRICS CDS- QUSAHWIRA,6569-40-400-J1362-003-01,58-01-15-1601,,PIPNG,Drawings,Isometrics,package b schdule.xls,PIPNG,5,5,high,CRS,0
PIPE SUPPORT SCHEDULE FOR CDS - QUSHAWIRA,6569-40-400-M1360-001-01,58-01-17-1602,,PIPNG,Drawings,Drawings,package b schdule.xls,,4,4,medium,Lists_MTOs_BOMs,2
LINE LIST FOR CDS - QUSHAWIRA,6569-40-400-M1360-002-01,58-01-17-1601,,PIPNG,Documents,Lists_MTOs_BOMs,package b schdule.xls,,8,5,high,CRS,0
PIPELINE APPROCH DRAWINGS/LAYOUTS FOR RDS-1 FOR QUSAHWIRA FIELD,6569-40-400-M1366-001-01,58-11-23-1602,,PIPNG,Drawings,Drawings,package b schdule.xls,,9,5,high,CRS,0
PIPELINE APPROCH DRAWINGS/LAYOUTS FOR CDS FOR QUSAHWIRA FIELD,6569-40-400-M1366-002-01,58-01-23-1601,,PIPNG,Drawings,Drawings,package b schdule.xls,,9,5,high,CRS,0
PIPELINE APPROCH DRAWINGS/LAYOUTS FOR WIC-1 FOR QUSAHWIRA FIELD,6569-40-400-M1366-003-01,58-20-23-1601,,PIPNG,Drawings,Drawings,package b schdule.xls,,9,5,high,CRS,0
PIPELINE APPROCH DRAWINGS/LAYOUTS FOR WIC-2 FOR QUSAHWIRA FIELD,6569-40-400-M1366-004-01,58-20-23-1602,,PIPNG,Drawings,Drawings,package b schdule.xls,,9,5,high,CRS,0
SCOPE OF WORK FOR 33KV OVERHEAD TRANSMISSION LINE,6569-40-500-R1382-001-01,30-45-67-1601,,ELEC,Documents,Reports,package b schdule.xls,,4,4,medium,CRS,0
VALVE LIST,6536-01-001-B1362-001-01,16-01-19-2602,3,PIPNG,Documents,Lists_MTOs_BOMs,sahil schedule.xls,,3,3,medium,CRS,0
MTO FOR PIPES AND FITTINGS,6536-01-001-B1362-004-01,16-01-19-2605,3,PIPNG,Documents,Lists_MTOs_BOMs,sahil schedule.xls,,5,5,high,CRS,0
SECOND MTO FOR PIPES AND FITTINGS,6536-01-001-B1362-005-01,16-01-19-2606,,PIPNG,Documents,Lists_MTOs_BOMs,sahil schedule.xls,,5,5,high,CRS,0
INSTRUMENT BULK MTO,6536-01-001-B1378-001-01,16-01-48-2605,1,INST,Documents,Lists_MTOs_BOMs,sahil schedule.xls,INST,5,5,high,CRS,0
MTO FOR ELECTRICAL BULK MATERIAL,6536-01-001-B1380-001-01,16-01-63-2605,1,ELEC,Documents,Lists_MTOs_BOMs,sahil schedule.xls,,5,5,high,CRS,0
MTO FOR POWER WORKS,6536-01-001-B1382-001-01,16-01-63-2608,1,ELEC,Documents,Lists_MTOs_BOMs,sahil schedule.xls,,5,5,high,CRS,0
MTO FOR LIGHTING,6536-01-001-B1383-001-01,16-01-63-2606,2,ELEC,Documents,Lists_MTOs_BOMs,sahil schedule.xls,,5,5,high,CRS,0
MTO FOR EARTHING,6536-01-001-B1384-001-01,16-01-63-2607,3,ELEC,Documents,Lists_MTOs_BOMs,sahil schedule.xls,ELEC,5,5,high,CRS,0
PIPING WALL THICHNESS CALCULATION REPORT,6536-01-001-C1362-001-01,16-01-23-2663,1,PIPNG,Documents,Calculations,sahil schedule.xls,PIPNG,5,5,high,Reports,5
CABLE SIZING CALCULATION,6536-01-001-C1382-001-01,16-01-67-2601,1,ELEC,Documents,Calculations,sahil schedule.xls,,8,5,high,CRS,0
LIGHTING CALCULATION,6536-01-001-C1383-001-01,16-01-67-2602,2,ELEC,Documents,Calculations,sahil schedule.xls,,5,5,high,CRS,0
EARTHING CALCULATION,6536-01-001-C1384-001-01,16-01-67-2603,1,ELEC,Documents,Calculations,sahil schedule.xls,ELEC,5,5,high,CRS,0
PIPING & INSTRUMENT DIAGRAM LEGEND SHEET,6536-01-001-D1225-001-01,16-99-08-2601,1,PROC,Drawings,Drawings,sahil schedule.xls,INST,9,5,high,CRS,0
FIRE FIGHTING  AND SAFETY EQUIPMENT LAYOUT - SAHIL CDS,6536-01-001-D1241-001-01,16-01-88-2601,1,HSE,Drawings,Drawings,sahil schedule.xls,HSE,5,5,high,CRS,0
F&G  DETECTORS LOCATION LAYOUT - SAHIL CDS,6536-01-001-D1241-002-01,16-01-45-2601,1,HSE,Drawings,Drawings,sahil schedule.xls,HSE,5,5,high,CRS,0
FIRE AND GAS SYSTEM CAUSE AND EFFECT DIAGRAM - SAHIL CDS,6536-01-001-D1241-003-01,16-01-45-2602,1,HSE,Drawings,Drawings,sahil schedule.xls,HSE,9,5,high,CRS,0
FIRE PROOFING ZONING LAYOUT - SAHIL CDS,6536-01-001-D1241-004-01,16-01-89-2607,1,HSE,Drawings,Drawings,sahil schedule.xls,HSE,5,5,high,CRS,0
SAFETY SIGNS LAYOUT - SAHIL CDS,6536-01-001-D1241-005-01,16-01-88-2602,1,HSE,Drawings,Drawings,sahil schedule.xls,HSE,5,5,high,CRS,0
ESCAPE ROUTES LAYOUT,6536-01-001-D1241-006-01,16-01-88-2603,2,HSE,Drawings,Drawings,sahil schedule.xls,,5,5,high,CRS,0
PIPING AND INSTRUMENT DIAGRAM  FIREWATER RING MAIN SAHIL CDS,6536-01-001-D1241-007-01,16-01-08-2628,B,HSE,Drawings,Drawings,sahil schedule.xls,INST,9,5,high,CRS,0
GENERAL NOTES CIVIL WORKS,6536-01-001-D1310-001-01,16-99-91-2620,1,CIVIL,Documents,Specifications,sahil schedule.xls,CIVIL,3,3,medium,CRS,0
GENERAL NOTES CONCRETE WORKS,6536-01-001-D1320-001-01,16-99-91-2621,1,CIVIL,Documents,Specifications,sahil schedule.xls,CIVIL,3,3,medium,CRS,0
STANDARD DRAWING REBAR ARRANGEMENT,6536-01-001-D1320-002-01,16-99-91-2622,1,CIVIL,Drawings,Drawings,sahil schedule.xls,CIVIL,13,5,high,Specifications,3
STANDARD DRAWING ANCHOR BOLT DETAILS,6536-01-001-D1320-003-01,16-99-91-2623,1,CIVIL,Drawings,Drawings,sahil schedule.xls,,11,5,high,Specifications,3
GENERAL NOTES STEEL WORKS,6536-01-001-D1330-001-01,16-99-91-2624,2,CIVIL,Documents,Specifications,sahil schedule.xls,CIVIL,3,3,medium,CRS,0
STANDARD DRAWING MEMBER LIST,6536-01-001-D1330-002-01,16-99-91-2625,1,CIVIL,Drawings,Drawings,sahil schedule.xls,,9,5,high,Lists_MTOs_BOMs,3
STANDARD DRAWINGS CONNECTION DETAILS,6536-01-001-D1330-003-01,16-99-91-2626,1,CIVIL,Drawings,Drawings,sahil schedule.xls,,11,5,high,Specifications,3
ICSS SYSTEM ARCHITECTURE DIAGRAM,6536-01-001-D1371-001-01,16-01-43-2601,1,INST,Drawings,Drawings,sahil schedule.xls,,7,4,medium,CRS,0
INSTRUMENT LOOP/SEGMENT DRAWINGS,6536-01-001-D1378-001-01,16-01-41-2601,1,INST,Drawings,Drawings,sahil schedule.xls,INST,4,4,medium,CRS,0
INSTRUMENT INSTALLATION DRAWINGS,6536-01-001-D1378-002-01,16-01-46-2601,1,INST,Drawings,Drawings,sahil schedule.xls,INST,7,4,medium,CRS,0
TYPICAL HOOK UP DRAWINGS,6536-01-001-D1378-003-01,16-01-46-2602,1,INST,Drawings,Drawings,sahil schedule.xls,,13,4,medium,CRS,0
INSTRUMENT JB INTERCONNECTION / TERMINATION DRAWINGS,6536-01-001-D1378-004-01,16-01-47-2601,1,INST,Drawings,Drawings,sahil schedule.xls,INST,4,4,medium,CRS,0
INSTRUMENT LOCATION LAYOUT DRAWINGS -AREA-2 SAHIL CDS,6536-01-001-D1378-005-01,16-01-49-2601,1,INST,Drawings,Drawings,sahil schedule.xls,INST,9,5,high,CRS,0
INSTRUMENT LOCATION LAYOUT DRAWINGS - AREA-3 MPFM AREA SAHIL CDS,6536-01-001-D1378-006-01,16-01-49-2603,1,INST,Drawings,Drawings,sahil schedule.xls,INST,9,5,high,CRS,0
KEY SINGLE LINE DIAGRAM - SAHIL CDS,6536-01-001-D1380-001-01,16-01-56-2601,1,ELEC,Drawings,Drawings,sahil schedule.xls,,8,4,medium,CRS,0
HAZARDOUS AREA CLASSIFICATION LAYOUT  - SAHIL CDS,6536-01-001-D1380-003-01,16-01-01-2602,2,ELEC,Drawings,Drawings,sahil schedule.xls,,8,5,high,CRS,0
SINGLE LINE DIAGRAM 16-01-HSWG-4301 (3.3KV) SAHIL CDS SUBSTATION NO.4,6536-01-001-D1381-001-01,16-01-56-2602,1,ELEC,Drawings,Drawings,sahil schedule.xls,ELEC,8,4,medium,CRS,0
SINGLE LINE DIAGRAM 16-01-MSWG-4413 (415V) SAHIL CDS SUBSTATION NO.4,6536-01-001-D1381-002-01,16-01-56-2603,1,ELEC,Drawings,Drawings,sahil schedule.xls,ELEC,8,4,medium,CRS,0
SINGLE LINE DIAGRAM 16-01-MDB-4413  SAHIL CDS SUBSTATION NO.4,6536-01-001-D1381-003-01,16-01-56-2604,1,ELEC,Drawings,Drawings,sahil schedule.xls,ELEC,8,4,medium,CRS,0
SINGLE LINE DIAGRAM 16-01-DB-4413-02  SAHIL CDS SUBSTATION NO.4,6536-01-001-D1381-004-01,16-01-56-2605,2,ELEC,Drawings,Drawings,sahil schedule.xls,ELEC,8,4,medium,CRS,0
SINGLE LINE DIAGRAM 16-01-DB-4414-02  SAHIL CDS SUBSTATION NO.4,6536-01-001-D1381-005-01,16-01-56-2606,2,ELEC,Drawings,Drawings,sahil schedule.xls,ELEC,8,4,medium,CRS,0
SINGLE LINE DIAGRAM 16-01-DB-4413-03  SAHIL CDS SUBSTATION NO.4,6536-01-001-D1381-006-01,16-01-56-2607,1,ELEC,Drawings,Drawings,sahil schedule.xls,ELEC,8,4,medium,CRS,0
TYPICAL PROTECTION AND METERING DIAGRAMS - 16-01-HSWG-4301 (3.3KV) SAHIL CDS S/S NO.4,6536-01-001-D1381-007-01,16-01-56-2608,1,ELEC,Drawings,Drawings,sahil schedule.xls,,6,4,medium,CRS,0
TYPICAL PROTECTION AND METERING DIAGRAMS - 16-01-MSWG-4413 (415V)  SAHIL CDS S/S NO.4,6536-01-001-D1381-008-01,16-01-56-2609,1,ELEC,Drawings,Drawings,sahil schedule.xls,,6,4,medium,CRS,0
ELECTRICAL EQUIPMENT LAYOUT -SUBSTATION NO. 4 SAHIL CDS,6536-01-001-D1381-009-01,16-01-59-2601,1,ELEC,Drawings,Drawings,sahil schedule.xls,ELEC,5,5,high,CRS,0
ELECTRICAL CABLE ROUTING LAYOUT-SUBSTATION NO.4-SAHIL CDS,6536-01-001-D1381-010-01,16-01-59-2602,1,ELEC,Drawings,Drawings,sahil schedule.xls,ELEC,9,5,high,CRS,0
SCHEMATIC BLOCK DIAGRAM SUBSTATION CONTROL & MONITORING SYSTEM - SAHIL CDS,6536-01-001-D1381-011-01,16-01-67-2621,1,ELEC,Drawings,Drawings,sahil schedule.xls,ELEC,11,4,medium,CRS,0
SCHEMATIC BLOCK DIAGRAM SUBSTATION CONTROL AND MONITORING SYSTEM ASAB CDS,6536-01-001-D1381-012-01,14-01-67-2601,1,ELEC,Drawings,Drawings,sahil schedule.xls,ELEC,11,4,medium,CRS,0
SCHEMATIC BLOCK DIAGRAM SUBSTATION CONTROL AND MONITORING SYSTEM ASAB ACC,6536-01-001-D1381-013-01,14-16-67-2601,1,ELEC,Drawings,Drawings,sahil schedule.xls,ELEC,11,4,medium,CRS,0
ELECTRICAL CABLE ROUTING LAYOUT-PLANT AREA-SAHIL CDS,6536-01-001-D1382-001-01,16-01-59-2603,2,ELEC,Drawings,Drawings,sahil schedule.xls,,9,5,high,CRS,0
POWER INSTALLATION STANDARD,6536-01-001-D1382-002-01,16-01-67-2605,1,ELEC,Documents,Specifications,sahil schedule.xls,,3,3,medium,CRS,0
ELECTRICAL CABLE ROUTING PLAN -  MPFM AREA (PHASE-2) SAHIL CDS,6536-01-001-D1382-003-01,16-01-59-2611,1,ELEC,Drawings,Drawings,sahil schedule.xls,PROJECTS,4,4,medium,Procedures_Plans,3
NORMAL LIGHTING SYSTEM BLOCK DIAGRAM - DB-4413-02 (CIRCUIT 32) SAHIL CDS,6536-01-001-D1383-001-01,16-01-59-2609,1,ELEC,Drawings,Drawings,sahil schedule.xls,,8,4,medium,CRS,0
EMERGENCY LIGHTING SYSTEM BLOCK DIAGRAM- DB-4414-02 (CIRCUIT 7) SAHIL CDS,6536-01-001-D1383-002-01,16-01-59-2610,1,ELEC,Drawings,Drawings,sahil schedule.xls,,8,4,medium,CRS,0
LIGHTING INSTALLATION STANDARD,6536-01-001-D1383-003-01,16-01-67-2606,1,ELEC,Documents,Specifications,sahil schedule.xls,,3,3,medium,CRS,0
EARTHING INSTALLATION STANDARDS,6536-01-001-D1384-001-01,16-01-67-2607,1,ELEC,Documents,Specifications,sahil schedule.xls,ELEC,3,3,medium,CRS,0
PIPING ISOMETRICS FOR WELL SA-247 - SAHIL,6536-01-001-J1364-001-01,16-70-15-2601,1,PIPNG,Drawings,Isometrics,sahil schedule.xls,PIPNG,5,5,high,CRS,0
90 DAYS LOOK AHEAD SCHEDULE,6536-01-001-M1130-001-01,16-99-91-2607,1,PROJECTS,Documents,Procedures_Plans,sahil schedule.xls,,4,4,medium,Lists_MTOs_BOMs,2
PROJECT EXECUTION PLAN,6536-01-001-M1130-002-01,16-99-91-2630,1,PROJECTS,Documents,Procedures_Plans,sahil schedule.xls,PROJECTS,6,3,medium,CRS,0
PLANNING & SCHEDULING PROCEDURE,6536-01-001-M1130-003-01,16-99-91-2632,1,PROJECTS,Documents,Procedures_Plans,sahil schedule.xls,PROJECTS,8,5,high,CRS,0
PROGRESS MEASUREMENT PROCEDURE,6536-01-001-M1130-004-01,16-99-91-2633,1,PROJECTS,Documents,Procedures_Plans,sahil schedule.xls,PROJECTS,5,5,high,CRS,0
PROGRESS REPORTING PROCEDURE,6536-01-001-M1130-005-01,16-99-91-2634,1,PROJECTS,Documents,Procedures_Plans,sahil schedule.xls,PROJECTS,5,5,high,CRS,0
PROJECT SCHECULE BASIS AND ASSUMPTIONS,6536-01-001-M1130-006-01,16-99-91-2635,,PROJECTS,Undefined,Documents,sahil schedule.xls,,0,0,low,CRS,0
PROCUREMENT PROCEDURE,6536-01-001-M1130-007-01,16-99-91-2640,1,PROJECTS,Documents,Procedures_Plans,sahil schedule.xls,PROJECTS,5,5,high,CRS,0
PROCUREMENT EXECUTION PLAN,6536-01-001-M1130-008-01,16-99-91-2641,1,PROJECTS,Documents,Procedures_Plans,sahil schedule.xls,PROJECTS,6,3,medium,CRS,0
EXPEDITING PROCEDURE,6536-01-001-M1130-009-01,16-99-91-2642,1,PROJECTS,Documents,Procedures_Plans,sahil schedule.xls,PROJECTS,5,5,high,CRS,0
LOGISTIC PROCEDURE,6536-01-001-M1130-010-01,16-99-91-2643,1,PROJECTS,Documents,Procedures_Plans,sahil schedule.xls,PROJECTS,5,5,high,CRS,0
MATERIAL HANDLING PROCEDURE,6536-01-001-M1130-011-01,16-99-91-2644,,PROJECTS,Documents,Procedures_Plans,sahil schedule.xls,PROJECTS,5,5,high,CRS,0
SPARE PARTS PROCEDURE,6536-01-001-M1130-012-01,16-99-91-2645,1,PROJECTS,Documents,Procedures_Plans,sahil schedule.xls,PROJECTS,5,5,high,CRS,0
VENDOR DOCUMENT HANDLING PROCEDURE,6536-01-001-M1130-013-01,16-99-91-2646,,PROJECTS,Documents,Procedures_Plans,sahil schedule.xls,PROJECTS,5,5,high,Documents,4
PLANNING PACKAGE (OVERALL AND CONSTRUCTION CURVES),6536-01-001-M1130-014-01,16-99-91-2651,3,PROJECTS,Documents,Procedures_Plans,sahil schedule.xls,,3,3,medium,CRS,0
PROJECT QUALITY PLAN,6536-01-001-M1139-001-01,16-99-91-2636,1,PROJECTS,Documents,Procedures_Plans,sahil schedule.xls,PROJECTS,3,3,medium,CRS,0
AUDIT PROCEDURE,6536-01-001-M1139-002-01,16-99-91-2637,1,PROJECTS,Documents,Procedures_Plans,sahil schedule.xls,PROJECTS,5,5,high,CRS,0
NON CONFORMANCE CONTROL PROCEDURE,6536-01-001-M1139-003-01,16-99-91-2638,1,PROJECTS,Documents,Procedures_Plans,sahil schedule.xls,PROJECTS,5,5,high,CRS,0
SOURCE INSPECTION PROCEDURE,6536-01-001-M1139-004-01,16-99-91-2639,1,PROJECTS,Documents,Procedures_Plans,sahil schedule.xls,PROJECTS,5,5,high,CRS,0
QA RECORD CONTROL PROCEDURE,6536-01-001-M1139-005-01,16-99-91-2652,,PROJECTS,Documents,Procedures_Plans,sahil schedule.xls,PROJECTS,5,5,high,CRS,0
RECEIVING INSPECTION PROCEDURE,6536-01-001-M1139-006-01,16-99-91-2653,,PROJECTS,Documents,Procedures_Plans,sahil schedule.xls,PROJECTS,5,5,high,CRS,0
INSPECTION & TEST PROCEDURE,6536-01-001-M1139-007-01,16-99-91-2654,,PROJECTS,Documents,Procedures_Plans,sahil schedule.xls,PROJECTS,5,5,high,CRS,0
CORRECTIVE AND PREVENTIVE ACTION PROCEDURE,6536-01-001-M1139-010-01,16-99-91-2658,,PROJECTS,Documents,Procedures_Plans,sahil schedule.xls,PROJECTS,5,5,high,CRS,0
WELDER QUALIFICATION & CONTROL PROCEDURE,6536-01-001-M1139-012-01,16-99-91-2660,,PROJECTS,Documents,Procedures_Plans,sahil schedule.xls,PROJECTS,5,5,high,CRS,0
WELDING MATERIAL CONTROL PROCEDURE,6536-01-001-M1139-013-01,16-99-91-2661,,PROJECTS,Documents,Procedures_Plans,sahil schedule.xls,PROJECTS,5,5,high,CRS,0
WELDING PROCEDURE QUALIFICATION,6536-01-001-M1139-014-01,16-99-91-2662,,PROJECTS,Documents,Procedures_Plans,sahil schedule.xls,PROJECTS,5,5,high,CRS,0
QUALITY OBJECTIVE CONTROL PROCEDURE,6536-01-001-M1139-018-01,16-99-91-2666,,PROJECTS,Documents,Procedures_Plans,sahil schedule.xls,PROJECTS,5,5,high,CRS,0
QUALITY MONTHLY REPORT NO. 01,6536-01-001-M1139-022-01,16-99-91-2685,,PROJECTS,Documents,Reports,sahil schedule.xls,,5,5,high,CRS,0
QUALITY CONTROL PROCEDURE OF PIPING FABRICATION AND ERECTION,6536-01-001-M1139-023-01,16-99-91-2686,A,PROJECTS,Documents,Procedures_Plans,sahil schedule.xls,PIPNG,5,5,high,CRS,0
QUALITY INSPECTION PLAN FOR PIPING FABRICATION AND ERECTION,6536-01-001-M1139-024-01,16-99-91-2687,A,PROJECTS,Documents,Procedures_Plans,sahil schedule.xls,PIPNG,3,3,medium,CRS,0
INVOICING PROCEDURE,6536-01-001-M113Z-001-01,16-99-91-2650,1,PROJECTS,Documents,Procedures_Plans,sahil schedule.xls,PROJECTS,9,5,high,CRS,0
SAHIL TEMPORAY SITE FACILITIES LAYOUT PLAN,6536-01-001-M1160-002-01,16-99-91-2678,3,PROJECTS,Drawings,Drawings,sahil schedule.xls,PROJECTS,5,5,high,Procedures_Plans,3
QUALITY INSPECTION PLAN FOR CIVIL WORKS,6536-01-001-M1160-003-01,16-99-91-2679,C,PROJECTS,Documents,Procedures_Plans,sahil schedule.xls,CIVIL,3,3,medium,CRS,0
METHOD STATEMENT FOR CONCRETE WORKS,6536-01-001-M1160-004-01,16-99-91-2680,1,PROJECTS,Documents,Procedures_Plans,sahil schedule.xls,CIVIL,5,5,high,CRS,0
METHOD STATEMENT FOR EXCAVATION AND BACKFILLING,6536-01-001-M1160-005-01,16-99-91-2681,1,PROJECTS,Documents,Procedures_Plans,sahil schedule.xls,PROJECTS,5,5,high,CRS,0
METHOD STATEMENT FOR TEMPORARY SITE FACILITIES,6536-01-001-M1160-006-01,16-99-91-2682,1,PROJECTS,Documents,Procedures_Plans,sahil schedule.xls,PROJECTS,5,5,high,CRS,0
TRA- INSTALLATION OF TEMPORARY SITE FACILITIES AT SAHIL ADCO,6536-01-001-M1160-007-01,16-99-91-2683,A,PROJECTS,Documents,Procedures_Plans,sahil schedule.xls,PROJECTS,4,4,medium,CRS,0
CONSTRUCTION DETAIL PLAN,6536-01-001-M1160-008-01,16-99-91-2684,A,PROJECTS,Documents,Procedures_Plans,sahil schedule.xls,PROJECTS,3,3,medium,Drawings,2
METHOD STATEMENT FOR GRE FABRICATION AND INSTALLATION,6536-01-001-M1160-009-01,16-99-91-2688,,PROJECTS,Documents,Procedures_Plans,sahil schedule.xls,PROJECTS,5,5,high,CRS,0
METHOD STATEMENT FOR SHOP FABRICATION OF PIPING,6536-01-001-M1160-010-01,16-99-91-2689,,PROJECTS,Documents,Procedures_Plans,sahil schedule.xls,PIPNG,5,5,high,CRS,0
WELDING PROCEDURE SPECIFICATION (1359-DES-11-A-02-15),6536-01-001-M1160-011-01,16-99-91-2690,A,PROJECTS,Documents,Procedures_Plans,sahil schedule.xls,PROJECTS,5,5,high,Specifications,5
WELDING PROCEDURE SPECIFICATION (1359-DES-11-AB-01-15),6536-01-001-M1160-012-01,16-99-91-2691,A,PROJECTS,Documents,Procedures_Plans,sahil schedule.xls,PROJECTS,5,5,high,Specifications,5
WELDING PROCEDURE SPECIFICATION (1359-DES-11-B-03-15),6536-01-001-M1160-013-01,16-99-91-2692,A,PROJECTS,Documents,Procedures_Plans,sahil schedule.xls,PROJECTS,5,5,high,Specifications,5
METHOD STATEMENT FOR WELDING PROCEDURE QUALIFICATION,6536-01-001-M1160-014-01,16-99-91-2693,,PROJECTS,Documents,Procedures_Plans,sahil schedule.xls,PROJECTS,10,5,high,CRS,0
METHOD STATEMENT FOR INSTALLATION OF STATIC EQUIPMENT,6536-01-001-M1160-015-01,16-99-91-2694,,PROJECTS,Documents,Procedures_Plans,sahil schedule.xls,MECH,5,5,high,CRS,0
METHOD STATEMENT FOR INSTALLATION OF ROTATING EQUIPMENT,6536-01-001-M1160-016-01,16-99-91-2695,,PROJECTS,Documents,Procedures_Plans,sahil schedule.xls,MECH,5,5,high,CRS,0
METHOD STATEMENT FOR PRESSURE TESTING OF PIPING,6536-01-001-M1160-017-01,16-99-91-2696,,PROJECTS,Documents,Procedures_Plans,sahil schedule.xls,PIPNG,5,5,high,CRS,0
METHOD STATEMENT FOR WELDING CONSUMABLE CONTROL,6536-01-001-M1160-018-01,16-99-91-2697,,PROJECTS,Documents,Procedures_Plans,sahil schedule.xls,PROJECTS,5,5,high,CRS,0
METHOD STATEMENT FOR WELDING REPAIR,6536-01-001-M1160-019-01,16-99-91-2698,,PROJECTS,Documents,Procedures_Plans,sahil schedule.xls,PROJECTS,5,5,high,CRS,0
METHOD STATEMENT FOR VISUAL EXAMINATION PROCEDURE,6536-01-001-M1160-020-01,16-99-91-2699,,PROJECTS,Documents,Procedures_Plans,sahil schedule.xls,PROJECTS,10,5,high,CRS,0
METHOD STATEMENT FOR FLUSING AND AIR BLOWING OF PIPING,6536-01-001-M1160-021-01,16-99-91-2700,,PROJECTS,Documents,Procedures_Plans,sahil schedule.xls,PIPNG,5,5,high,CRS,0
METHOD STATEMENT FOR WELDER QUALIFICATION AND CONTROL,6536-01-001-M1160-022-01,16-99-91-2701,,PROJECTS,Documents,Procedures_Plans,sahil schedule.xls,PROJECTS,5,5,high,CRS,0
METHOD STATEMENT FOR IDENTIFICATION AND TRACEBILITY OF MATERIAL,6536-01-001-M1160-023-01,16-99-91-2702,,PROJECTS,Documents,Procedures_Plans,sahil schedule.xls,PROJECTS,5,5,high,CRS,0
METHOD STATEMENT FOR ERECTION OF SCAFFOLDING,6536-01-001-M1160-024-01,16-99-91-2703,,PROJECTS,Documents,Procedures_Plans,sahil schedule.xls,PROJECTS,5,5,high,CRS,0
METHOD STATEMENT FOR GRAVITY LEAK PRESSURE TEST OF GRE PIPING,6536-01-001-M1160-025-01,16-99-91-2704,,PROJECTS,Documents,Procedures_Plans,sahil schedule.xls,PIPNG,5,5,high,CRS,0
METHOD STATEMENT FOR LIFTING OF PIPE,6536-01-001-M1160-026-01,16-99-91-2705,,PROJECTS,Documents,Procedures_Plans,sahil schedule.xls,PROJECTS,5,5,high,CRS,0
METHOD STATEMENT FOR LOADING AND OFF-LOADING OF PIPES AND OTHER MATERIALS,6536-01-001-M1160-027-01,16-99-91-2706,,PROJECTS,Documents,Procedures_Plans,sahil schedule.xls,PROJECTS,5,5,high,CRS,0
METHOD STATEMENT FOR GALVANIZING,6536-01-001-M1160-028-01,16-99-91-2707,,PROJECTS,Documents,Procedures_Plans,sahil schedule.xls,PROJECTS,5,5,high,CRS,0
METHOD STATEMENT FOR CONCRETE PIT CHIPPING,6536-01-001-M1160-029-01,16-99-91-2708,,PROJECTS,Documents,Procedures_Plans,sahil schedule.xls,PROJECTS,5,5,high,CRS,0
METHOD STATEMENT FOR INSTALLATION OF VERTICAL PUMPS,6536-01-001-M1160-030-01,16-99-91-2709,,PROJECTS,Documents,Procedures_Plans,sahil schedule.xls,PROJECTS,5,5,high,CRS,0
METHOD STATEMENT FOR OH CRANE,6536-01-001-M1160-031-01,16-99-91-2710,,PROJECTS,Documents,Procedures_Plans,sahil schedule.xls,PROJECTS,5,5,high,CRS,0
METHOD STATEMENT FOR HYDRO LEAK TESTING AND FLUSING,6536-01-001-M1160-032-01,16-99-91-2711,,PROJECTS,Documents,Procedures_Plans,sahil schedule.xls,PROJECTS,5,5,high,CRS,0
METHOD STATEMENT FOR PAINTING,6536-01-001-M1160-033-01,16-99-91-2712,,PROJECTS,Documents,Procedures_Plans,sahil schedule.xls,PROJECTS,5,5,high,CRS,0
METHOD STATEMENT FOR MASONARY WORKS,6536-01-001-M1160-034-01,16-99-91-2713,,PROJECTS,Documents,Procedures_Plans,sahil schedule.xls,PROJECTS,5,5,high,CRS,0
METHOD STATEMENT FOR CONCRETE TRAIL MIXES AT XTRAMIX BATCH PLANT,6536-01-001-M1160-035-01,16-99-91-2714,,PROJECTS,Documents,Procedures_Plans,sahil schedule.xls,PROJECTS,5,5,high,CRS,0
METHOD STATEMENT FOR GROUTING,6536-01-001-M1160-036-01,16-99-91-2715,,PROJECTS,Documents,Procedures_Plans,sahil schedule.xls,PROJECTS,5,5,high,CRS,0
METHOD STATEMENT FOR PMT CAMP,6536-01-001-M1160-037-01,16-99-91-2716,,PROJECTS,Documents,Procedures_Plans,sahil schedule.xls,PROJECTS,5,5,high,CRS,0
METHOD STATEMENT FOR EXCAVATION AND BACKFILLING,6536-01-001-M1160-038-01,16-99-91-2717,,PROJECTS,Documents,Procedures_Plans,sahil schedule.xls,PROJECTS,5,5,high,CRS,0
METHOD STATEMENT FOR GENERAL FILL,6536-01-001-M1160-039-01,16-99-91-2718,,PROJECTS,Documents,Procedures_Plans,sahil schedule.xls,PROJECTS,5,5,high,CRS,0
METHOD STATEMENT FOR CONSTRUCTION OF FOUNDATIONS,6536-01-001-M1160-040-01,16-99-91-2719,,PROJECTS,Documents,Procedures_Plans,sahil schedule.xls,CIVIL,5,5,high,Drawings,4
METHOD STATEMENT FOR EMBANKMENT CONSTRUCTION,6536-01-001-M1160-041-01,16-99-91-2720,,PROJECTS,Documents,Procedures_Plans,sahil schedule.xls,PROJECTS,5,5,high,CRS,0
METHOD STATEMENT FOR PIPE LAYING,6536-01-001-M1160-042-01,16-99-91-2721,,PROJECTS,Documents,Procedures_Plans,sahil schedule.xls,PROJECTS,5,5,high,CRS,0
METHOD STATEMENT FOR PRECAST ELEMENTS,6536-01-001-M1160-043-01,16-99-91-2722,,PROJECTS,Documents,Procedures_Plans,sahil schedule.xls,PROJECTS,5,5,high,CRS,0
"METHOD STATEMENT FOR CONCRETE BATCHING PLANT MOBILIZATION, ERECTION, COMMISSIONING & MAINTENANCE",6536-01-001-M1160-044-01,16-99-91-2723,,PROJECTS,Documents,Procedures_Plans,sahil schedule.xls,PROJECTS,5,5,high,CRS,0
"METHOD STATEMENT FOR LAYING PIPES IN DUCT BANKS, CONDUITS IN CONCRETE & BURRIED CONDUITS",6536-01-001-M1160-045-01,16-99-91-2724,,PROJECTS,Documents,Procedures_Plans,sahil schedule.xls,PROJECTS,5,5,high,CRS,0
METHOD STATEMENT FOR INSTRUMENT CALIBRATION,6536-01-001-M1160-046-01,16-99-91-2725,,PROJECTS,Documents,Procedures_Plans,sahil schedule.xls,INST,5,5,high,CRS,0
METHOD STATEMENT FOR CABLE TRAY LADDER PERFORATED TYPE INSTALLATION,6536-01-001-M1160-047-01,16-99-91-2726,,PROJECTS,Documents,Procedures_Plans,sahil schedule.xls,PROJECTS,5,5,high,CRS,0
"METHOD STATEMENT FOR HV, MV AND LV INSTRUMENTS AND CONTROL CABLE TESTING",6536-01-001-M1160-048-01,16-99-91-2727,,PROJECTS,Documents,Procedures_Plans,sahil schedule.xls,ELEC,5,5,high,CRS,0
METHOD STATEMENT FOR MV AND LV SWITCHGEARS,6536-01-001-M1160-049-01,16-99-91-2728,,PROJECTS,Documents,Procedures_Plans,sahil schedule.xls,ELEC,5,5,high,CRS,0
METHOD STATEMENT FOR STEEL STRUCTURE ERECTION,6536-01-001-M1160-050-01,16-99-91-2729,,PROJECTS,Documents,Procedures_Plans,sahil schedule.xls,PROJECTS,5,5,high,Drawings,4
METHOD STATEMENT FOR INSTALLATION OF TEMPORARY SITE FACILITY,6536-01-001-M1160-051-01,16-99-91-2730,,PROJECTS,Documents,Procedures_Plans,sahil schedule.xls,PROJECTS,5,5,high,CRS,0
METHOD STATEMENT FOR CHIPPING AND PADDING WORK STEEL STRUCTURE,6536-01-001-M1160-052-01,16-99-91-2731,,PROJECTS,Documents,Procedures_Plans,sahil schedule.xls,PROJECTS,5,5,high,Drawings,4
METHOD STATEMENT FOR COMMISSIONING OF ELECTRICAL POWER SYSTEM,6536-01-001-M1160-053-01,16-99-91-2732,,PROJECTS,Documents,Procedures_Plans,sahil schedule.xls,PROJECTS,5,5,high,CRS,0
"METHOD STATEMENT FOR CUTTING, WELDING AND GRINDING",6536-01-001-M1160-054-01,16-99-91-2733,,PROJECTS,Documents,Procedures_Plans,sahil schedule.xls,PROJECTS,5,5,high,CRS,0
METHOD STATEMENT FOR BOLT TOQUING TENSIONING,6536-01-001-M1160-055-01,16-99-91-2734,,PROJECTS,Documents,Procedures_Plans,sahil schedule.xls,PROJECTS,5,5,high,CRS,0
METHOD STATEMENT FOR ERECTION OF ROTARY EQUIPMENT,6536-01-001-M1160-056-01,16-99-91-2735,,PROJECTS,Documents,Procedures_Plans,sahil schedule.xls,PROJECTS,5,5,high,CRS,0
METHOD STATEMENT FOR STRUCTURE MODULE,6536-01-001-M1160-057-01,16-99-91-2736,,PROJECTS,Documents,Procedures_Plans,sahil schedule.xls,PROJECTS,5,5,high,CRS,0
METHOD STATEMENT FOR NIGHT SHIFT ACTIVITY,6536-01-001-M1160-058-01,16-99-91-2737,,PROJECTS,Documents,Procedures_Plans,sahil schedule.xls,PROJECTS,5,5,high,CRS,0
METHOD STATEMENT FOR EXTRUSION BUILDING STEEL STRUCTURE ERECTION,6536-01-001-M1160-059-01,16-99-91-2738,,PROJECTS,Documents,Procedures_Plans,sahil schedule.xls,PROJECTS,5,5,high,Drawings,4
METHOD STATEMENT FOR CONFINED SPACE,6536-01-001-M1160-060-01,16-99-91-2739,,PROJECTS,Documents,Procedures_Plans,sahil schedule.xls,PROJECTS,5,5,high,CRS,0
METHOD STATEMENT FOR CRANE ASSEMBLING,6536-01-001-M1160-061-01,16-99-91-2740,,PROJECTS,Documents,Procedures_Plans,sahil schedule.xls,PROJECTS,5,5,high,CRS,0
METHOD STATEMENT FOR OFFLOADIN AND ERECTION,6536-01-001-M1160-062-01,16-99-91-2741,,PROJECTS,Documents,Procedures_Plans,sahil schedule.xls,PROJECTS,5,5,high,CRS,0
METHOD STATEMENT FOR GRATING INSTALLATION,6536-01-001-M1160-063-01,16-99-91-2742,,PROJECTS,Documents,Procedures_Plans,sahil schedule.xls,PROJECTS,5,5,high,CRS,0
METHOD STATEMENT FOR 76 NDE (UT RT MT),6536-01-001-M1160-064-01,16-99-91-2743,,PROJECTS,Documents,Procedures_Plans,sahil schedule.xls,PROJECTS,5,5,high,CRS,0
METHOD STATEMENT FOR INSTALLATION OF TEMPORARY ELECTRICAL NETWORKING,6536-01-001-M1160-065-01,16-99-91-2744,,PROJECTS,Documents,Procedures_Plans,sahil schedule.xls,PROJECTS,5,5,high,CRS,0
METHOD STATEMENT FOR EXECUTION OF TIE-INS,6536-01-001-M1160-066-01,16-99-91-2745,,PROJECTS,Documents,Procedures_Plans,sahil schedule.xls,PROJECTS,8,5,high,Lists_MTOs_BOMs,4
METHOD STATEMENT FOR POSITIVE METAL IDENTIFICATION,6536-01-001-M1160-067-01,16-99-91-2746,,PROJECTS,Documents,Procedures_Plans,sahil schedule.xls,PROJECTS,5,5,high,CRS,0
METHOD STATEMENT FOR LIQUID PENETRANT TESTING,6536-01-001-M1160-068-01,16-99-91-2747,,PROJECTS,Documents,Procedures_Plans,sahil schedule.xls,PROJECTS,5,5,high,CRS,0
METHOD STATEMENT FOR MAGNETIC PARTICLE TESTING,6536-01-001-M1160-069-01,16-99-91-2748,,PROJECTS,Documents,Procedures_Plans,sahil schedule.xls,PROJECTS,5,5,high,CRS,0
METHOD STATEMENT FOR APPLICATION OF EPOXY BASE GROUTING,6536-01-001-M1160-070-01,16-99-91-2749,,PROJECTS,Documents,Procedures_Plans,sahil schedule.xls,PROJECTS,5,5,high,CRS,0
METHOD STATEMENT FOR ADHESIVE BONDED JOINTS,6536-01-001-M1160-071-01,16-99-91-2750,,PROJECTS,Documents,Procedures_Plans,sahil schedule.xls,PROJECTS,5,5,high,CRS,0
METHOD STATEMENT FOR FLANGE TIGHTENING,6536-01-001-M1160-072-01,16-99-91-2751,,PROJECTS,Documents,Procedures_Plans,sahil schedule.xls,PROJECTS,5,5,high,CRS,0
METHOD STATEMENT FOR HANDLING STORAGE AND LOADING UNLOADING OF GRE PIPING,6536-01-001-M1160-073-01,16-99-91-2752,,PROJECTS,Documents,Procedures_Plans,sahil schedule.xls,PIPNG,5,5,high,CRS,0
METHOD STATEMENT FOR FIELD HYDROTESTING (GRE PIPING),6536-01-001-M1160-074-01,16-99-91-2753,,PROJECTS,Documents,Procedures_Plans,sahil schedule.xls,PIPNG,5,5,high,CRS,0
MATERIAL IDENTIFICATION AND TRACEABILITY PROCEDURE,6536-01-001-M1160-075-01,16-99-91-2754,,PROJECTS,Documents,Procedures_Plans,sahil schedule.xls,PROJECTS,5,5,high,CRS,0
PAINTING PROCEDURE,6536-01-001-M1160-076-01,16-99-91-2755,,PROJECTS,Documents,Procedures_Plans,sahil schedule.xls,PROJECTS,5,5,high,CRS,0
PRESERVATION PROCEDURE,6536-01-001-M1160-077-01,16-99-91-2756,,PROJECTS,Documents,Procedures_Plans,sahil schedule.xls,PROJECTS,5,5,high,CRS,0
PROCEDURE FOR FABRICATION AND INSTALLATION OF STEEL STRUCTURE,6536-01-001-M1160-078-01,16-99-91-2757,,PROJECTS,Documents,Procedures_Plans,sahil schedule.xls,PROJECTS,5,5,high,Drawings,4
VISUAL INSPECTION PROCEDURE,6536-01-001-M1160-079-01,16-99-91-2758,,PROJECTS,Documents,Procedures_Plans,sahil schedule.xls,PROJECTS,5,5,high,CRS,0
WELDER QUALIFICATION AND CONTROL PROCEDURE,6536-01-001-M1160-080-01,16-99-91-2759,,PROJECTS,Documents,Procedures_Plans,sahil schedule.xls,PROJECTS,5,5,high,CRS,0
FABRICATIOIN AND INSTALLATION OF GLASS FIBER REINFORCED PIPING PROCEDURE,6536-01-001-M1160-081-01,16-99-91-2760,,PROJECTS,Documents,Procedures_Plans,sahil schedule.xls,PIPNG,5,5,high,CRS,0
ELECTRICAL EQUIPMENT SCHEDULE LOCATION  16-01,6536-01-001-M1160-083-01,16-01-26-2602,1,PROJECTS,Documents,Lists_MTOs_BOMs,sahil schedule.xls,,2,2,low,CRS,0
SAFETY RELIEF VALVE SCHEDULE LOCATION  16-01,6536-01-001-M1160-084-01,16-01-26-2603,1,PROJECTS,Documents,Lists_MTOs_BOMs,sahil schedule.xls,HSE,2,2,low,CRS,0
CORRESPONDENCE & COMMUNICATION PROCEDURE,6536-01-001-M1194-001-01,16-99-91-2631,1,PROJECTS,Documents,Procedures_Plans,sahil schedule.xls,PROJECTS,5,5,high,CRS,0
LIST OF ENGINEERING DELIVERABLES,6536-01-001-M11E4-001-01,16-99-91-2628,1,ENGG MGMT,Documents,Lists_MTOs_BOMs,sahil schedule.xls,,3,3,medium,CRS,0
PROJECT STANDARD TEMPLATES,6536-01-001-M11E4-002-01,16-99-90-2601,1,ENGG MGMT,Documents,Specifications,sahil schedule.xls,,3,3,medium,CRS,0
CORROSION CONTROL AND MATERIALS SELECTION STUDY REPORT,6536-01-001-M1223-001-01,16-99-91-2629,1,PROC,Documents,Reports,sahil schedule.xls,,8,5,high,CRS,0
EVALUATION OF REQUIREMENT FOR FIRE SAFETY ASSESSMENT (FSA) STUDY,6536-01-001-M1241-001-01,16-01-84-2603,1,HSE,Documents,Reports,sahil schedule.xls,HSE,3,3,medium,CRS,0
DESIGN HSE PLAN,6536-01-001-M1242-001-01,16-01-89-2601,1,HSE,Documents,Procedures_Plans,sahil schedule.xls,HSE,3,3,medium,CRS,0
HSE PHILOSOPHY,6536-01-001-M1242-002-01,16-01-89-2602,1,HSE,Documents,Procedures_Plans,sahil schedule.xls,HSE,5,5,high,CRS,0
SITE HSE PLAN,6536-01-001-M1242-003-01,16-01-89-2616,1,HSE,Documents,Procedures_Plans,sahil schedule.xls,HSE,3,3,medium,CRS,0
HAZID REPORT,6536-01-001-M1243-001-01,16-01-97-2601,1,HSE,Documents,Reports,sahil schedule.xls,HSE,10,5,high,CRS,0
HAZID/ENVID CLOSE OUT REPORT,6536-01-001-M1243-002-01,16-01-97-2602,1,HSE,Documents,Reports,sahil schedule.xls,HSE,14,5,high,CRS,0
HAZARD AND EFFECT REGISTER,6536-01-001-M1243-003-01,16-01-89-2603,1,HSE,Documents,Reports,sahil schedule.xls,,5,5,high,Lists_MTOs_BOMs,3
DE MINIMIS REPORT,6536-01-001-M1243-004-01,16-01-89-2617,1,HSE,Documents,Reports,sahil schedule.xls,,5,5,high,CRS,0
HSE ACTION TRACKING REGISTER,6536-01-001-M1247-002-01,16-01-89-2604,B,HSE,Documents,Lists_MTOs_BOMs,sahil schedule.xls,HSE,3,3,medium,CRS,0
PHSER III REPORT,6536-01-001-M1247-005-01,16-01-89-2610,1,HSE,Documents,Reports,sahil schedule.xls,,9,5,high,CRS,0
PHSER III CLOSE OUT REPORT,6536-01-001-M1247-006-01,16-01-89-2611,A,HSE,Documents,Reports,sahil schedule.xls,,13,5,high,CRS,0
SIMOPS AND CONSTRUCTABILITY STUDY REPORT,6536-01-001-M1247-007-01,16-01-89-2612,1,HSE,Documents,Reports,sahil schedule.xls,,8,5,high,CRS,0
PHSER IV REPORT,6536-01-001-M1247-008-01,16-01-89-2613,,HSE,Documents,Reports,sahil schedule.xls,,9,5,high,CRS,0
PHSER V REPORT,6536-01-001-M1247-009-01,16-01-89-2614,,HSE,Documents,Reports,sahil schedule.xls,,9,5,high,CRS,0
PHSER IV AND V CLOSEOUT REPORT,6536-01-001-M1247-010-01,16-01-89-2615,,HSE,Documents,Reports,sahil schedule.xls,,9,5,high,CRS,0
HAZOP REPORT,6536-01-001-M1250-001-01,16-01-97-2603,1,HSE,Documents,Reports,sahil schedule.xls,HSE,10,5,high,CRS,0
HAZOP CLOSE OUT REPORT,6536-01-001-M1250-002-01,16-01-97-2604,C,HSE,Documents,Reports,sahil schedule.xls,HSE,14,5,high,CRS,0
HAZOP REPORT SEAL SYSTEM OF WASTE  WATER DISPOSAL PUMP,6536-01-001-M1250-003-01,16-01-97-2605,1,HSE,Documents,Reports,sahil schedule.xls,HSE,10,5,high,CRS,0
GEOTECHNICAL INVESTIGATION REPORT,6536-01-001-M1311-001-01,16-99-91-2616,1,CIVIL,Documents,Reports,sahil schedule.xls,,9,5,high,CRS,0
TOPOGRAPHICAL & UNDERGROUND DETECTION SURVEY REPORT,6536-01-001-M1311-002-01,16-99-91-2619,1,CIVIL,Documents,Reports,sahil schedule.xls,,9,5,high,CRS,0
SITE SURVEY VISIT REPORT - CIVIL,6536-01-001-M131Z-002-01,16-99-91-2648,1,CIVIL,Documents,Reports,sahil schedule.xls,CIVIL,5,5,high,CRS,0
SITE SURVEY VISIT REPORT - PROCESS,6536-01-001-M131Z-003-01,16-99-91-2649,1,PROC,Documents,Reports,sahil schedule.xls,,5,5,high,CRS,0
SPECIALITY ITEMS LIST,6536-01-001-M1362-001-01,16-01-23-2647,1,PIPNG,Documents,Lists_MTOs_BOMs,sahil schedule.xls,,3,3,medium,CRS,0
TIE-IN LIST,6536-01-001-M1362-002-01,16-01-19-2601,1,PIPNG,Documents,Lists_MTOs_BOMs,sahil schedule.xls,,7,4,medium,CRS,0
STRESS CRITICAL LINE LIST,6536-01-001-M1362-004-01,16-01-17-2602,1,PIPNG,Documents,Lists_MTOs_BOMs,sahil schedule.xls,PIPNG,8,5,high,CRS,0
LINE SCHEDULE / LIST,6536-01-001-M1362-005-01,16-01-17-2601,1,PROC,Documents,Lists_MTOs_BOMs,sahil schedule.xls,,5,3,medium,CRS,0
STRESS ANALYSIS REPORT FOR SYSTEM NO. 01,6536-01-001-M1364-001-01,16-01-23-2648,1,PIPNG,Documents,Reports,sahil schedule.xls,PIPNG,5,5,high,Calculations,4
STRESS ANALYSIS REPORT FOR SYSTEM NO. 02,6536-01-001-M1364-002-01,16-01-23-2649,1,PIPNG,Documents,Reports,sahil schedule.xls,PIPNG,5,5,high,Calculations,4
STRESS ANALYSIS REPORT FOR SYSTEM NO. 03,6536-01-001-M1364-003-01,16-01-23-2650,1,PIPNG,Documents,Reports,sahil schedule.xls,PIPNG,5,5,high,Calculations,4
STRESS ANALYSIS REPORT FOR SYSTEM NO.4 (GRE PIPELINE),6536-01-001-M1364-004-01,16-01-23-2651,,PIPNG,Documents,Reports,sahil schedule.xls,PIPNG,5,5,high,Calculations,4
STRESS ANALYSIS REPORT FOR SYSTEM NO.5 (GRE PIPING),6536-01-001-M1364-006-01,16-01-23-2653,,PIPNG,Documents,Reports,sahil schedule.xls,PIPNG,5,5,high,Calculations,4
SITE SURVEY VISIT REPORT - PIPING,6536-01-001-M136Z-001-01,16-99-91-2647,1,PIPNG,Documents,Reports,sahil schedule.xls,PIPNG,5,5,high,CRS,0
INSTRUMENT INDEX,6536-01-001-M1370-001-01,16-01-48-2601,1,INST,Documents,Lists_MTOs_BOMs,sahil schedule.xls,INST,3,3,medium,CRS,0
SITE SURVEY VISIT REPORT - I&C,6536-01-001-M1370-002-01,16-99-91-2673,1,INST,Documents,Reports,sahil schedule.xls,,5,5,high,CRS,0
F&G I/O LIST,6536-01-001-M1371-001-01,16-01-48-2602,1,INST,Documents,Lists_MTOs_BOMs,sahil schedule.xls,HSE,8,5,high,CRS,0
ESD I/O LIST,6536-01-001-M1371-002-01,16-01-48-2603,1,INST,Documents,Lists_MTOs_BOMs,sahil schedule.xls,INST,8,5,high,CRS,0
DCS I/O LIST,6536-01-001-M1371-003-01,16-01-48-2604,1,INST,Documents,Lists_MTOs_BOMs,sahil schedule.xls,INST,8,5,high,CRS,0
INSTRUMENT JUNCTION BOX SCHEDULE,6536-01-001-M1378-002-01,16-01-48-2606,1,INST,Drawings,Drawings,sahil schedule.xls,INST,3,3,medium,Lists_MTOs_BOMs,2
INSTRUMENT CABLE SCHEDULE,6536-01-001-M1378-003-01,16-01-48-2607,1,INST,Documents,Lists_MTOs_BOMs,sahil schedule.xls,INST,2,2,low,CRS,0
ELECTRICAL EQUIPMENT SCHEDULE - SAHIL CDS,6536-01-001-M1380-001-01,16-01-63-2601,1,ELEC,Documents,Lists_MTOs_BOMs,sahil schedule.xls,,2,2,low,CRS,0
RELAY SETTING SCHEDULE SUBSTATION 4-SAHIL CDS,6536-01-001-M1380-002-01,16-01-67-2604,1,ELEC,Documents,Lists_MTOs_BOMs,sahil schedule.xls,ELEC,2,2,low,CRS,0
ELECTRICAL LOAD LIST - SAHIL CDS,6536-01-001-M1381-001-01,16-01-55-2601,1,ELEC,Documents,Lists_MTOs_BOMs,sahil schedule.xls,,7,4,medium,CRS,0
SCMS I/O LIST-SAHIL CDS,6536-01-001-M1381-002-01,16-01-63-2604,1,ELEC,Documents,Lists_MTOs_BOMs,sahil schedule.xls,,8,5,high,CRS,0
"ELECTRICAL CABLE SCHEDULE FOR HV,LV POWER AND CONTROL CABLES-SAHIL CDS",6536-01-001-M1382-004-01,16-01-63-2602,2,ELEC,Documents,Lists_MTOs_BOMs,sahil schedule.xls,ELEC,2,2,low,CRS,0
ELECTRICAL CABLE DRUM SCHEDULE - SAHIL CDS,6536-01-001-M1382-005-01,16-01-63-2603,1,ELEC,Documents,Lists_MTOs_BOMs,sahil schedule.xls,,2,2,low,CRS,0
SITE SURVEY VISIT REPORT - ELECTRICAL,6536-01-001-M138Z-001-01,16-99-91-2672,1,ELEC,Documents,Reports,sahil schedule.xls,,5,5,high,CRS,0
REQUISITION FOR HSE STUDIES,6536-01-001-R1247-001-01,16-01-89-2608,1,HSE,Documents,Documents,sahil schedule.xls,HSE,5,5,high,CRS,0
MATERIAL REQUISITION FOR FIRE FIGHTING SAFETY EQUIPMENT AND SAFETY SIGNS,6536-01-001-R1247-002-01,16-01-89-2605,1,HSE,Documents,Documents,sahil schedule.xls,HSE,10,5,high,CRS,0
TECHNICAL BID EVALUATION FOR FIRE FIGHTING SAFETY EQUIPMENT AND SAFETY SIGNS,6536-01-001-R1247-003-01,16-01-89-2606,B,HSE,Documents,Reports,sahil schedule.xls,HSE,5,5,high,CRS,0
REQUISITION FOR GEOTECHNICAL INVESTIGATION,6536-01-001-R1311-001-01,16-99-91-2614,1,CIVIL,Documents,Documents,sahil schedule.xls,,5,5,high,Reports,4
"REQUISITION FOR TOPOGRAPHICAL, UNDERGROUND DETECTION & PIPELINE SURVEY",6536-01-001-R1311-002-01,16-99-91-2617,1,CIVIL,Documents,Documents,sahil schedule.xls,,5,5,high,Reports,4
MATERIAL REQUISITION FOR CHECK VALVE,6536-01-001-R1362-001-01,16-01-23-2601,1,PIPNG,Documents,Documents,sahil schedule.xls,,10,5,high,CRS,0
MATERIAL REQUISITION FOR GLOBE  VALVE,6536-01-001-R1362-002-01,16-01-23-2602,1,PIPNG,Documents,Documents,sahil schedule.xls,,10,5,high,CRS,0
MATERIAL REQUISITION FOR BALL VALVES,6536-01-001-R1362-003-01,16-01-23-2603,1,PIPNG,Documents,Documents,sahil schedule.xls,,10,5,high,CRS,0
MATERIAL REQUISITION FOR DBB VALVES,6536-01-001-R1362-004-01,16-01-23-2604,1,PIPNG,Documents,Documents,sahil schedule.xls,,10,5,high,CRS,0
MATERIAL REQUISITION FOR SAFETY RELIEF VALVES,6536-01-001-R1362-005-01,16-01-23-2605,1,PIPNG,Documents,Documents,sahil schedule.xls,HSE,10,5,high,CRS,0
MATERIAL REQUISITION FOR AUTOMATIC RECIRCULATION CONTROL VALVES,6536-01-001-R1362-006-01,16-01-23-2606,1,PIPNG,Documents,Documents,sahil schedule.xls,,10,5,high,CRS,0
MATERIAL REQUISITION FOR STRAINERS,6536-01-001-R1362-007-01,16-01-23-2607,1,PIPNG,Documents,Documents,sahil schedule.xls,,10,5,high,CRS,0
MATERIAL REQUISITION FOR HOSE CONNECTIONS AND FLEXIBLE HOSES,6536-01-001-R1362-010-01,16-01-23-2610,1,PIPNG,Documents,Documents,sahil schedule.xls,,10,5,high,CRS,0
MATERIAL REQUISITION FOR INJECTION QUILL,6536-01-001-R1362-011-01,16-01-23-2611,1,PIPNG,Documents,Documents,sahil schedule.xls,,10,5,high,CRS,0
MATERIAL REQUISITION FOR SIGHT GLASS INDICATOR,6536-01-001-R1362-012-01,16-01-23-2612,1,PIPNG,Documents,Documents,sahil schedule.xls,,10,5,high,CRS,0
MATERIAL REQUISITION FOR CS & LTCS PIPE,6536-01-001-R1362-014-01,16-01-23-2614,1,PIPNG,Documents,Documents,sahil schedule.xls,,10,5,high,CRS,0
MATERIAL REQUISITION FOR STAINLESS STEEL AND DUPLEX STAINLESS STEEL PIPE,6536-01-001-R1362-015-01,16-01-23-2615,1,PIPNG,Documents,Documents,sahil schedule.xls,,10,5,high,CRS,0
MATERIAL REQUISITION FOR CARBON STEEL BUTTWELD FITTINGS,6536-01-001-R1362-016-01,16-01-23-2616,1,PIPNG,Documents,Documents,sahil schedule.xls,,10,5,high,CRS,0
MATERIAL REQUISITION FOR STAINLESS STEEL AND DUPLEX STAINLESS STEEL FITTINGS,6536-01-001-R1362-017-01,16-01-23-2617,1,PIPNG,Documents,Documents,sahil schedule.xls,,10,5,high,CRS,0
MATERIAL REQUISITION FOR CS FORGED FITTINGS,6536-01-001-R1362-018-01,16-01-23-2618,1,PIPNG,Documents,Documents,sahil schedule.xls,,10,5,high,CRS,0
MATERIAL REQUISITION FOR FLANGES,6536-01-001-R1362-019-01,16-01-23-2619,1,PIPNG,Documents,Documents,sahil schedule.xls,,10,5,high,CRS,0
MATERIAL REQUISITION FOR GASKETS,6536-01-001-R1362-020-01,16-01-23-2620,1,PIPNG,Documents,Documents,sahil schedule.xls,,10,5,high,CRS,0
MATERIAL REQUISITION FOR NUTS AND BOLTS,6536-01-001-R1362-021-01,16-01-23-2621,1,PIPNG,Documents,Documents,sahil schedule.xls,,10,5,high,CRS,0
MATERIAL REQUISITION FOR SPECTACLE BLINDS,6536-01-001-R1362-022-01,16-01-23-2622,1,PIPNG,Documents,Documents,sahil schedule.xls,,10,5,high,CRS,0
MATERIAL REQUISITION FOR GATE VALVES,6536-01-001-R1362-024-01,16-01-23-2659,1,PIPNG,Documents,Documents,sahil schedule.xls,,10,5,high,CRS,0
MATERIAL REQUSITION FOR MECHANICAL KEY INTERLOCKS,6536-01-001-R1362-025-01,16-01-23-2662,1,PIPNG,Documents,Documents,sahil schedule.xls,MECH,10,5,high,CRS,0
MATERIAL REQUSITION FOR DUPLEX SS FORGED FITTINGS,6536-01-001-R1362-026-01,16-01-23-2665,1,PIPNG,Documents,Documents,sahil schedule.xls,,10,5,high,CRS,0
RFQ FOR GRE VENDOR FOR DESIGN EXECUTION & MATERIAL SUPPLY,6536-01-001-R1366-001-01,16-78-23-2601,1,PIPNG,Documents,Documents,sahil schedule.xls,,4,4,medium,Procedures_Plans,3
"MODIFICATION SCOPE OF WORK FOR ICSS SYSTEM (DCS, ESD AND F&G)",6536-01-001-R1371-001-01,16-01-39-2603,1,INST,Documents,Reports,sahil schedule.xls,HSE,4,4,medium,CRS,0
SCOPE OF WORK FOR  SCMS MODIFICATION WORKS,6536-01-001-R1381-001-01,16-01-67-2608,1,ELEC,Documents,Reports,sahil schedule.xls,,4,4,medium,CRS,0
MATERIAL REQUISITION FOR CABLES (HV POWER),6536-01-001-R1382-001-01,16-01-67-2612,1,ELEC,Documents,Documents,sahil schedule.xls,ELEC,10,5,high,CRS,0
"MATERIAL REQUISITION FOR CABLES (LV POWER,CONTROL AND EARTHING)",6536-01-001-R1382-002-01,16-01-67-2613,1,ELEC,Documents,Documents,sahil schedule.xls,ELEC,10,5,high,CRS,0
SCOPE OF WORK  CATHODIC PROTECTION-SAHIL CDS,6536-01-001-R1387-001-01,16-01-67-2609,2,ELEC,Documents,Reports,sahil schedule.xls,ELEC,4,4,medium,CRS,0
"MR FOR MODIFICATION SCOPE OF WORK FOR ICSS SYSTEM (DCS,ESD,FGS)",6536-01-001-R2171-001-01,16-01-52-2601,1,INST,Documents,Documents,sahil schedule.xls,INST,4,4,medium,Reports,4
MATERIAL REQUISITION FOR ELECTRONIC TRANSMITTERS,6536-01-001-R2173-001-01,16-01-52-2603,1,INST,Documents,Documents,sahil schedule.xls,,10,5,high,CRS,0
MATERIAL REQUISITION FOR VARIABLE AREA FLOWMETER,6536-01-001-R2173-002-01,16-01-52-2605,1,INST,Documents,Documents,sahil schedule.xls,,10,5,high,CRS,0
MATERIAL REQUISITION FOR LEVEL TRANSMITTERS,6536-01-001-R2173-003-01,16-01-52-2623,1,INST,Documents,Documents,sahil schedule.xls,,10,5,high,CRS,0
MATERIAL REQUISITION FOR INSTRUMENTS CABLES,6536-01-001-R2178-001-01,16-01-52-2610,1,INST,Documents,Documents,sahil schedule.xls,INST,10,5,high,CRS,0
"MR FOR INST. BULK MATERIAL (JBS, TUBE/FITTINGS, CABLE TRAYS AND SUPPORT)",6536-01-001-R2178-002-01,16-01-52-2611,1,INST,Documents,Documents,sahil schedule.xls,,4,4,medium,CRS,0
EQUIPMENT LIST - LOCATION SAHIL CDS,6536-01-001-S11E4-001-01,16-99-91-2677,1,PROC,Documents,Lists_MTOs_BOMs,sahil schedule.xls,,8,5,high,CRS,0
PROJECT DESIGN BASIS,6536-01-001-S11E4-002-01,16-99-91-2601,1,ENGG MGMT,Documents,Reports,sahil schedule.xls,,5,5,high,CRS,0
"FIRE FIGHTING, SAFETY EQUIPMENT AND SAFETY SIGNS SPECIFICATIONS",6536-01-001-S1241-001-01,16-01-84-2601,1,HSE,Documents,Specifications,sahil schedule.xls,HSE,5,5,high,CRS,0
HAZARDOUS AREA CLASSIFICATION SCHEDULE,6536-01-001-S1241-002-01,16-01-84-2602,1,HSE,Drawings,Drawings,sahil schedule.xls,,3,3,medium,Lists_MTOs_BOMs,2
DATA SHEETS FOR FIRE FIGHTING SAFETY EQUIPMENT AND SAFETY SIGNS,6536-01-001-S1247-003-01,16-01-85-2601,1,HSE,Documents,Datasheets,sahil schedule.xls,HSE,5,5,high,CRS,0
PIPING MATERIAL SPECIFICATIONS,6536-01-001-S1360-002-01,16-01-12-2601,1,PIPNG,Documents,Specifications,sahil schedule.xls,PIPNG,5,5,high,CRS,0
SPECIFICATION FOR PIPING VALVES,6536-01-001-S1360-003-01,16-01-12-2602,1,PIPNG,Documents,Specifications,sahil schedule.xls,PIPNG,5,5,high,CRS,0
SPECIFICATION FOR PIPING STRESS ANALYSIS,6536-01-001-S1360-004-01,16-01-12-2603,1,PIPNG,Documents,Specifications,sahil schedule.xls,PIPNG,5,5,high,Calculations,4
DATA SHEET FOR GATE VALVES,6536-01-001-S1362-001-01,16-01-18-2601,2,PIPNG,Documents,Datasheets,sahil schedule.xls,,5,5,high,CRS,0
DATA SHEET FOR GLOBE VALVES,6536-01-001-S1362-002-01,16-01-18-2602,2,PIPNG,Documents,Datasheets,sahil schedule.xls,,5,5,high,CRS,0
DATA SHEET FOR CHECK VALVES,6536-01-001-S1362-003-01,16-01-18-2603,2,PIPNG,Documents,Datasheets,sahil schedule.xls,,5,5,high,CRS,0
DATA SHEET FOR BALL VALVES,6536-01-001-S1362-004-01,16-01-18-2604,2,PIPNG,Documents,Datasheets,sahil schedule.xls,,5,5,high,CRS,0
DATA SHEET FOR DBB VALVES,6536-01-001-S1362-005-01,16-01-18-2605,1,PIPNG,Documents,Datasheets,sahil schedule.xls,,5,5,high,CRS,0
DATA SHEET FOR SAFETY RELIEF VALVES,6536-01-001-S1362-006-01,16-01-18-2606,1,PIPNG,Documents,Datasheets,sahil schedule.xls,HSE,5,5,high,CRS,0
DATA SHEET FOR AUTOMATIC RECIRCULATION CONTROL VALVE,6536-01-001-S1362-007-01,16-01-18-2607,1,PIPNG,Documents,Datasheets,sahil schedule.xls,,5,5,high,CRS,0
DATA SHEET FOR STRAINERS,6536-01-001-S1362-008-01,16-01-18-2608,1,PIPNG,Documents,Datasheets,sahil schedule.xls,,5,5,high,CRS,0
DATA SHEET FOR HOSE CONNECTIONS AND FLEXIBLE HOSES,6536-01-001-S1362-011-01,16-01-18-2611,1,PIPNG,Documents,Datasheets,sahil schedule.xls,,5,5,high,CRS,0
DATA SHEET FOR INJECTION QUILL,6536-01-001-S1362-012-01,16-01-18-2612,1,PIPNG,Documents,Datasheets,sahil schedule.xls,,5,5,high,CRS,0
DATA SHEET FOR SIGHT GLASS INDICATOR,6536-01-001-S1362-013-01,16-01-18-2613,1,PIPNG,Documents,Datasheets,sahil schedule.xls,,5,5,high,CRS,0
INSTRUMENTS ENGINEERING SHEETS,6536-01-001-S1370-002-01,16-01-51-2601,1,INST,Documents,Datasheets,sahil schedule.xls,INST,4,4,medium,CRS,0
SPECIFICATION FOR GENERAL INSTRUMENTS,6536-01-001-S1370-003-01,16-01-39-2601,1,INST,Documents,Specifications,sahil schedule.xls,INST,5,5,high,CRS,0
SPI EXECUTION PHILOSOPHY,6536-01-001-S1370-004-01,16-01-39-2602,1,INST,Documents,Procedures_Plans,sahil schedule.xls,,8,5,high,CRS,0
DATA SHEET FOR PRESSURE GAUGES,6536-01-001-S1373-001-01,16-99-40-2602,1,INST,Documents,Datasheets,sahil schedule.xls,,5,5,high,CRS,0
DATA SHEET FOR VARIABLE AREA FLOWMETER,6536-01-001-S1373-002-01,16-99-40-2601,1,INST,Documents,Datasheets,sahil schedule.xls,,5,5,high,CRS,0
SPECIFICATION FOR INSTRUMENT INSTALLATION,6536-01-001-S1378-001-01,16-01-39-2606,1,INST,Documents,Specifications,sahil schedule.xls,INST,5,5,high,CRS,0
SPECIFICATION FOR CABLE / JUNCTION BOXES AND INSTRUMENT INSTALLATION BULK MATERIAL,6536-01-001-S1378-002-01,16-01-39-2605,2,INST,Documents,Specifications,sahil schedule.xls,INST,5,5,high,Drawings,3
SPECIFICATION FOR HAZARDOUS AREA EQUIPMENT AND ELECTRICAL BULK MATERIAL,6536-01-001-S1380-002-01,16-01-53-2601,1,ELEC,Documents,Specifications,sahil schedule.xls,,5,5,high,Drawings,3
SPECIFICATION FOR ELECTRICAL INSTALLATION,6536-01-001-S1380-003-01,16-01-53-2602,1,ELEC,Documents,Specifications,sahil schedule.xls,,5,5,high,CRS,0
SPECIFICATION FOR ELECTRICAL REQUIRMENTS FOR PACKAGED UNITS,6536-01-001-S1380-004-01,16-01-53-2605,1,ELEC,Documents,Specifications,sahil schedule.xls,,5,5,high,CRS,0
SPECIFICATION FOR ELECTRICAL MOTORS(CAGE INDUCTION TYPE),6536-01-001-S1380-005-01,16-01-53-2606,1,ELEC,Documents,Specifications,sahil schedule.xls,,5,5,high,CRS,0
DATA SHEET FOR HV MOTORS,6536-01-001-S1380-006-01,16-01-54-2603,1,ELEC,Documents,Datasheets,sahil schedule.xls,ELEC,5,5,high,CRS,0
SPECIFICATION FOR SCMS (MODIFICATIONS),6536-01-001-S1381-001-01,16-01-53-2607,1,ELEC,Documents,Specifications,sahil schedule.xls,,5,5,high,CRS,0
SPECIFICATION FOR HV POWER CABLES,6536-01-001-S1382-001-01,16-01-53-2603,1,ELEC,Documents,Specifications,sahil schedule.xls,ELEC,5,5,high,CRS,0
"SPECIFICATION FOR LV POWER,CONTROL & EARTHING CABLES",6536-01-001-S1382-002-01,16-01-53-2604,1,ELEC,Documents,Specifications,sahil schedule.xls,ELEC,5,5,high,CRS,0
DATA SHEET FOR HV POWER CABLES,6536-01-001-S1382-003-01,16-01-54-2601,1,ELEC,Documents,Datasheets,sahil schedule.xls,ELEC,5,5,high,CRS,0
"DATA SHEET FOR LV POWER,CONTROL AND EARTHING CABLES",6536-01-001-S1382-004-01,16-01-54-2602,1,ELEC,Documents,Datasheets,sahil schedule.xls,ELEC,5,5,high,CRS,0
"TBE FOR HSE STUDIES (HAZID, HAZOP, SIMOPS)",6536-01-001-T1247-001-01,16-01-89-2609,,HSE,Documents,Reports,sahil schedule.xls,HSE,14,5,high,CRS,0
TBE FOR GEO-TECHNICAL INVESTIGATION & TOPOGRAPHICAL SURVEY,6536-01-001-T1311-001-01,16-99-91-2615,,CIVIL,Documents,Reports,sahil schedule.xls,,8,4,medium,CRS,0
TBE FOR TOPOGRAPHICAL SURVEY,6536-01-001-T1311-002-01,16-99-91-2618,,CIVIL,Documents,Reports,sahil schedule.xls,,8,4,medium,CRS,0
TECHNICAL BID EVALUATION FOR CHECK VALVES,6536-01-001-T1362-001-01,16-01-23-2624,1,PIPNG,Documents,Reports,sahil schedule.xls,,5,5,high,CRS,0
TECHNICAL BID EVALUATION FOR GLOBE VALVES,6536-01-001-T1362-002-01,16-01-23-2625,1,PIPNG,Documents,Reports,sahil schedule.xls,,5,5,high,CRS,0
TECHNICAL BID EVALUATION FOR BALL VALVES,6536-01-001-T1362-003-01,16-01-23-2626,1,PIPNG,Documents,Reports,sahil schedule.xls,,5,5,high,CRS,0
TECHNICAL BID EVALUATION FOR DBB VALVES,6536-01-001-T1362-004-01,16-01-23-2627,1,PIPNG,Documents,Reports,sahil schedule.xls,,5,5,high,CRS,0
TECHNICAL BID EVALUATION FOR SAFETY RELIEF VALVES,6536-01-001-T1362-005-01,16-01-23-2628,1,PIPNG,Documents,Reports,sahil schedule.xls,HSE,5,5,high,CRS,0
TECHNICAL BID EVALUATION FOR AUTOMATIC RECIRCULATION CONTROL VALVE,6536-01-001-T1362-006-01,16-01-23-2629,1,PIPNG,Documents,Reports,sahil schedule.xls,,5,5,high,CRS,0
TECHNICAL BID EVALATION FOR STRAINERS,6536-01-001-T1362-007-01,16-01-23-2630,1,PIPNG,Documents,Reports,sahil schedule.xls,,5,5,high,CRS,0
TECHNICAL BID EVALUATION FOR HOSE COUPLINGS AND FLEXIBLE HOSES,6536-01-001-T1362-010-01,16-01-23-2633,1,PIPNG,Documents,Reports,sahil schedule.xls,,5,5,high,CRS,0
TECHNICAL BID EVALATUION FOR INJECTION QUILL,6536-01-001-T1362-011-01,16-01-23-2634,1,PIPNG,Documents,Reports,sahil schedule.xls,,5,5,high,CRS,0
TECHNICAL BID EVALUATION FOR SIGHT GLASS INDICATORS,6536-01-001-T1362-012-01,16-01-23-2635,1,PIPNG,Documents,Reports,sahil schedule.xls,,5,5,high,CRS,0
TBE FOR CS & LTCS PIPIES,6536-01-001-T1362-014-01,16-01-23-2637,,PIPNG,Documents,Reports,sahil schedule.xls,,4,4,medium,CRS,0
TBE FOR STAINLESS STEEL PIPES,6536-01-001-T1362-015-01,16-01-23-2638,,PIPNG,Documents,Reports,sahil schedule.xls,,4,4,medium,CRS,0
TBE FOR CS & LTCS BUTTWELD FITTINGS,6536-01-001-T1362-016-01,16-01-23-2639,,PIPNG,Documents,Reports,sahil schedule.xls,,4,4,medium,CRS,0
TBE FOR ALLOY AND STAINLESS STEEL BUTTWELD FITTINGS,6536-01-001-T1362-017-01,16-01-23-2640,,PIPNG,Documents,Reports,sahil schedule.xls,,4,4,medium,CRS,0
TBE FOR FORGED FITTINGS,6536-01-001-T1362-018-01,16-01-23-2641,,PIPNG,Documents,Reports,sahil schedule.xls,,4,4,medium,CRS,0
TBE FOR FLANGES,6536-01-001-T1362-019-01,16-01-23-2642,,PIPNG,Documents,Reports,sahil schedule.xls,,4,4,medium,CRS,0
TECHNICAL BID EVALUATION FOR GASKETS,6536-01-001-T1362-020-01,16-01-23-2643,1,PIPNG,Documents,Reports,sahil schedule.xls,,5,5,high,CRS,0
TECHNICAL BID EVALUATION FOR NUTS & BOLTS,6536-01-001-T1362-021-01,16-01-23-2644,1,PIPNG,Documents,Reports,sahil schedule.xls,,5,5,high,CRS,0
TECHNICAL BID EVALUATION FOR SPECTACLE BLINDS,6536-01-001-T1362-022-01,16-01-23-2645,1,PIPNG,Documents,Reports,sahil schedule.xls,,5,5,high,CRS,0
TECHNICAL BID EVALUATION  FOR GATE VALVES,6536-01-001-T1362-024-01,16-01-23-2661,1,PIPNG,Documents,Reports,sahil schedule.xls,,5,5,high,CRS,0
TECHNICAL BID EVALUATION FOR CHECK VALVES,6536-01-001-T1362-025-01,16-10-23-2666,1,PIPNG,Documents,Reports,sahil schedule.xls,,5,5,high,CRS,0
TECHNICAL BID EVALUATION FOR GATE VALVES,6536-01-001-T1362-026-01,16-01-23-2667,1,PIPNG,Documents,Reports,sahil schedule.xls,,5,5,high,CRS,0
TBE FOR CS FORGED FITTINGS,6536-01-001-T1362-027-01,16-01-23-2666,,PIPNG,Documents,Reports,sahil schedule.xls,,4,4,medium,CRS,0
TBE FOR SS & DSS FORGED FITTINGS,6536-01-001-T1362-028-01,16-01-23-2668,,PIPNG,Documents,Reports,sahil schedule.xls,,4,4,medium,CRS,0
TECHNICAL BID EVALUATION FOR INSULATION GASKETS,6536-01-001-T1362-029-01,16-01-23-2669,1,PIPNG,Documents,Reports,sahil schedule.xls,,5,5,high,CRS,0
TECHNICAL BID EVALUATION FOR CABLES (HV CABLES) - SAHIL CDS,6536-01-001-T1382-001-01,16-01-67-2614,C,ELEC,Documents,Reports,sahil schedule.xls,ELEC,5,5,high,CRS,0
"TECHNICAL BID EVALUATION FOR CABLES (LV POWER,CONTROL AND EARTHING) - SAHIL CDS",6536-01-001-T1382-002-01,16-01-67-2615,C,ELEC,Documents,Reports,sahil schedule.xls,ELEC,5,5,high,CRS,0
TBE FOR CATHODIC PROTECTION,6536-01-001-T1387-001-01,16-01-67-2619,,ELEC,Documents,Reports,sahil schedule.xls,ELEC,4,4,medium,CRS,0
"TBE FOR MODIFICATION SCOPE FOR ICSS (DCS, ESD & F&G)",6536-01-001-T2171-001-01,16-01-52-2602,,INST,Documents,Reports,sahil schedule.xls,HSE,4,4,medium,CRS,0
TBE FOR VARIABLE AREA FLOWMETER,6536-01-001-T2173-001-01,16-01-52-2615,1,INST,Documents,Reports,sahil schedule.xls,,4,4,medium,CRS,0
TBE FOR PRESSURE GAUGES,6536-01-001-T2173-002-01,16-01-52-2616,1,INST,Documents,Reports,sahil schedule.xls,,4,4,medium,CRS,0
TBE FOR INSTRUMENT CABLES,6536-01-001-T2178-001-01,16-01-52-2621,1,INST,Documents,Reports,sahil schedule.xls,INST,4,4,medium,CRS,0
TBE FOR INST. BULK MATERIAL (JUNCTION BOXES),6536-01-001-T2178-002-01,16-01-52-2612,1,INST,Documents,Reports,sahil schedule.xls,INST,4,4,medium,Drawings,3
BULK MTO FOR WATER DISPOSAL TANK ( 16-01-T-2403),6536-02-002-B1354-001-01,16-01-36-2606,1,MECH,Documents,Lists_MTOs_BOMs,sahil schedule.xls,,5,5,high,CRS,0
CALCULATION NOTES FOR NEW CULVERT & RAMP,6536-02-002-C1320-001-01,16-01-76-2610,1,CIVIL,Documents,Calculations,sahil schedule.xls,,5,5,high,CRS,0
CALCULATION NOTES FOR  WATER DISPOSAL TANK FOUNDATION (T-2403 & T-2404),6536-02-002-C1322-001-01,16-01-76-2602,1,CIVIL,Documents,Calculations,sahil schedule.xls,CIVIL,5,5,high,Drawings,4
CALCULATION NOTES FOR PUMPS FOUNDATION (P-2407 & 2408),6536-02-002-C1323-001-01,16-01-76-2606,2,CIVIL,Documents,Calculations,sahil schedule.xls,CIVIL,5,5,high,Drawings,4
CALCULATION NOTES FOR PIPE RACK FOUNDATION,6536-02-002-C1323-002-01,16-01-76-2612,1,CIVIL,Documents,Calculations,sahil schedule.xls,CIVIL,5,5,high,Drawings,4
CALCULATION NOTES FOR PUMP SHELTER FOUNDATION,6536-02-002-C1323-006-01,16-01-76-2636,2,CIVIL,Documents,Calculations,sahil schedule.xls,CIVIL,5,5,high,Drawings,4
CALCULATION NOTES FOR MISC. PIPE SLEEEPERS,6536-02-002-C1326-001-01,16-01-76-2622,1,CIVIL,Documents,Calculations,sahil schedule.xls,,5,5,high,CRS,0
CALCULATION NOTES FOR DIKE WALL,6536-02-002-C1327-001-01,16-01-76-2604,1,CIVIL,Documents,Calculations,sahil schedule.xls,,5,5,high,CRS,0
CALCULATION NOTES FOR PUMP SHELTER,6536-02-002-C1330-001-01,16-01-76-2608,1,CIVIL,Documents,Calculations,sahil schedule.xls,MECH,5,5,high,CRS,0
CALCULATION NOTES FOR PIPE RACK EXTENSION,6536-02-002-C1331-001-01,16-01-76-2614,1,CIVIL,Documents,Calculations,sahil schedule.xls,,5,5,high,CRS,0
CALCULATION NOTES FOR EXISTING PIPERACK MODIFICATION (TANK AREA),6536-02-002-C1331-002-01,16-01-76-2631,1,CIVIL,Documents,Calculations,sahil schedule.xls,,5,5,high,CRS,0
"CALCULATION NOTES FOR MODIFICATION WORKS, STEEL STRUCTURE PSV WATER DISPOSAL TANKS",6536-02-002-C1331-003-01,16-01-76-2639,1,CIVIL,Documents,Calculations,sahil schedule.xls,,5,5,high,Drawings,4
CALCULATION NOTES FOR MISC PIPE SUPPORTS (STRUCTURE & FOUNDATION),6536-02-002-C1338-001-01,16-01-76-2624,1,CIVIL,Drawings,Drawings,sahil schedule.xls,CIVIL,8,4,medium,Calculations,5
DESIGN CALCULATION FOR WATER DISPOSAL TANK (16-01-T-2403),6536-02-002-C1354-001-01,16-01-36-2601,1,MECH,Documents,Calculations,sahil schedule.xls,,5,5,high,Datasheets,3
DESIGN CALCULATION FOR WATER DISPOSAL TANK (16-01-T-2404),6536-02-002-C1354-002-01,16-01-36-2607,1,MECH,Documents,Calculations,sahil schedule.xls,,5,5,high,Datasheets,3
HEAT AND MATERIALS BALANCE YEAR 2027 SAHIL CDS,6536-02-002-D1223-001-01,16-99-91-2606,2,PROC,Drawings,Drawings,sahil schedule.xls,,5,5,high,CRS,0
PROCESS FLOW DIAGRAM - WATER TREATMENT AND FUEL GAS - SAHIL CDS,6536-02-002-D1223-002-01,16-01-08-2601,2,PROC,Drawings,Drawings,sahil schedule.xls,PROC,8,4,medium,CRS,0
UTILITY FLOW DIAGRAM - WATER DISPOSAL TANKS VAPOUR RECOVERY COMPRESSOR PACKAGE U-3803 - SAHIL CDS,6536-02-002-D1223-003-01,16-01-08-2603,2,PROC,Drawings,Drawings,sahil schedule.xls,,8,4,medium,CRS,0
UTILITY FLOW DIAGRAM (NEW) LP FLARE HEADER - SAHIL CDS,6536-02-002-D1223-004-01,16-01-08-2604,2,PROC,Drawings,Drawings,sahil schedule.xls,,8,4,medium,CRS,0
UTILITY FLOW DIAGRAM (NEW) MP FLARE HEADER - SAHIL CDS,6536-02-002-D1223-005-01,16-01-08-2605,1,PROC,Drawings,Drawings,sahil schedule.xls,,8,4,medium,CRS,0
MATERIAL SELECTION DIAGRAM - WATER DISPOSAL TANKS VAPOUR RECOVERY COMPRESSOR PACKAGE U-3803 SAHIL CDS,6536-02-002-D1223-006-01,16-01-38-2602,1,PROC,Drawings,Drawings,sahil schedule.xls,,9,5,high,CRS,0
MATERIAL SELECTION DIAGRAM - WATER TREATMENT AND FUEL GAS SAHIL CDS,6536-02-002-D1223-007-01,16-01-38-2603,1,PROC,Drawings,Drawings,sahil schedule.xls,,9,5,high,CRS,0
UTILITY MATERIAL SELECTION DIAGRAM (NEW) LP FLARE HEADER SAHIL CDS,6536-02-002-D1223-008-01,16-01-38-2604,1,PROC,Drawings,Drawings,sahil schedule.xls,,9,5,high,CRS,0
MATERIAL SELECTION DIAGRAM (NEW) MP FLARE HEADER SAHIL CDS,6536-02-002-D1223-009-01,16-01-38-2605,1,PROC,Drawings,Drawings,sahil schedule.xls,,9,5,high,CRS,0
DP-DT DIAGRAM - WATER TREATMENT AND FUEL GAS - SAHIL CDS,6536-02-002-D1223-010-01,16-01-11-2605,2,PROC,Drawings,Drawings,sahil schedule.xls,,4,4,medium,CRS,0
DP-DT  DIAGRAM (NEW) LP FLARE HEADER - SAHIL CDS,6536-02-002-D1223-011-01,16-01-11-2607,2,PROC,Drawings,Drawings,sahil schedule.xls,,4,4,medium,CRS,0
DP-DT  DIAGRAM (NEW) MP FLARE HEADER - SAHIL CDS,6536-02-002-D1223-012-01,16-01-11-2608,1,PROC,Drawings,Drawings,sahil schedule.xls,,4,4,medium,CRS,0
PIPING & INSTRUMENT DIAGRAM WATER DISPOSAL TANK T-2403 SAHIL CDS,6536-02-002-D1225-001-01,16-01-08-2610,2,PROC,Drawings,Drawings,sahil schedule.xls,INST,9,5,high,CRS,0
PIPING & INSTRUMENT DIAGRAM DISPOSAL WATER PUMPS (P-2407/2408) SAHIL CDS,6536-02-002-D1225-002-01,16-01-08-2612,2,PROC,Drawings,Drawings,sahil schedule.xls,INST,9,5,high,CRS,0
PIPING & INSTRUMENT DIAGRAM SKIMMER TANK SK-2401 SAHIL CDS,6536-02-002-D1225-003-01,16-01-08-2608,3,PROC,Drawings,Drawings,sahil schedule.xls,INST,9,5,high,CRS,0
PIPING & INSTRUMENT DIAGRAM WATER DISPOSAL TANK T-2402 SAHIL CDS,6536-02-002-D1225-004-01,16-01-08-2609,1,PROC,Drawings,Drawings,sahil schedule.xls,INST,9,5,high,CRS,0
PIPING & INSTRUMENT DIAGRAM WATER DISPOSAL PUMPS P-2405/P-2406 SAHIL CDS,6536-02-002-D1225-005-01,16-01-08-2611,3,PROC,Drawings,Drawings,sahil schedule.xls,INST,9,5,high,CRS,0
PIPING & INSTRUMENT DIAGRAM WATER DISPOSAL DISTRIBUTION MANIFOLD SAHIL CDS,6536-02-002-D1225-006-01,16-01-08-2613,2,PROC,Drawings,Drawings,sahil schedule.xls,INST,9,5,high,CRS,0
PIPING & INSTRUMENT DIAGRAM RECOVERED OIL COLLECTION TANK V-1102 SAHIL CDS,6536-02-002-D1225-007-01,16-01-08-2614,2,PROC,Drawings,Drawings,sahil schedule.xls,INST,9,5,high,CRS,0
PIPING & INSTRUMENT DIAGRAM NEW CLOSED DRAIN COLLECTION HEADER SAHIL CDS,6536-02-002-D1225-008-01,16-01-08-2618,3,PROC,Drawings,Drawings,sahil schedule.xls,INST,9,5,high,CRS,0
PIPING & INSTRUMENT DIAGRAM LP FLARE HEADER SAHIL CDS,6536-02-002-D1225-009-01,16-01-08-2619,3,PROC,Drawings,Drawings,sahil schedule.xls,INST,9,5,high,CRS,0
PIPING & INSTRUMENT DIAGRAM VAPOUR RECOVERY COMPRESSOR PACKAGE U-3803 SAHIL CDS,6536-02-002-D1225-010-01,16-01-08-2620,2,PROC,Drawings,Drawings,sahil schedule.xls,INST,9,5,high,CRS,0
PIPING & INSTRUMENT DIAGRAM MP FLARE HEADER SAHIL CDS,6536-02-002-D1225-011-01,16-01-08-2625,2,PROC,Drawings,Drawings,sahil schedule.xls,INST,9,5,high,CRS,0
PIPING & INSTRUMENTATION DIAGRAM WATER DISPOSAL TANK T-2404 SAHIL CDS,6536-02-002-D1225-012-01,16-01-08-2627,1,PROC,Drawings,Drawings,sahil schedule.xls,INST,9,5,high,CRS,0
CAUSE & EFFET DIAGRAM - PRODUCED WATER SYSTEM (EQUIPMENT DETAILS) - SAHIL CDS,6536-02-002-D1226-001-01,16-01-42-2601,1,PROC,Drawings,Drawings,sahil schedule.xls,,6,4,medium,CRS,0
PROCESS SAFEGUARDING DIAGRAM WATER TREATMENT AND FUEL GAS - SAHIL CDS,6536-02-002-D1226-002-01,16-01-11-2602,2,PROC,Drawings,Drawings,sahil schedule.xls,PROC,8,4,medium,CRS,0
UTILITY SAFEGUARDING DIAGRAM WATER DISPOSAL TANKS VAPOUR RECOVERY COMPRESSOR PACKAGE U-3803 - SAHIL CDS,6536-02-002-D1226-003-01,16-01-11-2603,2,PROC,Drawings,Drawings,sahil schedule.xls,PROC,8,4,medium,CRS,0
UNDERGROUND FACILITIES LAYOUT,6536-02-002-D1316-001-01,16-01-76-2634,1,CIVIL,Drawings,Drawings,sahil schedule.xls,,5,5,high,CRS,0
PAVING LAYOUT PLAN AND DETAILS (TANKS & PUMPS AREA),6536-02-002-D1317-001-01,16-01-76-2633,1,CIVIL,Drawings,Drawings,sahil schedule.xls,PROJECTS,10,5,high,Procedures_Plans,3
FENCE LAYOUT PLAN AND DETAILS,6536-02-002-D1318-001-01,16-01-76-2640,1,CIVIL,Drawings,Drawings,sahil schedule.xls,PROJECTS,7,5,high,Procedures_Plans,3
LAYOUT AND DETAILS FOR NEW CULVERT AND RAMP,6536-02-002-D1320-001-01,16-01-76-2609,2,CIVIL,Drawings,Drawings,sahil schedule.xls,,7,5,high,CRS,0
FOUNDATION DETAILS FOR  WATER DISPOSAL TANKS (T-2403) & (T-2404),6536-02-002-D1322-001-01,16-01-76-2601,1,CIVIL,Drawings,Drawings,sahil schedule.xls,CIVIL,6,4,medium,CRS,0
PUMPS P-2407 & 2408 FOUNDATION DETAILS,6536-02-002-D1323-001-01,16-01-76-2605,2,CIVIL,Drawings,Drawings,sahil schedule.xls,CIVIL,6,4,medium,CRS,0
PIPE RACK FOUNDATION LAYOUT PLAN & DETAILS,6536-02-002-D1323-002-01,16-01-76-2611,2,CIVIL,Drawings,Drawings,sahil schedule.xls,CIVIL,16,5,high,Procedures_Plans,3
CROSSOVER MISC. PLATFORM FOUNDATION LAYOUT PLAN,6536-02-002-D1323-003-01,16-01-76-2615,1,CIVIL,Drawings,Drawings,sahil schedule.xls,CIVIL,9,5,high,Procedures_Plans,3
PUMPS SHELTER FOUNDATION LAYOUT PLAN AND DETAILS,6536-02-002-D1323-006-01,16-01-76-2635,3,CIVIL,Drawings,Drawings,sahil schedule.xls,CIVIL,11,5,high,Procedures_Plans,3
LAYOUT AND DETAILS FOR MISC. PIPE SLEEPERS,6536-02-002-D1326-001-01,16-01-76-2621,3,CIVIL,Drawings,Drawings,sahil schedule.xls,,11,5,high,CRS,0
DETAILS FOR DIKE WALL,6536-02-002-D1327-001-01,16-01-76-2603,1,CIVIL,Drawings,Drawings,sahil schedule.xls,,2,2,low,CRS,0
STRUCTURAL DETAIL FOR PUMP SHELTER,6536-02-002-D1330-001-01,16-01-76-2607,1,CIVIL,Drawings,Drawings,sahil schedule.xls,CIVIL,5,3,medium,CRS,0
PIPE RACK PLANS AND DETAIL,6536-02-002-D1331-001-01,16-01-76-2613,1,CIVIL,Drawings,Drawings,sahil schedule.xls,,2,2,low,CRS,0
STRUCTURAL DETAILS FOR EXISTING PIPERACK MODIFICATION (TANK AREA),6536-02-002-D1331-002-01,16-01-76-2637,1,CIVIL,Drawings,Drawings,sahil schedule.xls,CIVIL,5,3,medium,CRS,0
"MODIFICATION DETAILS, STEEL STRUCTURE PSV WATER DISPOSAL TANKS SAHIL CDS",6536-02-002-D1331-003-01,16-01-76-2638,1,CIVIL,Drawings,Drawings,sahil schedule.xls,,6,4,medium,CRS,0
CROSSOVER MISC. PLATFORM STEEL STRUCTURE PLAN AND DETAIL,6536-02-002-D1336-001-01,16-01-76-2617,1,CIVIL,Drawings,Drawings,sahil schedule.xls,PROJECTS,6,4,medium,Procedures_Plans,3
MISC. PIPE SUPPORTS STEEL STRUCTURE LAYOUT PLAN,6536-02-002-D1338-001-01,16-01-76-2623,2,CIVIL,Drawings,Drawings,sahil schedule.xls,PROJECTS,13,5,high,Procedures_Plans,3
GENERAL ARRANGEMENT FOR WATER DISPOSAL TANK (16-01-T-2403),6536-02-002-D1354-001-01,16-01-33-2601,3,MECH,Drawings,Drawings,sahil schedule.xls,,9,5,high,Datasheets,3
SHELL DETAILS FOR WATER DISPOSAL TANK (16-01-T-2403),6536-02-002-D1354-002-01,16-01-33-2602,5,MECH,Documents,Datasheets,sahil schedule.xls,,3,3,medium,Drawings,2
ROOF DETAILS FOR WATER DISPOSAL TANK (16-01-T-2403),6536-02-002-D1354-003-01,16-01-33-2603,5,MECH,Documents,Datasheets,sahil schedule.xls,,3,3,medium,Drawings,2
BOTTOM DETAILS FOR WATER DISPOSAL TANK (16-01-T-2403),6536-02-002-D1354-004-01,16-01-33-2604,4,MECH,Documents,Datasheets,sahil schedule.xls,,3,3,medium,Drawings,2
SHELL NOZZLES DETAILS FOR WATER DISPOSAL TANK (16-01-T-2403),6536-02-002-D1354-005-01,16-01-33-2605,2,MECH,Documents,Datasheets,sahil schedule.xls,,3,3,medium,Drawings,2
ROOF NOZZLES DETAILS FOR WATER DISPOSAL TANK (16-01-T-2403),6536-02-002-D1354-006-01,16-01-33-2606,2,MECH,Documents,Datasheets,sahil schedule.xls,,3,3,medium,Drawings,2
SHELL & ROOF MANHOLES DETAILS FOR WATER DISPOSAL TANK (16-01-T-2403),6536-02-002-D1354-007-01,16-01-33-2607,1,MECH,Documents,Datasheets,sahil schedule.xls,,3,3,medium,Drawings,2
SUMP DETAILS FOR WATER DISPOSAL TANK (16-01-T-2403),6536-02-002-D1354-008-01,16-01-33-2608,3,MECH,Documents,Datasheets,sahil schedule.xls,,3,3,medium,Drawings,2
CLEAN OUT DOOR DETAILS FOR WATER DISPOSAL TANK (16-01-T-2403),6536-02-002-D1354-009-01,16-01-33-2609,2,MECH,Documents,Datasheets,sahil schedule.xls,,3,3,medium,Drawings,2
SPIRAL STAIRWAY DETAIL FOR WATER DISPOSAL TANK (16-01-T-2403),6536-02-002-D1354-010-01,16-01-33-2610,1,MECH,Documents,Datasheets,sahil schedule.xls,,3,3,medium,Drawings,2
ROOF WALKWAY AND HANDRAIL DETAILS FOR WATER DISPOSAL TANK (16-01-T-2403),6536-02-002-D1354-011-01,16-01-33-2611,5,MECH,Documents,Datasheets,sahil schedule.xls,,3,3,medium,Drawings,2
VERTICAL LADDER DETAIL FOR WATER DISPOSAL TANK (16-01-T-2403),6536-02-002-D1354-012-01,16-01-33-2612,4,MECH,Documents,Datasheets,sahil schedule.xls,,3,3,medium,Drawings,2
TANK INTERNAL CATHODIC PROTECTION CLEATS DETAILS FOR WATER DISPOSAL TANK (16-01-T-2403),6536-02-002-D1354-013-01,16-01-33-2613,1,MECH,Documents,Datasheets,sahil schedule.xls,ELEC,3,3,medium,Drawings,2
NAME PLATE & BRACKET DETAILS FOR WATER DISPOSAL TANK (16-01-T-2403),6536-02-002-D1354-014-01,16-01-33-2614,2,MECH,Documents,Datasheets,sahil schedule.xls,,3,3,medium,Drawings,2
MODIFIED DRAWING FOR SKIMMER TANK (EXISTING WATER DISPOSAL TANK) 16-01-SK-2401,6536-02-002-D1354-015-01,16-01-33-2629,C,MECH,Drawings,Drawings,sahil schedule.xls,,4,4,medium,CRS,0
GENERAL ARRANGEMENT FOR WATER DISPOSAL TANK (16-01-T-2404),6536-02-002-D1354-016-01,16-01-33-2615,3,MECH,Drawings,Drawings,sahil schedule.xls,,9,5,high,Datasheets,3
SHELL DETAILS FOR WATER DISPOSAL TANK (16-01-T-2404),6536-02-002-D1354-017-01,16-01-33-2616,4,MECH,Documents,Datasheets,sahil schedule.xls,,3,3,medium,Drawings,2
ROOF DETAILS FOR WATER DISPOSAL TANK (16-01-T-2404),6536-02-002-D1354-018-01,16-01-33-2617,5,MECH,Documents,Datasheets,sahil schedule.xls,,3,3,medium,Drawings,2
BOTTOM DETAILS FOR WATER DISPOSAL TANK (16-01-T-2404),6536-02-002-D1354-019-01,16-01-33-2618,3,MECH,Documents,Datasheets,sahil schedule.xls,,3,3,medium,Drawings,2
SHELL NOZZLES DETAILS FOR WATER DISPOSAL TANK (16-01-T-2404),6536-02-002-D1354-020-01,16-01-33-2619,2,MECH,Documents,Datasheets,sahil schedule.xls,,3,3,medium,Drawings,2
ROOF NOZZLES DETAILS FOR WATER DISPOSAL TANK (16-01-T-2404),6536-02-002-D1354-021-01,16-01-33-2620,2,MECH,Documents,Datasheets,sahil schedule.xls,,3,3,medium,Drawings,2
SHELL & ROOF MANHOLES DETAILS FOR WATER DISPOSAL TANK (16-01-T-2404),6536-02-002-D1354-022-01,16-01-33-2621,1,MECH,Documents,Datasheets,sahil schedule.xls,,3,3,medium,Drawings,2
SUMP DETAILS FOR WATER DISPOSAL TANK (16-01-T-2404),6536-02-002-D1354-023-01,16-01-33-2622,2,MECH,Documents,Datasheets,sahil schedule.xls,,3,3,medium,Drawings,2
CLEAN OUT DOOR DETAILS FOR WATER DISPOSAL TANK (16-01-T-2404),6536-02-002-D1354-024-01,16-01-33-2623,1,MECH,Documents,Datasheets,sahil schedule.xls,,3,3,medium,Drawings,2
SPIRAL STAIRWAY DETAIL FOR WATER DISPOSAL TANK (16-01-T-2404),6536-02-002-D1354-025-01,16-01-33-2624,1,MECH,Documents,Datasheets,sahil schedule.xls,,3,3,medium,Drawings,2
ROOF WALKWAY AND HANDRAIL DETAILS FOR WATER DISPOSAL TANK (16-01-T-2404),6536-02-002-D1354-026-01,16-01-33-2625,2,MECH,Documents,Datasheets,sahil schedule.xls,,3,3,medium,Drawings,2
VERTICAL LADDER DETAIL FOR WATER DISPOSAL TANK (16-01-T-2404),6536-02-002-D1354-027-01,16-01-33-2626,3,MECH,Documents,Datasheets,sahil schedule.xls,,3,3,medium,Drawings,2
TANK INTERNAL CATHODIC PROTECTION CLEATS DETAILS FOR WATER DISPOSAL TANKS (16-01-T-2404),6536-02-002-D1354-028-01,16-01-33-2627,1,MECH,Documents,Datasheets,sahil schedule.xls,ELEC,3,3,medium,Drawings,2
NAME PLATE & BRACKET DETAILS FOR WATER DISPOSAL TANK (16-01-T-2404),6536-02-002-D1354-029-01,16-01-33-2628,1,MECH,Documents,Datasheets,sahil schedule.xls,,3,3,medium,Drawings,2
PLOT PLAN-AREA-2 SAHIL CDS,6536-02-002-D1362-001-01,16-01-04-2602,2,PIPNG,Drawings,Drawings,sahil schedule.xls,PROJECTS,4,4,medium,Procedures_Plans,3
PLOT PLAN AREA-3  SAHIL CDS,6536-02-002-D1362-002-01,16-01-04-2603,1,PIPNG,Drawings,Drawings,sahil schedule.xls,PROJECTS,4,4,medium,Procedures_Plans,3
PIPING LAYOUT FOR NEW TANK AREA 16-01-T-2403,6536-02-002-D1364-001-01,16-01-13-2602,1,PIPNG,Drawings,Drawings,sahil schedule.xls,PIPNG,5,5,high,CRS,0
PIPING LAYOUT FOR SLEEPER AREA,6536-02-002-D1364-002-01,16-01-13-2604,1,PIPNG,Drawings,Drawings,sahil schedule.xls,PIPNG,5,5,high,CRS,0
PIPING LAYOUT FOR PUMP AREA 16-01-P-2407,6536-02-002-D1364-003-01,16-01-13-2605,1,PIPNG,Drawings,Drawings,sahil schedule.xls,MECH,5,5,high,CRS,0
PIPING LAYOUTS FOR PUMP AREA 16-01-P-2408,6536-02-002-D1364-004-01,16-01-13-2606,1,PIPNG,Drawings,Drawings,sahil schedule.xls,MECH,5,5,high,CRS,0
PIPING LAYOUT FOR CDS AREA,6536-02-002-D1364-005-01,16-01-13-2607,1,PIPNG,Drawings,Drawings,sahil schedule.xls,PIPNG,5,5,high,CRS,0
PIPING LAYOUT FOR PSV PLATFORM,6536-02-002-D1364-006-01,16-01-13-2608,1,PIPNG,Drawings,Drawings,sahil schedule.xls,PIPNG,5,5,high,CRS,0
PIPING LAYOUT FOR CDS AREA,6536-02-002-D1364-007-01,16-01-13-2609,1,PIPNG,Drawings,Drawings,sahil schedule.xls,PIPNG,5,5,high,CRS,0
PIPING LAYOUT FOR CDS AREA,6536-02-002-D1364-008-01,16-01-13-2610,1,PIPNG,Drawings,Drawings,sahil schedule.xls,PIPNG,5,5,high,CRS,0
INSTRUMENT CABLE TRENCH /  CABLE ROUTING LAYOUTS,6536-02-002-D1378-001-01,16-01-49-2602,1,INST,Drawings,Drawings,sahil schedule.xls,INST,9,5,high,CRS,0
ELECTRICAL INTERCONNECTION DIAGRAMS 16-01-HSWG-4301 MOTOR PM-2407,6536-02-002-D1382-001-01,16-01-58-2601,1,ELEC,Drawings,Drawings,sahil schedule.xls,INST,8,4,medium,CRS,0
ELECTRICAL INTERCONNECTION DIAGRAMS 16-01-HSWG-4301 MOTOR  PM-2408,6536-02-002-D1382-002-01,16-01-58-2602,1,ELEC,Drawings,Drawings,sahil schedule.xls,INST,8,4,medium,CRS,0
EXTERNAL LIGHTING LAYOUT -SAHIL CDS,6536-02-002-D1383-001-01,16-01-59-2604,1,ELEC,Drawings,Drawings,sahil schedule.xls,,5,5,high,CRS,0
EXTERNAL LIGHTING LAYOUT AREA-2 WATER DISPOSAL SHELTER FOR PUMPS PM-2407/2408 SAHIL CDS,6536-02-002-D1383-002-01,16-01-59-2605,2,ELEC,Drawings,Drawings,sahil schedule.xls,,5,5,high,CRS,0
EARTHING LAYOUT PLANT AREA-2 - SAHIL CDS,6536-02-002-D1384-001-01,16-01-59-2607,2,ELEC,Drawings,Drawings,sahil schedule.xls,ELEC,5,5,high,CRS,0
PROCESS CALCULATION REPORT,6536-02-002-M1226-001-01,16-99-91-2608,1,PROC,Documents,Calculations,sahil schedule.xls,,5,5,high,Reports,5
PW SYSTEM STEADY STATE HYDRAULICS CALCULATION REPORT,6536-02-002-M1227-001-01,16-99-91-2610,2,PROC,Documents,Calculations,sahil schedule.xls,PIPNG,5,5,high,Reports,5
SURGE ANALYSIS REPORT,6536-02-002-M1227-002-01,16-99-91-2611,,PROC,Documents,Reports,sahil schedule.xls,,5,5,high,CRS,0
TBE REPORT FOR WATER DISPOSAL TANK ( 16-01-T-2403),6536-02-002-M1354-001-01,16-01-36-2603,1,MECH,Documents,Reports,sahil schedule.xls,,9,5,high,CRS,0
"TBE REPORT FOR SKIMMERS AND CONCENTRIC PIPES WITH VORTEX BREAKERS FOR 03 TANKS (16-01-T-2403, 16-01-T-2404 & 16-01-SK-2401)",6536-02-002-M1354-003-01,16-01-36-2605,1,MECH,Documents,Reports,sahil schedule.xls,,9,5,high,Datasheets,3
TBE REPORT FOR EOT CRANE (16-01-CR-9319),6536-02-002-M1355-001-01,16-01-31-2604,1,MECH,Documents,Reports,sahil schedule.xls,,9,5,high,Datasheets,3
MATERIAL REQUISITION FOR  WATER DISPOSAL TANK (16-01-T-2403 & 16-01-T2404),6536-02-002-R1354-001-01,16-01-36-2602,1,MECH,Documents,Documents,sahil schedule.xls,,10,5,high,Datasheets,3
"MATERIAL REQUISITION FOR SKIMMERS AND CONCENTRIC PIPES WITH VORTEX BREAKERS FOR 03 TANKS (16-01-7-2403, 16-01-T-2404 & 16-01-",6536-02-002-R1354-002-01,16-01-36-2604,1,MECH,Documents,Documents,sahil schedule.xls,,10,5,high,CRS,0
MATERIAL REQUISITION FOR EOT CRANE (16-01-CR-9319),6536-02-002-R1355-001-01,16-01-31-2603,1,MECH,Documents,Documents,sahil schedule.xls,,10,5,high,Datasheets,3
MATERIAL REQUISITION FOR  WATER DISPOSAL PUMPS,6536-02-002-R1358-001-01,16-01-31-2601,1,ROTARY,Documents,Documents,sahil schedule.xls,,10,5,high,CRS,0
MATERIAL REQUSITION FOR INSULATION GASKET,6536-02-002-R1362-001-01,16-01-23-2664,1,PIPNG,Documents,Documents,sahil schedule.xls,,10,5,high,CRS,0
MATERIAL REQUISITION FOR PRESSURE GAUGES,6536-02-002-R2173-001-01,16-01-52-2604,1,INST,Documents,Documents,sahil schedule.xls,,10,5,high,CRS,0
MATERIAL REQUISITION FOR CONTROL VALVES / SELF ACTING REGULATORS,6536-02-002-R2174-001-01,16-01-52-2606,1,INST,Documents,Documents,sahil schedule.xls,,10,5,high,CRS,0
MATERIAL REQUISITION FOR SHUTDOWN VALVES / ON OFF VALVES,6536-02-002-R2174-002-01,16-01-52-2607,1,INST,Documents,Documents,sahil schedule.xls,,10,5,high,CRS,0
MATERIAL REQUISITION FOR FIRE & GAS DETECTORS AND DEVICES,6536-02-002-R2179-001-01,16-01-52-2613,1,INST,Documents,Documents,sahil schedule.xls,HSE,10,5,high,CRS,0
PROCESS DATA SHEET FOR WATER DISPOSAL TANK 16-01-T-2403,6536-02-002-S1224-001-01,16-01-34-2601,1,PROC,Documents,Datasheets,sahil schedule.xls,,9,5,high,CRS,0
PROCESS DATA SHEET FOR WATER DISPOSAL PUMPS - 16-01-P-2407 / 2408,6536-02-002-S1227-001-01,16-01-27-2602,1,PROC,Documents,Datasheets,sahil schedule.xls,,9,5,high,CRS,0
PROCESS DATA SHEET FOR OIL SKIMMERS FOR EXISTING TANK 16-01-SK-2401 AND NEW TANKS 16-01-T-2403 & 16-01-T-2404,6536-02-002-S1227-002-01,16-01-27-2604,2,PROC,Documents,Datasheets,sahil schedule.xls,,9,5,high,CRS,0
MECHANICAL DATASHEET FOR WATER DISPOSAL TANK ( 16-01-T-2403),6536-02-002-S1354-001-01,16-01-34-2602,1,MECH,Documents,Datasheets,sahil schedule.xls,MECH,5,5,high,CRS,0
SPECIFICATION FOR WATER DISPOSAL TANK ( 16-01-T-2403),6536-02-002-S1354-002-01,16-01-32-2601,1,MECH,Documents,Specifications,sahil schedule.xls,,5,5,high,CRS,0
MECHANICAL DATA SHEET FOR EOT CRANE (16-01-CR-9319),6536-02-002-S1355-001-01,16-01-27-2605,1,MECH,Documents,Datasheets,sahil schedule.xls,MECH,8,5,high,CRS,0
SPECIFICATION FOR EOT CRANE,6536-02-002-S1355-002-01,16-01-24-2602,1,MECH,Documents,Specifications,sahil schedule.xls,,5,5,high,CRS,0
SPECIFICATION FOR DISPOSAL WATER PUMPS,6536-02-002-S1358-001-01,16-01-24-2601,1,ROTARY,Documents,Specifications,sahil schedule.xls,,5,5,high,CRS,0
MECHANICAL DATASHEET FOR WATER DISPOSAL PUMPS,6536-02-002-S1358-002-01,16-01-27-2601,1,ROTARY,Documents,Datasheets,sahil schedule.xls,MECH,5,5,high,CRS,0
DATA SHEET FOR ELECTRONIC TRANSMITTERS,6536-02-002-S1373-001-01,16-01-40-2601,1,INST,Documents,Datasheets,sahil schedule.xls,,5,5,high,CRS,0
DATA SHEET FOR LEVEL TRANSMITTERS,6536-02-002-S1373-002-01,16-01-40-2603,1,INST,Documents,Datasheets,sahil schedule.xls,,5,5,high,CRS,0
SPECIFICATION FOR SHUTDOWN VALVES/ON OFF VALVES,6536-02-002-S1374-001-01,16-01-40-2605,1,INST,Documents,Specifications,sahil schedule.xls,,5,5,high,CRS,0
SPECIFICATION FOR CONTROL VALVES / SELF ACTING REGULATORS,6536-02-002-S1374-002-01,16-01-40-2606,1,INST,Documents,Specifications,sahil schedule.xls,,5,5,high,CRS,0
DATA SHEET FOR CONTROL VALVES & SELF ACTING REGULATORS,6536-02-002-S1374-003-01,16-01-40-2607,1,INST,Documents,Datasheets,sahil schedule.xls,,5,5,high,CRS,0
DATA SHEET FOR SHUTDOWN VALVES / ON/OFF VALVES,6536-02-002-S1374-004-01,16-01-40-2608,1,INST,Documents,Datasheets,sahil schedule.xls,,5,5,high,CRS,0
DATA SHEET FOR FIRE & GAS DETECTORS AND DEVICES,6536-02-002-S1379-001-01,16-01-40-2612,1,INST,Documents,Datasheets,sahil schedule.xls,HSE,5,5,high,CRS,0
TECHNICAL BID EVALUATION REPROT FOR DISPOSAL WATER PUMPS,6536-02-002-T1358-001-01,16-01-31-2602,1,ROTARY,Documents,Reports,sahil schedule.xls,,5,5,high,CRS,0
TBE FOR ELECTRONIC TRANSMITTERS,6536-02-002-T2173-001-01,16-01-52-2614,1,INST,Documents,Reports,sahil schedule.xls,,4,4,medium,CRS,0
TBE FOR SHUTDOWN VALVES / ON OFF VALVES,6536-02-002-T2174-001-01,16-01-52-2617,1,INST,Documents,Reports,sahil schedule.xls,,4,4,medium,CRS,0
TBE FOR CONTROL VALVES,6536-02-002-T2174-003-01,16-01-52-2619,1,INST,Documents,Reports,sahil schedule.xls,,4,4,medium,CRS,0
TBE FOR LEVEL TRANSMITTERS,6536-02-002-T2174-004-01,16-01-52-2624,1,INST,Documents,Reports,sahil schedule.xls,,4,4,medium,CRS,0
TBE FOR FIRE & GAS DETECTORS AND DEVICES,6536-02-002-T2179-001-01,16-01-52-2622,1,INST,Documents,Reports,sahil schedule.xls,HSE,4,4,medium,CRS,0
CALCULATION NOTES FOR MPFM FOUNDATION (U0605),6536-03-003-C1323-001-01,16-01-76-2620,1,CIVIL,Documents,Calculations,sahil schedule.xls,CIVIL,5,5,high,Drawings,4
CALCULATION NOTES FOR MODIFICATION WORKS STEEL STRUCTURE RACK W-E OIL SEPRATOR,6536-03-003-C1336-001-01,16-01-76-2630,1,CIVIL,Documents,Calculations,sahil schedule.xls,,5,5,high,Drawings,4
PROCESS FLOW DIAGRAM - MANIFOLD & PRODUCTION HEADER (NEW) - SAHIL CDS,6536-03-003-D1223-001-01,16-01-08-2602,1,PROC,Drawings,Drawings,sahil schedule.xls,PROC,8,4,medium,CRS,0
MATERIAL SELECTION DIAGRAM - MANIFOLDS & PRODUCTION HEADER (NEW) - SAHIL CDS,6536-03-003-D1223-002-01,16-01-38-2601,1,PROC,Drawings,Drawings,sahil schedule.xls,,9,5,high,CRS,0
DP-DT  DIAGRAM - MANIFOLDS & PRODUCTION HEADER (NEW) - SAHIL CDS,6536-03-003-D1223-003-01,16-01-11-2606,1,PROC,Drawings,Drawings,sahil schedule.xls,,4,4,medium,CRS,0
PIPING & INSTRUMENT DIAGRAM MULTI PHASE FLOW METER FT-0605 SAHIL CDS,6536-03-003-D1225-001-01,16-01-08-2624,3,PROC,Drawings,Drawings,sahil schedule.xls,INST,9,5,high,CRS,0
PIPING & INSTRUMENT DIAGRAM MULTIPHASE FLOWMETER FT-0604 SAHIL CDS,6536-03-003-D1225-002-01,16-01-08-2606,1,PROC,Drawings,Drawings,sahil schedule.xls,INST,9,5,high,CRS,0
PIPING & INSTRUMENT DIAGRAM V-0313 PRODUCTION HEADER SAHIL CDS,6536-03-003-D1225-003-01,16-01-08-2622,1,PROC,Drawings,Drawings,sahil schedule.xls,INST,9,5,high,CRS,0
PROCESS SAFEGUARDING DIAGRAM MANIFOLD & PRODUCTION HEADER (NEW) - SAHIL CDS,6536-03-003-D1226-001-01,16-01-11-2604,1,PROC,Drawings,Drawings,sahil schedule.xls,PROC,8,4,medium,CRS,0
FOUNDATION DETAILS FOR MPFM (U-0605) SKID,6536-03-003-D1323-001-01,16-01-76-2619,1,CIVIL,Drawings,Drawings,sahil schedule.xls,CIVIL,6,4,medium,CRS,0
MODIFICATION DETAILS STEEL STRUCTURE RACK W-E OIL SEPRATOR,6536-03-003-D1336-001-01,16-01-76-2629,1,CIVIL,Drawings,Drawings,sahil schedule.xls,,6,4,medium,CRS,0
PIPING LAYOUT FOR SLEEPER AREA,6536-03-003-D1364-001-01,16-01-13-2603,1,PIPNG,Drawings,Drawings,sahil schedule.xls,PIPNG,5,5,high,CRS,0
PIPING LAYOUT FOR CDS AREA,6536-03-003-D1364-002-01,16-01-13-2611,1,PIPNG,Drawings,Drawings,sahil schedule.xls,PIPNG,5,5,high,CRS,0
PIPING LAYOUT FOR CDS AREA,6536-03-003-D1364-003-01,16-01-13-2612,1,PIPNG,Drawings,Drawings,sahil schedule.xls,PIPNG,5,5,high,CRS,0
EXTERNAL LIGHTING LAYOUT MPFM  AREA-3 - SAHIL CDS,6536-03-003-D1383-001-01,16-01-59-2606,1,ELEC,Drawings,Drawings,sahil schedule.xls,,5,5,high,CRS,0
EARTHING LAYOUT MPFM AREA-3  SAHIL CDS,6536-03-003-D1384-001-01,16-01-59-2608,1,ELEC,Drawings,Drawings,sahil schedule.xls,ELEC,5,5,high,CRS,0
MSM INTER-CONNECTING STUDY REPORT,6536-03-003-M1228-001-01,16-99-91-2612,1,PROC,Documents,Reports,sahil schedule.xls,,8,5,high,CRS,0
MATERIAL REQUISITION FOR MULTIPHASE FLOW METER (MPFM),6536-03-003-R2177-001-01,16-01-52-2609,1,INST,Documents,Documents,sahil schedule.xls,,10,5,high,CRS,0
PROCESS DATA SHEET FOR MULTI-PHASE FLOW METER 16-01-FT-0605,6536-03-003-S1227-001-01,16-01-27-2603,1,PROC,Documents,Datasheets,sahil schedule.xls,,9,5,high,CRS,0
SPECIFICATION FOR MULTIPHASE FLOW METER (MPFM),6536-03-003-S1377-001-01,16-01-39-2604,1,INST,Documents,Specifications,sahil schedule.xls,,5,5,high,CRS,0
DATA SHEET FOR MULTIPHASE FLOW METER (MPFM),6536-03-003-S1377-002-01,16-01-40-2611,1,INST,Documents,Datasheets,sahil schedule.xls,,5,5,high,CRS,0
TBE FOR MULTIPHASE FLOW METER (MPFM),6536-03-003-T2177-001-01,16-01-52-2620,1,INST,Documents,Reports,sahil schedule.xls,,4,4,medium,CRS,0
PIPING & INSTRUMENT DIAGRAM SCALE INHIBITOR INJECTION PACKAGE SAHIL CDS,6536-04-004-D1225-001-01,16-01-08-2607,3,PROC,Drawings,Drawings,sahil schedule.xls,INST,9,5,high,CRS,0
PIPING & INSTRUMENT DIAGRAM NITROGEN DISTRIBUTION HEADER -  SAHIL CDS,6536-04-004-D1225-002-01,16-01-08-2615,3,PROC,Drawings,Drawings,sahil schedule.xls,INST,9,5,high,CRS,0
PIPING & INSTRUMENT DIAGRAM INSTRUMENT & PLANT AIR DISTRIBUTION HEADERS SAHIL CDS,6536-04-004-D1225-003-01,16-01-08-2616,4,PROC,Drawings,Drawings,sahil schedule.xls,INST,9,5,high,CRS,0
PIPING & INSTRUMENT DIAGRAM NITROGEN & PLANT AIR DISTRIBUTION SAHIL CDS,6536-04-004-D1225-004-01,16-01-08-2617,1,PROC,Drawings,Drawings,sahil schedule.xls,INST,9,5,high,CRS,0
PIPING & INSTRUMENT DIAGRAM POTABLE WATER SYSTEM -  SAHIL CDS,6536-04-004-D1225-005-01,16-01-08-2621,3,PROC,Drawings,Drawings,sahil schedule.xls,INST,9,5,high,CRS,0
PIPING & INSTRUMENT DIAGRAM INSTRUMENT AIR DISTRIBUTION SAHIL CDS,6536-04-004-D1225-006-01,16-01-08-2623,2,PROC,Drawings,Drawings,sahil schedule.xls,INST,9,5,high,CRS,0
PIPING & INSTRUMENT DIAGRAM MAKE-UP UNIT U-6001 SAHIL CDS,6536-04-004-D1225-007-01,16-01-08-2626,3,PROC,Drawings,Drawings,sahil schedule.xls,INST,9,5,high,CRS,0
OVERALL PLOT PLAN SAHIL CDS,6536-04-004-D1362-001-01,16-01-04-2601,1,PIPNG,Drawings,Drawings,sahil schedule.xls,PROJECTS,4,4,medium,Procedures_Plans,3
3D MODEL DESIGN AREA/MODEL INDEX DRAWING AREA-2 SAHIL CDS,6536-04-004-D1362-002-01,16-01-23-2657,1,PIPNG,Drawings,Drawings,sahil schedule.xls,,9,5,high,Lists_MTOs_BOMs,3
3D MODEL DESIGN AREA/MODEL INDEX DRAWING AREA-3 (MPFM) SAHIL CDS,6536-04-004-D1362-003-01,16-01-23-2658,1,PIPNG,Drawings,Drawings,sahil schedule.xls,,9,5,high,Lists_MTOs_BOMs,3
GENERAL ARRANGMENT PIPING SECTION F SAHIL CDS,6536-04-004-D1364-001-01,16-01-21-2601,1,PIPNG,Drawings,Drawings,sahil schedule.xls,PIPNG,4,4,medium,CRS,0
PIPING LAYOUT FOR NEW TANK AREA 16-01-T-2404,6536-04-004-D1364-003-01,16-01-13-2601,1,PIPNG,Drawings,Drawings,sahil schedule.xls,PIPNG,5,5,high,CRS,0
PIPING LAYOUT FOR CDS AREA,6536-04-004-D1364-004-01,16-01-13-2613,1,PIPNG,Drawings,Drawings,sahil schedule.xls,PIPNG,5,5,high,CRS,0
PIPING LAYOUT FOR EXISTING TANK SK-2401,6536-04-004-D1364-005-01,16-01-13-2614,1,PIPNG,Drawings,Drawings,sahil schedule.xls,PIPNG,5,5,high,CRS,0
PIPING LAYOUT FOR RECOVERED OIL COLLECTION VESSEL V-1102,6536-04-004-D1364-006-01,16-01-13-2615,1,PIPNG,Drawings,Drawings,sahil schedule.xls,MECH,5,5,high,CRS,0
PIPING LAYOUT FOR EXISTING PUMP P-2405/06,6536-04-004-D1364-007-01,16-01-13-2616,1,PIPNG,Drawings,Drawings,sahil schedule.xls,MECH,5,5,high,CRS,0
PIPING LAYOUT FOR CDS AREA,6536-04-004-D1364-008-01,16-01-13-2617,1,PIPNG,Drawings,Drawings,sahil schedule.xls,PIPNG,5,5,high,CRS,0
PIPING LAYOUT FOR CDS AREA,6536-04-004-D1364-009-01,16-01-13-2618,1,PIPNG,Drawings,Drawings,sahil schedule.xls,PIPNG,5,5,high,CRS,0
PIPING LAYOUT FOR MPFM AREA,6536-04-004-D1364-010-01,16-01-13-2619,1,PIPNG,Drawings,Drawings,sahil schedule.xls,PIPNG,5,5,high,CRS,0
PIPING LAYOUT FOR MPFM AREA,6536-04-004-D1364-011-01,16-01-13-2620,1,PIPNG,Drawings,Drawings,sahil schedule.xls,PIPNG,5,5,high,CRS,0
PIPING LAYOUT FOR MPFM AREA,6536-04-004-D1364-012-01,16-01-13-2621,1,PIPNG,Drawings,Drawings,sahil schedule.xls,PIPNG,5,5,high,CRS,0
PIPING LAYOUT FOR MPFM AREA,6536-04-004-D1364-013-01,16-01-13-2622,1,PIPNG,Drawings,Drawings,sahil schedule.xls,PIPNG,5,5,high,CRS,0
PIPING LAYOUT FOR MPFM PSV PLATFORM,6536-04-004-D1364-014-01,16-01-13-2623,1,PIPNG,Drawings,Drawings,sahil schedule.xls,PIPNG,5,5,high,CRS,0
GENERAL ARRANGEMENT SECTION Y SAHIL CDS,6536-04-004-D1364-015-01,16-01-21-2602,1,PIPNG,Drawings,Drawings,sahil schedule.xls,,9,5,high,CRS,0
30% MODEL REVIEW AND CLOSEOUT REPORT,6536-04-004-M11E4-001-01,16-99-90-2602,1,ENGG MGMT,Documents,Reports,sahil schedule.xls,,7,5,high,CRS,0
60% MODEL REVIEW AND CLOSEOUT REPORT,6536-04-004-M11E4-002-01,16-99-90-2603,1,ENGG MGMT,Documents,Reports,sahil schedule.xls,,7,5,high,CRS,0
90% MODEL REVIEW REPORT,6536-04-004-M11E4-003-01,16-99-90-2604,B,ENGG MGMT,Documents,Reports,sahil schedule.xls,,7,5,high,CRS,0
PROCESS AND UTILITIES DESCRIPTION,6536-04-004-M1222-001-01,16-99-91-2604,2,PROC,Documents,Reports,sahil schedule.xls,,3,3,medium,CRS,0
CHANGE OVER PHILOSOPHY,6536-04-004-M1222-002-01,16-99-91-2605,1,PROC,Documents,Procedures_Plans,sahil schedule.xls,,9,5,high,CRS,0
UTILITY AND CHEMICAL CONSUMPTION SUMMARY,6536-04-004-M1223-001-01,16-99-91-2627,1,PROC,Documents,Lists_MTOs_BOMs,sahil schedule.xls,,4,4,medium,CRS,0
FLUID LIST,6536-04-004-M1223-002-01,16-99-91-2613,2,PROC,Documents,Lists_MTOs_BOMs,sahil schedule.xls,,3,3,medium,CRS,0
PROCESS SAFEGUARDING MEMORANDUM,6536-04-004-M1226-001-01,16-99-91-2609,1,PROC,Drawings,Drawings,sahil schedule.xls,PROC,4,4,medium,CRS,0
"STARTUP,NORMAL AND EMERGENCY SHUTDOWN PROCEDURE",6536-04-004-M1283-001-01,16-99-90-2606,,PROC,Documents,Procedures_Plans,sahil schedule.xls,PROJECTS,5,5,high,CRS,0
PRECOMMISSIONING & COMMISSIONING PROCEDURE,6536-04-004-M1283-002-01,16-99-90-2607,,PROC,Documents,Procedures_Plans,sahil schedule.xls,PROJECTS,5,5,high,CRS,0
3D CAD MODELING PROCEDURE,6536-04-004-M1362-001-01,16-01-90-2601,1,PIPNG,Documents,Procedures_Plans,sahil schedule.xls,PROJECTS,5,5,high,CRS,0
3D MODEL REVIEW PROCEDURE,6536-04-004-M1362-002-01,16-01-90-2602,1,PIPNG,Documents,Procedures_Plans,sahil schedule.xls,PROJECTS,5,5,high,Reports,2
3D MODEL EXECUATION PHILOSOPHY,6536-04-004-M1362-009-01,16-01-90-2603,1,PIPNG,Documents,Procedures_Plans,sahil schedule.xls,,5,5,high,CRS,0
2D EXTRACTION PROCEDURE,6536-04-004-M1362-010-01,16-01-90-2604,1,PIPNG,Documents,Procedures_Plans,sahil schedule.xls,PROJECTS,5,5,high,CRS,0
TIE-IN SKETCHES,6536-04-004-M1362-011-01,16-01-23-2660,1,PIPNG,Documents,Lists_MTOs_BOMs,sahil schedule.xls,,4,4,medium,CRS,0
3D CLASH CHECK PROCEDURE,6536-04-004-M1362-012-01,16-01-90-2605,1,PIPNG,Documents,Procedures_Plans,sahil schedule.xls,PROJECTS,5,5,high,CRS,0
PROCESS AND UTILITIES DESIGN BASIS,6536-04-004-S1222-001-01,16-99-91-2603,2,PROC,Documents,Reports,sahil schedule.xls,,5,5,high,CRS,0
OPERATIONAL MANUAL,6536-04-004-S1283-001-01,16-99-90-2605,,PROC,Documents,Documents,sahil schedule.xls,,5,5,high,CRS,0
PIPING & INSTRUMENT DIAGRAM WATER DISPOSAL WELL SA-247 SAHIL CDS,6536-05-005-D1225-001-01,16-70-08-2602,2,PROC,Drawings,Drawings,sahil schedule.xls,INST,9,5,high,CRS,0
PIPING & INSTRUMENT DIAGRAM WATER DISPOSAL WELL SAHIL CDS,6536-05-005-D1225-002-01,16-70-08-2601,1,PROC,Drawings,Drawings,sahil schedule.xls,INST,9,5,high,CRS,0
TYPICAL DETAILS PIPE PROTECTION BARRIERS IN WELL (Sa247) AREA,6536-05-005-D1318-001-01,16-78-76-2605,,CIVIL,Drawings,Drawings,sahil schedule.xls,,4,2,low,CRS,0
"SITE LAYOUT  6"" GRE WATER DISPOSAL FLOWLINE FROM SAHIL CDS TO WATER DISPOSAL WELL (SA-247)",6536-05-005-D1363-001-01,16-78-13-2601,1,PIPNG,Drawings,Drawings,sahil schedule.xls,,5,5,high,CRS,0
"ALIGNMENT SHEET 6"" GRE PW PIPELINE FROM CDS TO WATER DISPOSAL WELL (SA-247)",6536-05-005-D1363-002-01,16-78-23-2605,1,PIPNG,Drawings,Drawings,sahil schedule.xls,,5,5,high,CRS,0
CONSTRUCTION DRAWINGS (TYP) ROAD & TRACK CROSSING DETAIL,6536-05-005-D1363-003-01,16-78-23-2606,1,PIPNG,Drawings,Drawings,sahil schedule.xls,,6,4,medium,CRS,0
CONSTRUCTION DRAWING (TYP) PIPELINE TRENCH DETAIL,6536-05-005-D1363-004-01,16-78-23-2607,1,PIPNG,Drawings,Drawings,sahil schedule.xls,,6,4,medium,CRS,0
CONSTRUCTION DRAWING (TYP) UNDERGROUND PIPE CROSSING DETAILS,6536-05-005-D1363-005-01,16-78-23-2610,1,PIPNG,Drawings,Drawings,sahil schedule.xls,,6,4,medium,CRS,0
CONSTRUCTION DRAWING (TYP) UNDERGROUND CABLE CROSSING DETAILS,6536-05-005-D1363-006-01,16-78-23-2611,1,PIPNG,Drawings,Drawings,sahil schedule.xls,,6,4,medium,CRS,0
CONSTRUCTION DRAWING (TYP) PIPELINE & CABLE IDENTIFICATION SLABS DETAILS,6536-05-005-D1363-007-01,16-78-23-2612,1,PIPNG,Drawings,Drawings,sahil schedule.xls,,6,4,medium,CRS,0
CONSTRUCTION DRAWING (TYP) PIPELINE MARKER & WARNING NOTICE DETAILS,6536-05-005-D1363-009-01,16-78-23-2614,1,PIPNG,Drawings,Drawings,sahil schedule.xls,,6,4,medium,CRS,0
CONSTRUCTION DRAWING (TYP) RIGHT OF WAY (R.O.W) FOR PIPELINE DETAILS,6536-05-005-D1363-010-01,16-78-23-2615,1,PIPNG,Drawings,Drawings,sahil schedule.xls,,6,4,medium,CRS,0
CONSTRUCTION DRAWINGS (TYP) CONCRETE BARRIER FOR ASPHALT ROAD DETAILS,6536-05-005-D1363-011-01,16-78-23-2616,1,PIPNG,Drawings,Drawings,sahil schedule.xls,,6,4,medium,CRS,0
PIPING LAYOUT WATER DISPOSAL WELL SA-247 - SAHIL,6536-05-005-D1364-001-01,16-70-13-2601,1,PIPNG,Drawings,Drawings,sahil schedule.xls,PIPNG,5,5,high,CRS,0
STANDARD DRAWINGS FOR PIPE SUPPORTS,6536-05-005-D1364-002-01,16-01-16-2601,1,PIPNG,Drawings,Drawings,sahil schedule.xls,,13,5,high,Specifications,3
STD DRAWING FOR REINFORCING PAD (45 DEGREE BRANCH PIPING),6536-05-005-D1364-003-01,16-01-16-2602,1,PIPNG,Drawings,Drawings,sahil schedule.xls,PIPNG,4,4,medium,CRS,0
STANDARD DRAWING FOR GRE FLANGE PROTECTOR,6536-05-005-D1364-004-01,16-01-16-2604,A,PIPNG,Drawings,Drawings,sahil schedule.xls,,9,5,high,Specifications,3
SPECIAL PIPE SUPPORT (BASE PLATE),6536-05-005-D1364-005-01,16-01-16-2603,1,PIPNG,Drawings,Drawings,sahil schedule.xls,,4,4,medium,CRS,0
PIPING ISOMETRICS FOR SAHIL CDS,6536-05-005-J1364-001-01,16-01-15-2601,12,PIPNG,Drawings,Isometrics,sahil schedule.xls,PIPNG,5,5,high,CRS,0
GRE  WALL THICKNESS CALCULATIONS,6536-05-005-M1364-001-01,16-78-23-2602,A,PIPNG,Documents,Calculations,sahil schedule.xls,,9,5,high,CRS,0
GRE PIPELINE CROSSING CALCULATIONS (AWWA M45 CALCULATIONS - YB),6536-05-005-M1364-002-01,16-78-23-2603,A,PIPNG,Documents,Calculations,sahil schedule.xls,,10,5,high,CRS,0
SPECIFICATION OF GRE PIPELINE & FITTINGS,6536-05-005-S1366-001-01,16-78-12-2601,1,PIPNG,Documents,Specifications,sahil schedule.xls,,5,5,high,CRS,0
GRE PIPELINE HYDRO-TEST SPECIFICATION / CONSTRUCTION SPECIFICATIONS,6536-05-005-S1366-002-01,16-78-23-2609,,PIPNG,Documents,Specifications,sahil schedule.xls,,10,5,high,CRS,0
TBE FOR GRE VENDOR FOR DESIGN EXECUTION AND MATERIAL SUPPLY,6536-05-005-T1360-001-01,16-78-23-2608,1,PIPNG,Documents,Reports,sahil schedule.xls,,4,4,medium,Procedures_Plans,3
